change_order_id,request_date,month,month_label,source_system,ecm_class,workflow_stage,cycle_time_days,queue_depth,first_pass_approval,approval_pending,documentation_error,fully_linked,link_count,linked_design,linked_manufacturing,linked_quality,linked_maintenance,part_number,assembly_id,responsible_team,affected_subsystem
ECN-001179,2025-06-16,6,Jun 2025,ERP,Cost-Driven,Quality Approval,10.43,3,True,False,False,True,4,True,True,True,True,PN-97643,ASM-3975,Electrical Systems,final drive assembly
ECN-000866,2025-05-16,5,May 2025,MMS,Customer-Requested,Quality Approval,10.21,5,True,False,True,True,4,True,True,True,True,PN-57973,ASM-8347,Electrical Systems,cooling fan clutch
ECN-000102,2025-01-22,1,Jan 2025,ERP,Cost-Driven,Manufacturing,16.08,4,True,False,True,True,4,True,True,True,True,PN-46160,ASM-4109,Powertrain Engineering,fuel injection system
ECN-000440,2025-03-28,3,Mar 2025,ECN Database,Performance-Related,Manufacturing,19.1,5,True,False,True,False,2,False,True,False,True,PN-78278,ASM-3001,Powertrain Engineering,alternator
ECN-000059,2025-01-09,1,Jan 2025,CAD,Safety-Critical,Final Release,17.53,4,True,True,False,True,4,True,True,True,True,PN-90728,ASM-9817,Electrical Systems,alternator
ECN-001121,2025-06-18,6,Jun 2025,MMS,Cost-Driven,Final Release,7.55,6,True,False,False,True,4,True,True,True,True,PN-39468,ASM-1296,Hydraulics Engineering,fuel injection system
ECN-000324,2025-02-21,2,Feb 2025,MMS,Safety-Critical,Quality Approval,17.25,9,True,False,False,False,2,False,False,True,True,PN-44229,ASM-5895,Manufacturing Engineering,cooling fan clutch
ECN-000975,2025-05-14,5,May 2025,Supplier Portal,Safety-Critical,Quality Approval,14.7,4,False,False,False,True,4,True,True,True,True,PN-75797,ASM-3540,Manufacturing Engineering,final drive assembly
ECN-000412,2025-03-06,3,Mar 2025,ECN Database,Safety-Critical,Final Release,20.69,3,False,False,False,False,2,True,False,False,True,PN-19965,ASM-3924,Regulatory Affairs,engine control module
ECN-000856,2025-05-14,5,May 2025,MMS,Performance-Related,Quality Approval,8.75,4,True,False,False,True,4,True,True,True,True,PN-30387,ASM-6638,Powertrain Engineering,engine control module
ECN-000821,2025-05-10,5,May 2025,ECN Database,Regulatory Compliance,Design Review,5.06,3,True,False,False,True,4,True,True,True,True,PN-98853,ASM-8756,Manufacturing Engineering,track undercarriage
ECN-000045,2025-01-18,1,Jan 2025,Supplier Portal,Customer-Requested,Manufacturing,19.37,4,False,False,False,True,4,True,True,True,True,PN-23970,ASM-7965,Quality Assurance,boom cylinder
ECN-000050,2025-01-18,1,Jan 2025,ECN Database,Safety-Critical,Quality Approval,28.02,6,True,False,False,False,1,False,False,True,False,PN-56105,ASM-5892,Structural Engineering,track undercarriage
ECN-000850,2025-05-10,5,May 2025,CAD,Customer-Requested,Quality Approval,8.97,4,False,True,True,True,4,True,True,True,True,PN-70693,ASM-8999,Electrical Systems,cooling fan clutch
ECN-000241,2025-02-06,2,Feb 2025,CAD,Cost-Driven,Manufacturing,32.88,6,True,False,True,True,4,True,True,True,True,PN-49356,ASM-1732,Manufacturing Engineering,cab HVAC unit
ECN-000171,2025-01-29,1,Jan 2025,ECN Database,Performance-Related,Final Release,25.78,2,True,False,True,True,4,True,True,True,True,PN-41552,ASM-4524,Electrical Systems,track undercarriage
ECN-000524,2025-03-01,3,Mar 2025,ECN Database,Performance-Related,Design Review,18.52,6,False,False,True,True,4,True,True,True,True,PN-26718,ASM-5819,Electrical Systems,exhaust aftertreatment system
ECN-000766,2025-04-16,4,Apr 2025,PLM,Performance-Related,Design Review,14.32,4,True,False,False,False,2,False,False,True,True,PN-32468,ASM-2709,Field Service,steering valve block
ECN-000839,2025-05-12,5,May 2025,CAD,Customer-Requested,Design Review,15.1,4,False,False,False,True,4,True,True,True,True,PN-26334,ASM-9707,Hydraulics Engineering,boom cylinder
ECN-000424,2025-03-21,3,Mar 2025,MMS,Regulatory Compliance,Manufacturing,12.11,4,True,True,False,True,4,True,True,True,True,PN-92742,ASM-7631,Manufacturing Engineering,steering valve block
ECN-000381,2025-02-03,2,Feb 2025,CAD,Cost-Driven,Manufacturing,26.43,6,True,True,False,True,4,True,True,True,True,PN-68373,ASM-6877,Structural Engineering,fuel injection system
ECN-000610,2025-04-08,4,Apr 2025,Supplier Portal,Performance-Related,Manufacturing,14.77,2,True,False,False,False,3,True,True,False,True,PN-55591,ASM-6770,Field Service,alternator
ECN-000677,2025-04-23,4,Apr 2025,MMS,Performance-Related,Quality Approval,12.26,1,True,False,False,True,4,True,True,True,True,PN-89174,ASM-5248,Quality Assurance,boom cylinder
ECN-000345,2025-02-17,2,Feb 2025,Supplier Portal,Regulatory Compliance,Quality Approval,18.97,8,False,True,False,True,4,True,True,True,True,PN-98857,ASM-9598,Manufacturing Engineering,cooling fan clutch
ECN-000110,2025-01-14,1,Jan 2025,ECN Database,Customer-Requested,Design Review,16.21,1,True,False,False,False,2,True,True,False,False,PN-66370,ASM-8398,Electrical Systems,engine control module
ECN-000278,2025-02-11,2,Feb 2025,PLM,Cost-Driven,Manufacturing,13.07,3,False,False,True,False,1,False,True,False,False,PN-81638,ASM-5016,Structural Engineering,exhaust aftertreatment system
ECN-000678,2025-04-26,4,Apr 2025,CAD,Cost-Driven,Manufacturing,16.17,6,False,True,False,True,4,True,True,True,True,PN-91067,ASM-6910,Structural Engineering,steering valve block
ECN-000571,2025-03-19,3,Mar 2025,MMS,Cost-Driven,Design Review,10.04,2,False,False,False,True,4,True,True,True,True,PN-82450,ASM-4763,Quality Assurance,exhaust aftertreatment system
ECN-000359,2025-02-16,2,Feb 2025,Supplier Portal,Cost-Driven,Manufacturing,32.23,3,False,True,False,True,4,True,True,True,True,PN-48086,ASM-6657,Supplier Quality,boom cylinder
ECN-000599,2025-03-20,3,Mar 2025,ECN Database,Performance-Related,Final Release,12.65,4,True,False,False,True,4,True,True,True,True,PN-95696,ASM-5713,Structural Engineering,steering valve block
ECN-000391,2025-02-21,2,Feb 2025,MMS,Safety-Critical,Design Review,14.81,6,False,False,False,True,4,True,True,True,True,PN-53283,ASM-2856,Supplier Quality,engine control module
ECN-000894,2025-05-10,5,May 2025,PLM,Cost-Driven,Final Release,6.82,5,True,False,False,True,4,True,True,True,True,PN-49257,ASM-8703,Quality Assurance,cab HVAC unit
ECN-000693,2025-04-14,4,Apr 2025,PLM,Cost-Driven,Quality Approval,16.26,6,True,False,False,True,4,True,True,True,True,PN-94815,ASM-6959,Hydraulics Engineering,cab HVAC unit
ECN-000728,2025-04-04,4,Apr 2025,MMS,Customer-Requested,Design Review,8.99,2,True,False,True,False,3,True,True,False,True,PN-56919,ASM-7336,Regulatory Affairs,fuel injection system
ECN-000363,2025-02-25,2,Feb 2025,Supplier Portal,Regulatory Compliance,Design Review,10.52,1,False,False,False,True,4,True,True,True,True,PN-64600,ASM-6122,Regulatory Affairs,hydraulic pump
ECN-000597,2025-03-18,3,Mar 2025,MMS,Cost-Driven,Quality Approval,26.64,4,True,False,False,True,4,True,True,True,True,PN-63668,ASM-5478,Hydraulics Engineering,track undercarriage
ECN-000428,2025-03-15,3,Mar 2025,ERP,Cost-Driven,Design Review,13.91,3,True,False,False,True,4,True,True,True,True,PN-79041,ASM-3795,Quality Assurance,cab HVAC unit
ECN-000071,2025-01-26,1,Jan 2025,ECN Database,Performance-Related,Manufacturing,16.72,4,False,False,False,True,4,True,True,True,True,PN-87832,ASM-8699,Regulatory Affairs,hydraulic pump
ECN-000322,2025-02-09,2,Feb 2025,ERP,Cost-Driven,Final Release,13.14,4,False,True,False,False,1,False,False,True,False,PN-50037,ASM-5511,Field Service,boom cylinder
ECN-000653,2025-04-01,4,Apr 2025,ECN Database,Customer-Requested,Final Release,8.97,4,True,False,False,True,4,True,True,True,True,PN-44099,ASM-3445,Regulatory Affairs,exhaust aftertreatment system
ECN-001066,2025-06-27,6,Jun 2025,ERP,Performance-Related,Manufacturing,7.71,5,True,False,False,True,4,True,True,True,True,PN-84270,ASM-4808,Structural Engineering,exhaust aftertreatment system
ECN-000108,2025-01-21,1,Jan 2025,Supplier Portal,Performance-Related,Design Review,12.82,2,True,False,True,True,4,True,True,True,True,PN-19632,ASM-2323,Structural Engineering,engine control module
ECN-001109,2025-06-12,6,Jun 2025,MMS,Customer-Requested,Manufacturing,7.7,4,True,False,False,True,4,True,True,True,True,PN-93115,ASM-2899,Regulatory Affairs,cooling fan clutch
ECN-000356,2025-02-20,2,Feb 2025,CAD,Cost-Driven,Design Review,7.79,7,True,False,True,False,0,False,False,False,False,PN-33226,ASM-3845,Structural Engineering,exhaust aftertreatment system
ECN-000951,2025-05-29,5,May 2025,MMS,Cost-Driven,Manufacturing,11.42,4,False,False,False,True,4,True,True,True,True,PN-32326,ASM-3257,Regulatory Affairs,fuel injection system
ECN-000343,2025-02-06,2,Feb 2025,Supplier Portal,Regulatory Compliance,Design Review,20.81,7,False,False,False,True,4,True,True,True,True,PN-95045,ASM-3732,Structural Engineering,alternator
ECN-000355,2025-02-18,2,Feb 2025,MMS,Cost-Driven,Quality Approval,28.73,4,True,True,False,True,4,True,True,True,True,PN-69950,ASM-9260,Hydraulics Engineering,hydraulic pump
ECN-000024,2025-01-19,1,Jan 2025,Supplier Portal,Customer-Requested,Manufacturing,18.21,5,False,True,False,True,4,True,True,True,True,PN-30635,ASM-1931,Electrical Systems,cab HVAC unit
ECN-000044,2025-01-16,1,Jan 2025,MMS,Performance-Related,Quality Approval,30.36,4,False,False,False,False,2,True,False,True,False,PN-19545,ASM-8461,Structural Engineering,boom cylinder
ECN-000244,2025-02-20,2,Feb 2025,Supplier Portal,Customer-Requested,Final Release,20.89,3,True,True,False,False,3,True,False,True,True,PN-61451,ASM-2871,Regulatory Affairs,fuel injection system
ECN-000738,2025-04-08,4,Apr 2025,Supplier Portal,Performance-Related,Design Review,8.55,4,True,True,False,False,0,False,False,False,False,PN-92075,ASM-8075,Field Service,hydraulic pump
ECN-001136,2025-06-12,6,Jun 2025,MMS,Customer-Requested,Design Review,13.58,4,True,False,True,True,4,True,True,True,True,PN-73020,ASM-1979,Powertrain Engineering,alternator
ECN-000368,2025-02-13,2,Feb 2025,CAD,Performance-Related,Design Review,5.99,3,False,False,False,False,3,False,True,True,True,PN-97679,ASM-6668,Powertrain Engineering,transmission control unit
ECN-000164,2025-01-09,1,Jan 2025,ERP,Safety-Critical,Design Review,12.86,7,True,False,False,True,4,True,True,True,True,PN-78012,ASM-5653,Supplier Quality,fuel injection system
ECN-001116,2025-06-13,6,Jun 2025,Supplier Portal,Customer-Requested,Final Release,9.33,5,True,False,False,True,4,True,True,True,True,PN-58863,ASM-1627,Hydraulics Engineering,hydraulic pump
ECN-000333,2025-02-14,2,Feb 2025,ECN Database,Cost-Driven,Design Review,12.3,5,False,True,False,True,4,True,True,True,True,PN-87158,ASM-6015,Regulatory Affairs,engine control module
ECN-000989,2025-05-01,5,May 2025,CAD,Customer-Requested,Final Release,7.95,3,True,False,False,True,4,True,True,True,True,PN-61273,ASM-7321,Manufacturing Engineering,cab HVAC unit
ECN-001173,2025-06-30,6,Jun 2025,Supplier Portal,Cost-Driven,Design Review,8.38,4,True,False,False,True,4,True,True,True,True,PN-36035,ASM-4369,Structural Engineering,cab HVAC unit
ECN-001002,2025-06-10,6,Jun 2025,PLM,Customer-Requested,Quality Approval,9.41,3,True,False,False,True,4,True,True,True,True,PN-88838,ASM-9856,Supplier Quality,cab HVAC unit
ECN-000378,2025-02-16,2,Feb 2025,CAD,Performance-Related,Design Review,13.41,6,False,False,False,True,4,True,True,True,True,PN-94498,ASM-2198,Electrical Systems,hydraulic pump
ECN-000310,2025-02-22,2,Feb 2025,MMS,Cost-Driven,Design Review,14.04,6,False,False,False,False,2,True,True,False,False,PN-32659,ASM-3738,Hydraulics Engineering,final drive assembly
ECN-000156,2025-01-11,1,Jan 2025,ECN Database,Cost-Driven,Manufacturing,12.95,6,True,True,True,True,4,True,True,True,True,PN-58760,ASM-8273,Structural Engineering,final drive assembly
ECN-000211,2025-02-01,2,Feb 2025,ERP,Safety-Critical,Manufacturing,25.57,4,True,False,False,True,4,True,True,True,True,PN-34662,ASM-4555,Powertrain Engineering,exhaust aftertreatment system
ECN-000087,2025-01-15,1,Jan 2025,ERP,Cost-Driven,Quality Approval,7.77,8,False,False,True,True,4,True,True,True,True,PN-92727,ASM-5708,Hydraulics Engineering,hydraulic pump
ECN-000169,2025-01-30,1,Jan 2025,Supplier Portal,Performance-Related,Manufacturing,11.06,5,True,True,False,True,4,True,True,True,True,PN-26059,ASM-5382,Supplier Quality,fuel injection system
ECN-000995,2025-05-04,5,May 2025,ERP,Safety-Critical,Final Release,9.46,1,True,False,False,True,4,True,True,True,True,PN-97197,ASM-2740,Supplier Quality,final drive assembly
ECN-000052,2025-01-02,1,Jan 2025,CAD,Safety-Critical,Final Release,8.24,2,True,True,True,True,4,True,True,True,True,PN-61645,ASM-1444,Electrical Systems,exhaust aftertreatment system
ECN-000439,2025-03-06,3,Mar 2025,ECN Database,Cost-Driven,Manufacturing,18.1,7,True,False,True,False,3,True,False,True,True,PN-97294,ASM-4415,Hydraulics Engineering,alternator
ECN-000550,2025-03-14,3,Mar 2025,MMS,Regulatory Compliance,Final Release,12.27,4,False,False,False,False,1,True,False,False,False,PN-85319,ASM-1060,Manufacturing Engineering,alternator
ECN-000491,2025-03-29,3,Mar 2025,MMS,Safety-Critical,Final Release,6.35,3,True,False,True,False,2,False,True,True,False,PN-43175,ASM-1200,Powertrain Engineering,boom cylinder
ECN-000426,2025-03-25,3,Mar 2025,PLM,Performance-Related,Manufacturing,12.59,8,True,True,False,True,4,True,True,True,True,PN-37600,ASM-3734,Field Service,steering valve block
ECN-000136,2025-01-10,1,Jan 2025,ECN Database,Safety-Critical,Design Review,19.02,5,False,False,False,False,2,False,True,False,True,PN-63852,ASM-6968,Structural Engineering,alternator
ECN-001192,2025-06-12,6,Jun 2025,ERP,Customer-Requested,Final Release,6.73,3,True,False,True,True,4,True,True,True,True,PN-57534,ASM-9838,Powertrain Engineering,transmission control unit
ECN-000055,2025-01-20,1,Jan 2025,Supplier Portal,Cost-Driven,Manufacturing,12.48,2,True,False,False,False,2,False,True,True,False,PN-91439,ASM-3496,Supplier Quality,boom cylinder
ECN-000079,2025-01-31,1,Jan 2025,PLM,Cost-Driven,Manufacturing,12.74,4,True,False,True,False,2,True,True,False,False,PN-50730,ASM-1224,Supplier Quality,exhaust aftertreatment system
ECN-000431,2025-03-01,3,Mar 2025,MMS,Customer-Requested,Manufacturing,15.18,4,False,True,True,False,2,False,True,False,True,PN-71498,ASM-9767,Manufacturing Engineering,final drive assembly
ECN-000185,2025-01-02,1,Jan 2025,ECN Database,Cost-Driven,Quality Approval,21.81,7,False,False,True,False,3,True,True,False,True,PN-45601,ASM-3249,Field Service,transmission control unit
ECN-000057,2025-01-03,1,Jan 2025,Supplier Portal,Regulatory Compliance,Design Review,20.04,3,True,True,False,False,3,True,True,True,False,PN-49529,ASM-2983,Supplier Quality,alternator
ECN-000943,2025-05-18,5,May 2025,PLM,Performance-Related,Manufacturing,8.09,2,True,True,False,True,4,True,True,True,True,PN-51758,ASM-1178,Hydraulics Engineering,fuel injection system
ECN-000851,2025-05-14,5,May 2025,PLM,Customer-Requested,Final Release,11.01,2,False,False,False,True,4,True,True,True,True,PN-34400,ASM-7587,Powertrain Engineering,engine control module
ECN-001164,2025-06-05,6,Jun 2025,PLM,Customer-Requested,Final Release,11.73,4,True,False,False,True,4,True,True,True,True,PN-53648,ASM-4260,Structural Engineering,boom cylinder
ECN-000219,2025-02-09,2,Feb 2025,CAD,Performance-Related,Design Review,16.38,4,True,False,False,True,4,True,True,True,True,PN-33496,ASM-2753,Electrical Systems,hydraulic pump
ECN-000845,2025-05-19,5,May 2025,PLM,Cost-Driven,Final Release,14.22,2,True,False,False,False,1,False,True,False,False,PN-93188,ASM-2302,Manufacturing Engineering,track undercarriage
ECN-000114,2025-01-28,1,Jan 2025,Supplier Portal,Cost-Driven,Final Release,12.29,3,False,False,False,False,2,False,False,True,True,PN-55890,ASM-7022,Supplier Quality,cab HVAC unit
ECN-000549,2025-03-09,3,Mar 2025,ERP,Safety-Critical,Final Release,10.45,0,False,False,False,True,4,True,True,True,True,PN-75234,ASM-3438,Structural Engineering,cooling fan clutch
ECN-001019,2025-06-09,6,Jun 2025,ECN Database,Customer-Requested,Design Review,11.28,4,True,False,False,True,4,True,True,True,True,PN-81146,ASM-5846,Hydraulics Engineering,cooling fan clutch
ECN-001073,2025-06-24,6,Jun 2025,CAD,Cost-Driven,Final Release,5.62,5,True,False,False,True,4,True,True,True,True,PN-71432,ASM-3563,Powertrain Engineering,engine control module
ECN-000175,2025-01-05,1,Jan 2025,CAD,Safety-Critical,Design Review,10.84,1,True,False,False,True,4,True,True,True,True,PN-15276,ASM-1742,Regulatory Affairs,transmission control unit
ECN-001023,2025-06-17,6,Jun 2025,MMS,Cost-Driven,Quality Approval,13.51,3,True,False,True,True,4,True,True,True,True,PN-17970,ASM-5244,Electrical Systems,hydraulic pump
ECN-000616,2025-04-04,4,Apr 2025,ERP,Performance-Related,Manufacturing,7.14,6,False,True,False,True,4,True,True,True,True,PN-98092,ASM-2723,Powertrain Engineering,final drive assembly
ECN-000514,2025-03-08,3,Mar 2025,ERP,Cost-Driven,Manufacturing,31.9,5,True,False,True,True,4,True,True,True,True,PN-69714,ASM-6085,Structural Engineering,engine control module
ECN-000462,2025-03-15,3,Mar 2025,Supplier Portal,Regulatory Compliance,Final Release,10.44,4,True,False,False,True,4,True,True,True,True,PN-17094,ASM-5993,Powertrain Engineering,boom cylinder
ECN-000287,2025-02-02,2,Feb 2025,MMS,Cost-Driven,Final Release,14.93,3,False,False,True,True,4,True,True,True,True,PN-86823,ASM-5240,Hydraulics Engineering,fuel injection system
ECN-000382,2025-02-07,2,Feb 2025,PLM,Regulatory Compliance,Quality Approval,18.48,4,True,False,True,False,2,True,False,True,False,PN-44502,ASM-2252,Electrical Systems,final drive assembly
ECN-001008,2025-06-14,6,Jun 2025,PLM,Cost-Driven,Design Review,14.19,2,False,True,False,True,4,True,True,True,True,PN-67403,ASM-2933,Quality Assurance,transmission control unit
ECN-000671,2025-04-06,4,Apr 2025,MMS,Customer-Requested,Manufacturing,11.51,4,True,False,False,False,2,True,False,False,True,PN-45190,ASM-7931,Regulatory Affairs,cab HVAC unit
ECN-000535,2025-03-16,3,Mar 2025,ERP,Safety-Critical,Manufacturing,18.61,7,True,False,False,True,4,True,True,True,True,PN-29809,ASM-8317,Quality Assurance,exhaust aftertreatment system
ECN-000910,2025-05-03,5,May 2025,ERP,Cost-Driven,Final Release,19.98,3,True,False,False,True,4,True,True,True,True,PN-71063,ASM-8675,Hydraulics Engineering,cab HVAC unit
ECN-000293,2025-02-18,2,Feb 2025,CAD,Safety-Critical,Manufacturing,17.4,4,True,False,False,True,4,True,True,True,True,PN-51681,ASM-6878,Supplier Quality,final drive assembly
ECN-000124,2025-01-08,1,Jan 2025,PLM,Regulatory Compliance,Final Release,9.02,1,True,False,False,False,3,True,False,True,True,PN-35415,ASM-6724,Electrical Systems,engine control module
ECN-000583,2025-03-10,3,Mar 2025,ERP,Cost-Driven,Manufacturing,21.35,6,False,True,False,False,1,True,False,False,False,PN-99443,ASM-9870,Field Service,hydraulic pump
ECN-000141,2025-01-11,1,Jan 2025,PLM,Regulatory Compliance,Manufacturing,18.39,3,False,False,False,False,2,False,True,False,True,PN-75799,ASM-7126,Powertrain Engineering,track undercarriage
ECN-000736,2025-04-17,4,Apr 2025,ERP,Customer-Requested,Design Review,21.38,3,True,False,False,True,4,True,True,True,True,PN-24134,ASM-8759,Field Service,fuel injection system
ECN-000082,2025-01-23,1,Jan 2025,ERP,Regulatory Compliance,Final Release,14.44,3,True,False,False,False,2,False,False,True,True,PN-55236,ASM-6446,Electrical Systems,cab HVAC unit
ECN-000882,2025-05-22,5,May 2025,ECN Database,Safety-Critical,Manufacturing,8.72,5,False,True,False,True,4,True,True,True,True,PN-28590,ASM-1019,Electrical Systems,engine control module
ECN-000740,2025-04-24,4,Apr 2025,Supplier Portal,Cost-Driven,Manufacturing,15.11,4,False,True,False,True,4,True,True,True,True,PN-53017,ASM-4153,Structural Engineering,hydraulic pump
ECN-001102,2025-06-13,6,Jun 2025,ERP,Customer-Requested,Manufacturing,6.4,3,True,False,False,True,4,True,True,True,True,PN-97613,ASM-7165,Supplier Quality,alternator
ECN-000909,2025-05-08,5,May 2025,MMS,Performance-Related,Manufacturing,7.31,1,False,False,False,True,4,True,True,True,True,PN-30258,ASM-2725,Electrical Systems,alternator
ECN-001167,2025-06-25,6,Jun 2025,PLM,Regulatory Compliance,Final Release,5.54,1,True,False,False,True,4,True,True,True,True,PN-30738,ASM-9413,Hydraulics Engineering,transmission control unit
ECN-000937,2025-05-23,5,May 2025,Supplier Portal,Cost-Driven,Quality Approval,15.29,7,True,False,False,True,4,True,True,True,True,PN-52931,ASM-3270,Supplier Quality,engine control module
ECN-000372,2025-02-09,2,Feb 2025,MMS,Safety-Critical,Design Review,8.71,3,False,False,False,True,4,True,True,True,True,PN-70191,ASM-6434,Quality Assurance,alternator
ECN-000890,2025-05-02,5,May 2025,CAD,Cost-Driven,Manufacturing,7.14,11,True,False,False,True,4,True,True,True,True,PN-36644,ASM-1281,Manufacturing Engineering,boom cylinder
ECN-000157,2025-01-09,1,Jan 2025,CAD,Performance-Related,Manufacturing,21.57,6,True,True,False,True,4,True,True,True,True,PN-13396,ASM-4048,Supplier Quality,cooling fan clutch
ECN-000992,2025-05-11,5,May 2025,MMS,Regulatory Compliance,Manufacturing,19.81,4,True,False,False,True,4,True,True,True,True,PN-18226,ASM-3858,Regulatory Affairs,transmission control unit
ECN-000622,2025-04-18,4,Apr 2025,PLM,Cost-Driven,Manufacturing,4.37,6,True,False,False,True,4,True,True,True,True,PN-74258,ASM-9270,Field Service,boom cylinder
ECN-001038,2025-06-10,6,Jun 2025,CAD,Cost-Driven,Final Release,6.15,6,True,False,False,True,4,True,True,True,True,PN-87080,ASM-5576,Quality Assurance,cab HVAC unit
ECN-000245,2025-02-13,2,Feb 2025,MMS,Cost-Driven,Design Review,36.98,1,True,False,False,True,4,True,True,True,True,PN-25448,ASM-4908,Quality Assurance,engine control module
ECN-000159,2025-01-26,1,Jan 2025,CAD,Cost-Driven,Final Release,8.05,5,True,True,False,True,4,True,True,True,True,PN-21506,ASM-6236,Quality Assurance,cab HVAC unit
ECN-000746,2025-04-10,4,Apr 2025,MMS,Customer-Requested,Design Review,18.29,3,True,False,False,True,4,True,True,True,True,PN-59271,ASM-4363,Structural Engineering,boom cylinder
ECN-000193,2025-01-23,1,Jan 2025,PLM,Safety-Critical,Design Review,22.79,7,False,False,True,True,4,True,True,True,True,PN-18142,ASM-2936,Manufacturing Engineering,steering valve block
ECN-000534,2025-03-24,3,Mar 2025,PLM,Safety-Critical,Quality Approval,23.2,5,False,False,False,True,4,True,True,True,True,PN-13578,ASM-5699,Field Service,hydraulic pump
ECN-000904,2025-05-26,5,May 2025,PLM,Cost-Driven,Design Review,16.23,6,True,True,False,True,4,True,True,True,True,PN-37370,ASM-2228,Regulatory Affairs,hydraulic pump
ECN-001004,2025-06-08,6,Jun 2025,MMS,Customer-Requested,Manufacturing,15.29,4,True,True,False,True,4,True,True,True,True,PN-54308,ASM-7904,Powertrain Engineering,cooling fan clutch
ECN-001070,2025-06-26,6,Jun 2025,Supplier Portal,Cost-Driven,Final Release,9.37,5,True,False,False,True,4,True,True,True,True,PN-48564,ASM-5441,Hydraulics Engineering,cooling fan clutch
ECN-000414,2025-03-20,3,Mar 2025,CAD,Cost-Driven,Final Release,9.81,4,True,False,False,True,4,True,True,True,True,PN-90455,ASM-1108,Hydraulics Engineering,engine control module
ECN-001187,2025-06-24,6,Jun 2025,CAD,Customer-Requested,Final Release,14.06,7,True,False,False,True,4,True,True,True,True,PN-73016,ASM-8927,Powertrain Engineering,fuel injection system
ECN-000328,2025-02-17,2,Feb 2025,CAD,Regulatory Compliance,Final Release,19.91,3,True,False,False,False,1,False,True,False,False,PN-86062,ASM-2166,Powertrain Engineering,cab HVAC unit
ECN-000129,2025-01-17,1,Jan 2025,Supplier Portal,Safety-Critical,Final Release,8.81,4,True,False,False,True,4,True,True,True,True,PN-94689,ASM-3827,Hydraulics Engineering,fuel injection system
ECN-000695,2025-04-05,4,Apr 2025,PLM,Cost-Driven,Final Release,9.92,4,True,False,False,False,2,True,False,True,False,PN-63648,ASM-8516,Regulatory Affairs,final drive assembly
ECN-000631,2025-04-07,4,Apr 2025,CAD,Cost-Driven,Final Release,6.49,4,True,False,False,False,1,False,False,True,False,PN-36444,ASM-9142,Manufacturing Engineering,cooling fan clutch
ECN-000275,2025-02-09,2,Feb 2025,PLM,Safety-Critical,Quality Approval,26.1,2,True,True,True,True,4,True,True,True,True,PN-82465,ASM-7870,Quality Assurance,final drive assembly
ECN-001148,2025-06-17,6,Jun 2025,CAD,Performance-Related,Manufacturing,10.11,6,False,False,False,True,4,True,True,True,True,PN-33256,ASM-1659,Supplier Quality,boom cylinder
ECN-000309,2025-02-22,2,Feb 2025,Supplier Portal,Cost-Driven,Final Release,16.72,4,True,False,False,False,2,True,False,False,True,PN-61747,ASM-1568,Field Service,cab HVAC unit
ECN-000234,2025-02-23,2,Feb 2025,MMS,Regulatory Compliance,Quality Approval,11.17,5,True,True,False,False,1,False,True,False,False,PN-67469,ASM-5773,Structural Engineering,hydraulic pump
ECN-001048,2025-06-01,6,Jun 2025,MMS,Cost-Driven,Final Release,10.54,4,False,False,False,True,4,True,True,True,True,PN-27274,ASM-4253,Structural Engineering,alternator
ECN-000623,2025-04-06,4,Apr 2025,Supplier Portal,Safety-Critical,Manufacturing,9.62,4,True,False,False,True,4,True,True,True,True,PN-60283,ASM-8374,Regulatory Affairs,hydraulic pump
ECN-000644,2025-04-09,4,Apr 2025,Supplier Portal,Safety-Critical,Manufacturing,13.55,5,True,False,False,True,4,True,True,True,True,PN-12762,ASM-1570,Manufacturing Engineering,alternator
ECN-000479,2025-03-20,3,Mar 2025,ERP,Performance-Related,Design Review,20.25,0,True,False,False,False,1,False,False,True,False,PN-29917,ASM-4079,Structural Engineering,cooling fan clutch
ECN-000472,2025-03-23,3,Mar 2025,PLM,Safety-Critical,Quality Approval,25.73,5,False,False,False,True,4,True,True,True,True,PN-12500,ASM-5792,Manufacturing Engineering,cooling fan clutch
ECN-000926,2025-05-22,5,May 2025,ERP,Cost-Driven,Manufacturing,17.1,2,True,False,False,True,4,True,True,True,True,PN-45076,ASM-5333,Electrical Systems,boom cylinder
ECN-001098,2025-06-17,6,Jun 2025,ERP,Performance-Related,Design Review,16.73,7,True,False,False,True,4,True,True,True,True,PN-65179,ASM-7977,Electrical Systems,boom cylinder
ECN-000627,2025-04-22,4,Apr 2025,ERP,Regulatory Compliance,Quality Approval,17.74,2,True,False,False,True,4,True,True,True,True,PN-59882,ASM-2594,Powertrain Engineering,fuel injection system
ECN-000395,2025-02-05,2,Feb 2025,PLM,Cost-Driven,Design Review,6.61,2,True,False,False,False,1,False,True,False,False,PN-99861,ASM-6614,Field Service,transmission control unit
ECN-000637,2025-04-14,4,Apr 2025,ECN Database,Cost-Driven,Quality Approval,8.36,7,True,False,False,True,4,True,True,True,True,PN-43612,ASM-4868,Field Service,cooling fan clutch
ECN-000768,2025-04-06,4,Apr 2025,Supplier Portal,Performance-Related,Quality Approval,13.51,5,True,False,False,True,4,True,True,True,True,PN-64842,ASM-8835,Quality Assurance,engine control module
ECN-000533,2025-03-06,3,Mar 2025,Supplier Portal,Regulatory Compliance,Manufacturing,25.08,3,True,False,False,True,4,True,True,True,True,PN-48616,ASM-5738,Regulatory Affairs,fuel injection system
ECN-000718,2025-04-13,4,Apr 2025,PLM,Performance-Related,Final Release,6.38,4,True,False,True,True,4,True,True,True,True,PN-49062,ASM-7388,Powertrain Engineering,final drive assembly
ECN-000667,2025-04-05,4,Apr 2025,ERP,Regulatory Compliance,Design Review,9.36,7,True,False,False,True,4,True,True,True,True,PN-15747,ASM-8423,Powertrain Engineering,cooling fan clutch
ECN-000598,2025-03-09,3,Mar 2025,CAD,Cost-Driven,Manufacturing,25.12,2,True,False,False,True,4,True,True,True,True,PN-49834,ASM-9095,Field Service,hydraulic pump
ECN-000482,2025-03-24,3,Mar 2025,CAD,Cost-Driven,Final Release,21.24,3,False,False,False,True,4,True,True,True,True,PN-69971,ASM-5043,Structural Engineering,exhaust aftertreatment system
ECN-001103,2025-06-03,6,Jun 2025,CAD,Performance-Related,Quality Approval,5.74,2,True,False,False,True,4,True,True,True,True,PN-52875,ASM-5639,Quality Assurance,fuel injection system
ECN-000315,2025-02-25,2,Feb 2025,CAD,Performance-Related,Design Review,19.0,2,False,True,True,True,4,True,True,True,True,PN-12651,ASM-6535,Field Service,cab HVAC unit
ECN-000729,2025-04-26,4,Apr 2025,ECN Database,Cost-Driven,Final Release,7.3,3,False,False,False,True,4,True,True,True,True,PN-11227,ASM-4629,Supplier Quality,fuel injection system
ECN-000210,2025-02-22,2,Feb 2025,Supplier Portal,Safety-Critical,Manufacturing,23.97,2,True,False,False,True,4,True,True,True,True,PN-58637,ASM-2514,Hydraulics Engineering,steering valve block
ECN-000934,2025-05-07,5,May 2025,ECN Database,Performance-Related,Manufacturing,8.74,5,True,False,False,True,4,True,True,True,True,PN-61222,ASM-2649,Manufacturing Engineering,cab HVAC unit
ECN-000434,2025-03-16,3,Mar 2025,ERP,Performance-Related,Design Review,6.1,5,True,False,False,False,2,False,True,True,False,PN-64120,ASM-4080,Electrical Systems,alternator
ECN-000329,2025-02-05,2,Feb 2025,CAD,Regulatory Compliance,Manufacturing,27.07,5,False,True,False,True,4,True,True,True,True,PN-28004,ASM-4281,Powertrain Engineering,track undercarriage
ECN-000261,2025-02-13,2,Feb 2025,ERP,Performance-Related,Quality Approval,13.38,6,True,False,False,True,4,True,True,True,True,PN-65353,ASM-3165,Manufacturing Engineering,alternator
ECN-001117,2025-06-24,6,Jun 2025,ECN Database,Performance-Related,Quality Approval,13.81,1,True,False,True,True,4,True,True,True,True,PN-93458,ASM-5947,Hydraulics Engineering,alternator
ECN-000307,2025-02-22,2,Feb 2025,CAD,Cost-Driven,Final Release,9.76,1,False,True,False,True,4,True,True,True,True,PN-45200,ASM-2009,Field Service,cab HVAC unit
ECN-001067,2025-06-11,6,Jun 2025,MMS,Performance-Related,Quality Approval,10.39,6,True,False,False,True,4,True,True,True,True,PN-88476,ASM-7660,Manufacturing Engineering,hydraulic pump
ECN-000928,2025-05-27,5,May 2025,PLM,Customer-Requested,Quality Approval,12.15,5,True,False,False,True,4,True,True,True,True,PN-32336,ASM-8045,Manufacturing Engineering,exhaust aftertreatment system
ECN-001025,2025-06-16,6,Jun 2025,CAD,Customer-Requested,Quality Approval,8.61,7,True,True,False,True,4,True,True,True,True,PN-13236,ASM-6350,Field Service,track undercarriage
ECN-000271,2025-02-06,2,Feb 2025,CAD,Customer-Requested,Quality Approval,29.8,3,True,True,False,False,2,True,True,False,False,PN-31473,ASM-9133,Quality Assurance,alternator
ECN-000291,2025-02-02,2,Feb 2025,MMS,Cost-Driven,Manufacturing,12.56,3,True,True,False,True,4,True,True,True,True,PN-75849,ASM-6269,Manufacturing Engineering,cab HVAC unit
ECN-000813,2025-05-28,5,May 2025,ERP,Customer-Requested,Manufacturing,19.59,5,True,False,False,True,4,True,True,True,True,PN-43767,ASM-8803,Field Service,track undercarriage
ECN-000097,2025-01-15,1,Jan 2025,CAD,Performance-Related,Design Review,25.64,1,True,False,False,False,1,False,False,True,False,PN-83048,ASM-6992,Supplier Quality,final drive assembly
ECN-000888,2025-05-18,5,May 2025,ERP,Safety-Critical,Manufacturing,6.55,1,True,True,False,False,0,False,False,False,False,PN-60224,ASM-7859,Quality Assurance,fuel injection system
ECN-000819,2025-05-02,5,May 2025,CAD,Safety-Critical,Quality Approval,14.89,4,True,True,False,True,4,True,True,True,True,PN-45841,ASM-8836,Electrical Systems,cooling fan clutch
ECN-000032,2025-01-29,1,Jan 2025,CAD,Customer-Requested,Manufacturing,18.43,4,True,False,False,True,4,True,True,True,True,PN-15482,ASM-6050,Regulatory Affairs,final drive assembly
ECN-000763,2025-04-10,4,Apr 2025,CAD,Cost-Driven,Design Review,5.46,0,True,False,False,False,1,False,False,True,False,PN-64938,ASM-7974,Manufacturing Engineering,fuel injection system
ECN-000954,2025-05-23,5,May 2025,MMS,Cost-Driven,Design Review,5.5,1,True,False,False,True,4,True,True,True,True,PN-60470,ASM-4078,Supplier Quality,steering valve block
ECN-000320,2025-02-09,2,Feb 2025,ECN Database,Cost-Driven,Design Review,11.7,2,True,True,False,True,4,True,True,True,True,PN-43903,ASM-2480,Manufacturing Engineering,fuel injection system
ECN-000299,2025-02-08,2,Feb 2025,ECN Database,Customer-Requested,Quality Approval,26.16,6,True,False,False,False,2,True,False,False,True,PN-28434,ASM-6425,Hydraulics Engineering,exhaust aftertreatment system
ECN-000200,2025-01-12,1,Jan 2025,MMS,Performance-Related,Manufacturing,14.44,3,True,False,False,True,4,True,True,True,True,PN-63591,ASM-3948,Powertrain Engineering,cab HVAC unit
ECN-000561,2025-03-29,3,Mar 2025,CAD,Cost-Driven,Final Release,13.97,4,True,False,False,True,4,True,True,True,True,PN-10832,ASM-1118,Structural Engineering,hydraulic pump
ECN-000179,2025-01-07,1,Jan 2025,PLM,Customer-Requested,Final Release,7.46,3,True,True,False,True,4,True,True,True,True,PN-78712,ASM-7229,Structural Engineering,hydraulic pump
ECN-001132,2025-06-29,6,Jun 2025,PLM,Cost-Driven,Final Release,17.85,2,True,False,False,True,4,True,True,True,True,PN-32965,ASM-8736,Manufacturing Engineering,cab HVAC unit
ECN-000089,2025-01-16,1,Jan 2025,Supplier Portal,Safety-Critical,Final Release,9.7,1,True,False,False,False,2,True,True,False,False,PN-32946,ASM-2293,Quality Assurance,exhaust aftertreatment system
ECN-000788,2025-04-08,4,Apr 2025,ECN Database,Performance-Related,Final Release,33.52,4,False,False,True,False,1,False,False,True,False,PN-51620,ASM-1648,Quality Assurance,fuel injection system
ECN-000725,2025-04-20,4,Apr 2025,CAD,Customer-Requested,Quality Approval,17.23,6,False,False,True,False,3,True,True,True,False,PN-69338,ASM-5473,Manufacturing Engineering,fuel injection system
ECN-000827,2025-05-04,5,May 2025,PLM,Regulatory Compliance,Design Review,9.94,6,True,False,True,True,4,True,True,True,True,PN-95237,ASM-7260,Hydraulics Engineering,track undercarriage
ECN-000209,2025-02-07,2,Feb 2025,CAD,Performance-Related,Quality Approval,14.42,11,True,True,False,False,1,False,False,True,False,PN-83713,ASM-7761,Structural Engineering,final drive assembly
ECN-001040,2025-06-25,6,Jun 2025,PLM,Performance-Related,Final Release,3.34,4,True,False,True,True,4,True,True,True,True,PN-55527,ASM-5666,Manufacturing Engineering,exhaust aftertreatment system
ECN-000297,2025-02-05,2,Feb 2025,ERP,Cost-Driven,Quality Approval,10.54,5,True,False,False,True,4,True,True,True,True,PN-56769,ASM-4657,Electrical Systems,final drive assembly
ECN-000998,2025-05-21,5,May 2025,ECN Database,Regulatory Compliance,Manufacturing,18.01,8,True,False,True,True,4,True,True,True,True,PN-31245,ASM-8111,Supplier Quality,cooling fan clutch
ECN-000498,2025-03-26,3,Mar 2025,Supplier Portal,Safety-Critical,Quality Approval,20.77,10,True,False,False,True,4,True,True,True,True,PN-13143,ASM-8616,Powertrain Engineering,boom cylinder
ECN-000835,2025-05-05,5,May 2025,ECN Database,Safety-Critical,Final Release,8.67,3,True,False,False,True,4,True,True,True,True,PN-38208,ASM-3198,Quality Assurance,boom cylinder
ECN-000430,2025-03-01,3,Mar 2025,Supplier Portal,Performance-Related,Manufacturing,19.47,8,True,False,True,False,1,False,True,False,False,PN-55504,ASM-8891,Electrical Systems,steering valve block
ECN-000507,2025-03-10,3,Mar 2025,PLM,Performance-Related,Design Review,8.82,2,False,False,True,True,4,True,True,True,True,PN-14791,ASM-8526,Quality Assurance,transmission control unit
ECN-000831,2025-05-18,5,May 2025,MMS,Cost-Driven,Design Review,4.54,1,False,False,False,True,4,True,True,True,True,PN-96321,ASM-2922,Hydraulics Engineering,steering valve block
ECN-000694,2025-04-26,4,Apr 2025,ERP,Regulatory Compliance,Manufacturing,15.65,3,True,True,False,True,4,True,True,True,True,PN-47585,ASM-9274,Structural Engineering,boom cylinder
ECN-000011,2025-01-22,1,Jan 2025,ECN Database,Performance-Related,Design Review,31.94,3,True,True,False,True,4,True,True,True,True,PN-71348,ASM-9669,Regulatory Affairs,track undercarriage
ECN-000848,2025-05-12,5,May 2025,PLM,Customer-Requested,Design Review,12.86,4,True,False,False,True,4,True,True,True,True,PN-98410,ASM-9577,Structural Engineering,hydraulic pump
ECN-000463,2025-03-16,3,Mar 2025,Supplier Portal,Performance-Related,Quality Approval,24.55,6,True,False,True,True,4,True,True,True,True,PN-39109,ASM-8076,Electrical Systems,exhaust aftertreatment system
ECN-000199,2025-01-02,1,Jan 2025,PLM,Performance-Related,Manufacturing,17.79,5,True,False,False,True,4,True,True,True,True,PN-38560,ASM-2196,Field Service,track undercarriage
ECN-000060,2025-01-01,1,Jan 2025,MMS,Safety-Critical,Design Review,9.44,6,True,False,False,True,4,True,True,True,True,PN-69087,ASM-4995,Hydraulics Engineering,boom cylinder
ECN-000907,2025-05-30,5,May 2025,ECN Database,Cost-Driven,Quality Approval,11.11,5,True,True,False,True,4,True,True,True,True,PN-84545,ASM-8999,Quality Assurance,steering valve block
ECN-000997,2025-05-15,5,May 2025,ECN Database,Safety-Critical,Final Release,20.34,2,False,False,False,True,4,True,True,True,True,PN-59496,ASM-3182,Hydraulics Engineering,fuel injection system
ECN-000276,2025-02-11,2,Feb 2025,PLM,Performance-Related,Manufacturing,17.12,6,True,False,False,True,4,True,True,True,True,PN-75803,ASM-1862,Manufacturing Engineering,exhaust aftertreatment system
ECN-000809,2025-05-21,5,May 2025,CAD,Cost-Driven,Manufacturing,7.89,4,True,False,False,True,4,True,True,True,True,PN-88893,ASM-3013,Quality Assurance,track undercarriage
ECN-000908,2025-05-24,5,May 2025,ERP,Cost-Driven,Manufacturing,14.53,4,True,True,False,True,4,True,True,True,True,PN-77171,ASM-6138,Structural Engineering,final drive assembly
ECN-000658,2025-04-29,4,Apr 2025,Supplier Portal,Regulatory Compliance,Final Release,14.0,2,False,False,False,True,4,True,True,True,True,PN-76131,ASM-7241,Powertrain Engineering,hydraulic pump
ECN-000957,2025-05-22,5,May 2025,Supplier Portal,Customer-Requested,Manufacturing,14.0,3,False,False,False,False,1,True,False,False,False,PN-24444,ASM-4941,Structural Engineering,final drive assembly
ECN-000886,2025-05-04,5,May 2025,Supplier Portal,Performance-Related,Quality Approval,11.13,3,False,False,False,True,4,True,True,True,True,PN-61196,ASM-8318,Manufacturing Engineering,final drive assembly
ECN-000221,2025-02-03,2,Feb 2025,MMS,Regulatory Compliance,Final Release,12.55,7,True,False,True,False,2,True,False,True,False,PN-63120,ASM-7213,Powertrain Engineering,engine control module
ECN-000789,2025-04-26,4,Apr 2025,ECN Database,Performance-Related,Manufacturing,15.63,8,True,False,False,False,2,True,False,False,True,PN-36976,ASM-9836,Manufacturing Engineering,fuel injection system
ECN-000712,2025-04-28,4,Apr 2025,ERP,Customer-Requested,Quality Approval,10.37,3,True,False,False,True,4,True,True,True,True,PN-97097,ASM-7711,Hydraulics Engineering,fuel injection system
ECN-000714,2025-04-06,4,Apr 2025,PLM,Customer-Requested,Design Review,15.17,4,False,False,False,True,4,True,True,True,True,PN-78387,ASM-4103,Powertrain Engineering,transmission control unit
ECN-001113,2025-06-10,6,Jun 2025,ECN Database,Regulatory Compliance,Quality Approval,10.95,6,True,False,False,True,4,True,True,True,True,PN-81139,ASM-5378,Field Service,fuel injection system
ECN-001191,2025-06-19,6,Jun 2025,Supplier Portal,Customer-Requested,Final Release,10.14,3,True,False,False,True,4,True,True,True,True,PN-35543,ASM-3321,Regulatory Affairs,final drive assembly
ECN-000790,2025-04-05,4,Apr 2025,PLM,Performance-Related,Design Review,9.5,3,False,False,True,True,4,True,True,True,True,PN-60002,ASM-9543,Supplier Quality,alternator
ECN-000416,2025-03-15,3,Mar 2025,PLM,Cost-Driven,Design Review,15.71,5,True,False,False,True,4,True,True,True,True,PN-14268,ASM-9232,Structural Engineering,track undercarriage
ECN-000899,2025-05-08,5,May 2025,CAD,Cost-Driven,Final Release,4.18,4,True,False,False,True,4,True,True,True,True,PN-31333,ASM-9873,Supplier Quality,hydraulic pump
ECN-000935,2025-05-16,5,May 2025,Supplier Portal,Safety-Critical,Design Review,6.29,5,False,False,False,True,4,True,True,True,True,PN-93040,ASM-8387,Regulatory Affairs,track undercarriage
ECN-000266,2025-02-19,2,Feb 2025,PLM,Cost-Driven,Design Review,16.19,3,True,True,False,False,3,True,False,True,True,PN-81612,ASM-3830,Regulatory Affairs,track undercarriage
ECN-000632,2025-04-04,4,Apr 2025,Supplier Portal,Safety-Critical,Design Review,17.23,4,True,False,False,True,4,True,True,True,True,PN-85172,ASM-7586,Powertrain Engineering,cooling fan clutch
ECN-000248,2025-02-06,2,Feb 2025,MMS,Customer-Requested,Quality Approval,15.8,9,False,True,False,True,4,True,True,True,True,PN-84107,ASM-1505,Quality Assurance,cab HVAC unit
ECN-000683,2025-04-30,4,Apr 2025,ECN Database,Regulatory Compliance,Final Release,6.49,3,True,False,False,False,2,True,False,False,True,PN-14851,ASM-8987,Electrical Systems,alternator
ECN-000559,2025-03-05,3,Mar 2025,MMS,Safety-Critical,Final Release,8.71,0,True,False,False,True,4,True,True,True,True,PN-52151,ASM-4493,Electrical Systems,steering valve block
ECN-001137,2025-06-24,6,Jun 2025,ERP,Regulatory Compliance,Design Review,8.84,7,True,False,False,True,4,True,True,True,True,PN-66175,ASM-3032,Electrical Systems,alternator
ECN-000968,2025-05-23,5,May 2025,CAD,Performance-Related,Quality Approval,20.06,4,True,False,False,False,1,True,False,False,False,PN-43730,ASM-8970,Manufacturing Engineering,alternator
ECN-001005,2025-06-16,6,Jun 2025,ERP,Safety-Critical,Manufacturing,22.63,2,True,False,False,False,1,True,False,False,False,PN-19275,ASM-7819,Powertrain Engineering,engine control module
ECN-000985,2025-05-07,5,May 2025,PLM,Cost-Driven,Quality Approval,13.39,3,True,False,True,True,4,True,True,True,True,PN-18800,ASM-1000,Supplier Quality,exhaust aftertreatment system
ECN-000295,2025-02-19,2,Feb 2025,PLM,Customer-Requested,Design Review,18.75,4,True,False,False,True,4,True,True,True,True,PN-33260,ASM-6301,Quality Assurance,boom cylinder
ECN-000520,2025-03-10,3,Mar 2025,MMS,Safety-Critical,Quality Approval,20.31,5,True,False,True,True,4,True,True,True,True,PN-87616,ASM-8584,Structural Engineering,exhaust aftertreatment system
ECN-000771,2025-04-08,4,Apr 2025,ERP,Customer-Requested,Design Review,22.01,3,False,False,False,True,4,True,True,True,True,PN-90350,ASM-3869,Field Service,fuel injection system
ECN-000084,2025-01-04,1,Jan 2025,Supplier Portal,Safety-Critical,Final Release,22.86,5,False,False,False,False,3,True,True,False,True,PN-14852,ASM-3068,Quality Assurance,steering valve block
ECN-000232,2025-02-10,2,Feb 2025,ECN Database,Regulatory Compliance,Manufacturing,27.55,3,True,False,False,True,4,True,True,True,True,PN-52030,ASM-4290,Quality Assurance,steering valve block
ECN-000621,2025-04-26,4,Apr 2025,MMS,Performance-Related,Design Review,23.21,5,True,True,True,True,4,True,True,True,True,PN-91522,ASM-2578,Quality Assurance,fuel injection system
ECN-000334,2025-02-01,2,Feb 2025,ERP,Cost-Driven,Design Review,10.12,5,False,False,True,False,2,True,False,True,False,PN-57087,ASM-4087,Manufacturing Engineering,final drive assembly
ECN-000130,2025-01-26,1,Jan 2025,ECN Database,Cost-Driven,Final Release,35.52,4,False,False,True,True,4,True,True,True,True,PN-47079,ASM-7347,Manufacturing Engineering,final drive assembly
ECN-001012,2025-06-28,6,Jun 2025,ECN Database,Safety-Critical,Manufacturing,14.58,6,True,False,False,True,4,True,True,True,True,PN-38873,ASM-8266,Structural Engineering,boom cylinder
ECN-000645,2025-04-01,4,Apr 2025,MMS,Cost-Driven,Manufacturing,5.98,8,True,False,False,True,4,True,True,True,True,PN-99816,ASM-2999,Field Service,track undercarriage
ECN-000974,2025-05-02,5,May 2025,CAD,Performance-Related,Manufacturing,14.68,6,False,False,False,False,2,True,False,False,True,PN-12043,ASM-8436,Hydraulics Engineering,cooling fan clutch
ECN-000383,2025-02-24,2,Feb 2025,CAD,Performance-Related,Final Release,13.45,1,True,False,False,True,4,True,True,True,True,PN-80736,ASM-8734,Field Service,transmission control unit
ECN-000868,2025-05-18,5,May 2025,MMS,Regulatory Compliance,Manufacturing,14.24,4,True,False,False,True,4,True,True,True,True,PN-99744,ASM-9723,Regulatory Affairs,boom cylinder
ECN-000543,2025-03-31,3,Mar 2025,Supplier Portal,Cost-Driven,Manufacturing,21.43,1,True,False,True,False,1,False,True,False,False,PN-56073,ASM-4594,Hydraulics Engineering,transmission control unit
ECN-001194,2025-06-03,6,Jun 2025,CAD,Customer-Requested,Manufacturing,11.03,6,True,False,False,True,4,True,True,True,True,PN-78386,ASM-7901,Field Service,track undercarriage
ECN-000875,2025-05-12,5,May 2025,ERP,Cost-Driven,Manufacturing,8.8,1,True,False,False,True,4,True,True,True,True,PN-92549,ASM-7479,Supplier Quality,cooling fan clutch
ECN-000332,2025-02-10,2,Feb 2025,ERP,Customer-Requested,Manufacturing,25.22,8,True,False,False,True,4,True,True,True,True,PN-11845,ASM-6279,Supplier Quality,transmission control unit
ECN-000410,2025-03-13,3,Mar 2025,ECN Database,Customer-Requested,Final Release,16.68,2,False,False,False,True,4,True,True,True,True,PN-99337,ASM-8548,Manufacturing Engineering,boom cylinder
ECN-000077,2025-01-21,1,Jan 2025,MMS,Performance-Related,Final Release,17.5,3,False,False,False,True,4,True,True,True,True,PN-64165,ASM-1888,Electrical Systems,hydraulic pump
ECN-000869,2025-05-29,5,May 2025,Supplier Portal,Customer-Requested,Design Review,17.02,1,True,False,False,True,4,True,True,True,True,PN-34125,ASM-1058,Field Service,track undercarriage
ECN-000139,2025-01-03,1,Jan 2025,ERP,Cost-Driven,Manufacturing,7.2,4,False,True,False,True,4,True,True,True,True,PN-82684,ASM-2680,Structural Engineering,hydraulic pump
ECN-000544,2025-03-26,3,Mar 2025,ERP,Customer-Requested,Quality Approval,28.87,4,True,True,False,False,2,True,False,True,False,PN-21322,ASM-3128,Hydraulics Engineering,steering valve block
ECN-000674,2025-04-09,4,Apr 2025,Supplier Portal,Performance-Related,Design Review,4.39,2,True,False,True,True,4,True,True,True,True,PN-20031,ASM-1738,Powertrain Engineering,exhaust aftertreatment system
ECN-000921,2025-05-18,5,May 2025,MMS,Cost-Driven,Quality Approval,17.71,4,False,False,False,True,4,True,True,True,True,PN-65816,ASM-9571,Manufacturing Engineering,fuel injection system
ECN-000064,2025-01-24,1,Jan 2025,Supplier Portal,Cost-Driven,Quality Approval,14.74,4,True,True,True,True,4,True,True,True,True,PN-40217,ASM-2976,Field Service,cooling fan clutch
ECN-000142,2025-01-15,1,Jan 2025,Supplier Portal,Regulatory Compliance,Design Review,35.34,2,True,True,False,True,4,True,True,True,True,PN-28035,ASM-1627,Manufacturing Engineering,alternator
ECN-000717,2025-04-20,4,Apr 2025,CAD,Cost-Driven,Quality Approval,9.33,7,True,False,True,True,4,True,True,True,True,PN-21747,ASM-3526,Quality Assurance,final drive assembly
ECN-000377,2025-02-22,2,Feb 2025,Supplier Portal,Customer-Requested,Final Release,12.95,1,True,False,False,True,4,True,True,True,True,PN-31096,ASM-4014,Electrical Systems,steering valve block
ECN-000364,2025-02-04,2,Feb 2025,MMS,Performance-Related,Design Review,21.24,1,False,True,False,True,4,True,True,True,True,PN-48558,ASM-8353,Supplier Quality,transmission control unit
ECN-000140,2025-01-30,1,Jan 2025,PLM,Safety-Critical,Design Review,12.54,5,False,False,False,False,2,True,False,True,False,PN-29313,ASM-8167,Structural Engineering,cooling fan clutch
ECN-000885,2025-05-25,5,May 2025,ECN Database,Cost-Driven,Final Release,8.97,5,False,False,True,True,4,True,True,True,True,PN-47618,ASM-6707,Field Service,steering valve block
ECN-001042,2025-06-24,6,Jun 2025,MMS,Regulatory Compliance,Quality Approval,4.91,6,True,True,False,True,4,True,True,True,True,PN-10873,ASM-9001,Electrical Systems,transmission control unit
ECN-000225,2025-02-06,2,Feb 2025,ECN Database,Customer-Requested,Quality Approval,17.55,7,False,False,False,False,2,True,True,False,False,PN-13883,ASM-5478,Regulatory Affairs,exhaust aftertreatment system
ECN-000515,2025-03-16,3,Mar 2025,PLM,Cost-Driven,Quality Approval,29.57,5,True,False,False,False,1,True,False,False,False,PN-61390,ASM-4004,Field Service,final drive assembly
ECN-000267,2025-02-25,2,Feb 2025,MMS,Regulatory Compliance,Final Release,13.91,4,False,False,False,False,2,False,False,True,True,PN-15220,ASM-1990,Field Service,hydraulic pump
ECN-001170,2025-06-01,6,Jun 2025,Supplier Portal,Cost-Driven,Final Release,12.54,2,True,True,False,True,4,True,True,True,True,PN-56484,ASM-3500,Supplier Quality,steering valve block
ECN-000487,2025-03-23,3,Mar 2025,ECN Database,Cost-Driven,Final Release,5.87,1,False,False,False,True,4,True,True,True,True,PN-42778,ASM-6309,Structural Engineering,boom cylinder
ECN-000353,2025-02-04,2,Feb 2025,CAD,Cost-Driven,Final Release,18.2,1,False,True,False,True,4,True,True,True,True,PN-59006,ASM-2741,Electrical Systems,cooling fan clutch
ECN-001006,2025-06-25,6,Jun 2025,ERP,Performance-Related,Final Release,9.57,8,True,False,False,True,4,True,True,True,True,PN-14666,ASM-9136,Powertrain Engineering,cooling fan clutch
ECN-000618,2025-04-12,4,Apr 2025,MMS,Regulatory Compliance,Quality Approval,18.92,2,True,False,False,True,4,True,True,True,True,PN-75419,ASM-5563,Supplier Quality,engine control module
ECN-000668,2025-04-06,4,Apr 2025,ERP,Regulatory Compliance,Quality Approval,10.2,7,False,False,True,True,4,True,True,True,True,PN-17279,ASM-2158,Field Service,hydraulic pump
ECN-000775,2025-04-23,4,Apr 2025,MMS,Safety-Critical,Final Release,7.53,2,True,False,False,False,1,False,False,True,False,PN-97856,ASM-8606,Quality Assurance,alternator
ECN-000554,2025-03-18,3,Mar 2025,MMS,Customer-Requested,Design Review,22.6,1,True,False,True,True,4,True,True,True,True,PN-28342,ASM-1584,Structural Engineering,steering valve block
ECN-000576,2025-03-21,3,Mar 2025,MMS,Cost-Driven,Quality Approval,20.32,3,True,False,False,True,4,True,True,True,True,PN-70786,ASM-3271,Powertrain Engineering,alternator
ECN-000915,2025-05-23,5,May 2025,ERP,Customer-Requested,Manufacturing,9.2,5,True,True,False,True,4,True,True,True,True,PN-48915,ASM-3695,Regulatory Affairs,engine control module
ECN-000466,2025-03-11,3,Mar 2025,CAD,Safety-Critical,Quality Approval,13.99,6,True,False,False,True,4,True,True,True,True,PN-52390,ASM-2467,Field Service,engine control module
ECN-000591,2025-03-27,3,Mar 2025,ERP,Regulatory Compliance,Manufacturing,14.71,1,True,True,True,False,0,False,False,False,False,PN-67947,ASM-6549,Quality Assurance,exhaust aftertreatment system
ECN-000765,2025-04-19,4,Apr 2025,MMS,Customer-Requested,Manufacturing,10.69,4,True,False,False,True,4,True,True,True,True,PN-36765,ASM-7400,Regulatory Affairs,exhaust aftertreatment system
ECN-000635,2025-04-28,4,Apr 2025,MMS,Cost-Driven,Final Release,7.66,5,True,False,False,True,4,True,True,True,True,PN-96613,ASM-8656,Structural Engineering,exhaust aftertreatment system
ECN-000838,2025-05-01,5,May 2025,Supplier Portal,Regulatory Compliance,Design Review,14.97,4,True,False,False,True,4,True,True,True,True,PN-31501,ASM-7876,Electrical Systems,exhaust aftertreatment system
ECN-000290,2025-02-16,2,Feb 2025,Supplier Portal,Safety-Critical,Manufacturing,19.1,2,True,False,False,True,4,True,True,True,True,PN-92674,ASM-9907,Electrical Systems,steering valve block
ECN-000040,2025-01-11,1,Jan 2025,MMS,Cost-Driven,Quality Approval,19.27,6,False,False,False,True,4,True,True,True,True,PN-51145,ASM-3041,Manufacturing Engineering,engine control module
ECN-000031,2025-01-19,1,Jan 2025,Supplier Portal,Cost-Driven,Design Review,28.46,3,True,False,False,True,4,True,True,True,True,PN-24663,ASM-2232,Electrical Systems,track undercarriage
ECN-000243,2025-02-17,2,Feb 2025,ECN Database,Customer-Requested,Manufacturing,20.39,3,True,True,False,True,4,True,True,True,True,PN-18200,ASM-2667,Supplier Quality,boom cylinder
ECN-000429,2025-03-17,3,Mar 2025,ECN Database,Performance-Related,Design Review,7.1,2,True,True,False,True,4,True,True,True,True,PN-87441,ASM-8480,Electrical Systems,alternator
ECN-000137,2025-01-15,1,Jan 2025,MMS,Customer-Requested,Quality Approval,43.88,9,True,False,False,True,4,True,True,True,True,PN-41348,ASM-6070,Supplier Quality,cab HVAC unit
ECN-001101,2025-06-22,6,Jun 2025,MMS,Cost-Driven,Manufacturing,6.21,3,True,False,False,True,4,True,True,True,True,PN-99746,ASM-7131,Supplier Quality,alternator
ECN-000865,2025-05-18,5,May 2025,ECN Database,Performance-Related,Design Review,10.82,5,True,False,False,True,4,True,True,True,True,PN-72154,ASM-4309,Manufacturing Engineering,exhaust aftertreatment system
ECN-000004,2025-01-29,1,Jan 2025,CAD,Cost-Driven,Final Release,15.84,4,True,False,False,False,2,True,False,False,True,PN-26361,ASM-7201,Structural Engineering,alternator
ECN-000833,2025-05-23,5,May 2025,CAD,Regulatory Compliance,Manufacturing,12.5,3,True,False,False,False,2,True,False,False,True,PN-16051,ASM-9510,Supplier Quality,hydraulic pump
ECN-000603,2025-04-05,4,Apr 2025,Supplier Portal,Performance-Related,Final Release,16.82,5,True,False,False,True,4,True,True,True,True,PN-99842,ASM-6939,Field Service,steering valve block
ECN-001034,2025-06-24,6,Jun 2025,PLM,Cost-Driven,Quality Approval,12.5,7,True,False,False,True,4,True,True,True,True,PN-12033,ASM-3732,Quality Assurance,boom cylinder
ECN-000655,2025-04-03,4,Apr 2025,PLM,Performance-Related,Final Release,13.12,4,False,False,False,True,4,True,True,True,True,PN-33641,ASM-7693,Supplier Quality,cooling fan clutch
ECN-000844,2025-05-31,5,May 2025,CAD,Performance-Related,Manufacturing,9.15,2,True,True,True,True,4,True,True,True,True,PN-56399,ASM-8678,Quality Assurance,cab HVAC unit
ECN-000784,2025-04-11,4,Apr 2025,ERP,Safety-Critical,Final Release,5.6,8,True,False,False,True,4,True,True,True,True,PN-22418,ASM-6314,Quality Assurance,transmission control unit
ECN-001074,2025-06-24,6,Jun 2025,ERP,Customer-Requested,Manufacturing,16.7,1,True,False,True,True,4,True,True,True,True,PN-83546,ASM-9864,Regulatory Affairs,fuel injection system
ECN-000443,2025-03-11,3,Mar 2025,Supplier Portal,Performance-Related,Manufacturing,9.81,3,True,False,False,True,4,True,True,True,True,PN-94485,ASM-3521,Powertrain Engineering,hydraulic pump
ECN-001178,2025-06-14,6,Jun 2025,ERP,Regulatory Compliance,Final Release,7.5,4,False,False,False,True,4,True,True,True,True,PN-28378,ASM-8697,Electrical Systems,final drive assembly
ECN-000436,2025-03-12,3,Mar 2025,MMS,Safety-Critical,Quality Approval,8.64,4,True,False,False,False,2,True,True,False,False,PN-21822,ASM-3468,Powertrain Engineering,alternator
ECN-001169,2025-06-18,6,Jun 2025,MMS,Performance-Related,Manufacturing,12.84,10,False,False,False,True,4,True,True,True,True,PN-91748,ASM-7388,Field Service,track undercarriage
ECN-000101,2025-01-18,1,Jan 2025,ECN Database,Customer-Requested,Design Review,8.54,3,False,True,False,True,4,True,True,True,True,PN-68115,ASM-8285,Manufacturing Engineering,hydraulic pump
ECN-000773,2025-04-02,4,Apr 2025,MMS,Performance-Related,Quality Approval,13.24,4,True,False,False,True,4,True,True,True,True,PN-23791,ASM-9264,Manufacturing Engineering,engine control module
ECN-000495,2025-03-02,3,Mar 2025,PLM,Performance-Related,Manufacturing,15.33,3,True,True,False,True,4,True,True,True,True,PN-18509,ASM-5797,Regulatory Affairs,engine control module
ECN-001028,2025-06-24,6,Jun 2025,PLM,Customer-Requested,Design Review,9.29,5,True,False,True,True,4,True,True,True,True,PN-84108,ASM-9249,Hydraulics Engineering,engine control module
ECN-000807,2025-05-31,5,May 2025,CAD,Safety-Critical,Quality Approval,11.09,7,True,False,True,True,4,True,True,True,True,PN-66289,ASM-6514,Manufacturing Engineering,cab HVAC unit
ECN-001142,2025-06-12,6,Jun 2025,ECN Database,Cost-Driven,Quality Approval,9.35,1,True,False,False,False,1,False,True,False,False,PN-13670,ASM-4467,Field Service,track undercarriage
ECN-000846,2025-05-16,5,May 2025,MMS,Safety-Critical,Design Review,4.94,3,False,True,False,True,4,True,True,True,True,PN-74598,ASM-1175,Field Service,engine control module
ECN-000987,2025-05-06,5,May 2025,ERP,Customer-Requested,Quality Approval,20.55,6,True,False,True,False,3,True,True,True,False,PN-99302,ASM-8194,Field Service,transmission control unit
ECN-000228,2025-02-28,2,Feb 2025,MMS,Customer-Requested,Final Release,9.0,3,True,False,True,False,0,False,False,False,False,PN-23538,ASM-1430,Electrical Systems,transmission control unit
ECN-001193,2025-06-09,6,Jun 2025,PLM,Safety-Critical,Manufacturing,11.84,5,True,False,False,True,4,True,True,True,True,PN-39656,ASM-3491,Quality Assurance,engine control module
ECN-000672,2025-04-30,4,Apr 2025,MMS,Customer-Requested,Manufacturing,12.6,1,True,False,False,True,4,True,True,True,True,PN-15300,ASM-9410,Regulatory Affairs,steering valve block
ECN-000859,2025-05-03,5,May 2025,PLM,Cost-Driven,Quality Approval,15.44,9,False,False,True,False,0,False,False,False,False,PN-87489,ASM-3436,Quality Assurance,transmission control unit
ECN-000925,2025-05-01,5,May 2025,CAD,Regulatory Compliance,Manufacturing,5.74,4,True,False,False,True,4,True,True,True,True,PN-55955,ASM-8601,Structural Engineering,boom cylinder
ECN-000067,2025-01-16,1,Jan 2025,PLM,Cost-Driven,Design Review,12.44,1,True,True,False,True,4,True,True,True,True,PN-34164,ASM-1841,Structural Engineering,cab HVAC unit
ECN-000068,2025-01-20,1,Jan 2025,Supplier Portal,Performance-Related,Manufacturing,8.97,8,True,False,False,True,4,True,True,True,True,PN-29555,ASM-5978,Powertrain Engineering,exhaust aftertreatment system
ECN-000817,2025-05-11,5,May 2025,ERP,Performance-Related,Design Review,8.09,3,True,False,False,True,4,True,True,True,True,PN-96998,ASM-4639,Quality Assurance,steering valve block
ECN-000212,2025-02-13,2,Feb 2025,MMS,Regulatory Compliance,Manufacturing,4.3,7,True,False,False,True,4,True,True,True,True,PN-41797,ASM-4350,Hydraulics Engineering,boom cylinder
ECN-000013,2025-01-01,1,Jan 2025,PLM,Cost-Driven,Quality Approval,32.03,6,True,False,True,True,4,True,True,True,True,PN-93748,ASM-9317,Hydraulics Engineering,transmission control unit
ECN-000494,2025-03-12,3,Mar 2025,MMS,Performance-Related,Quality Approval,26.55,9,True,False,False,True,4,True,True,True,True,PN-33363,ASM-3643,Hydraulics Engineering,hydraulic pump
ECN-001165,2025-06-01,6,Jun 2025,Supplier Portal,Cost-Driven,Quality Approval,6.53,3,True,True,False,True,4,True,True,True,True,PN-61944,ASM-8968,Regulatory Affairs,steering valve block
ECN-000300,2025-02-14,2,Feb 2025,MMS,Safety-Critical,Manufacturing,34.31,4,False,True,False,True,4,True,True,True,True,PN-24160,ASM-1020,Manufacturing Engineering,engine control module
ECN-000411,2025-03-08,3,Mar 2025,CAD,Cost-Driven,Quality Approval,13.71,6,True,False,True,True,4,True,True,True,True,PN-64057,ASM-6785,Supplier Quality,boom cylinder
ECN-000757,2025-04-30,4,Apr 2025,ERP,Customer-Requested,Final Release,9.85,4,False,True,False,True,4,True,True,True,True,PN-40643,ASM-5351,Quality Assurance,hydraulic pump
ECN-001075,2025-06-11,6,Jun 2025,Supplier Portal,Customer-Requested,Quality Approval,6.7,5,False,False,True,True,4,True,True,True,True,PN-83880,ASM-2676,Quality Assurance,cooling fan clutch
ECN-000696,2025-04-02,4,Apr 2025,MMS,Customer-Requested,Design Review,19.02,4,True,False,False,True,4,True,True,True,True,PN-21112,ASM-6542,Electrical Systems,alternator
ECN-001151,2025-06-10,6,Jun 2025,ECN Database,Cost-Driven,Final Release,15.37,4,False,False,False,True,4,True,True,True,True,PN-93221,ASM-8475,Supplier Quality,steering valve block
ECN-000724,2025-04-20,4,Apr 2025,Supplier Portal,Customer-Requested,Final Release,11.41,1,True,False,False,True,4,True,True,True,True,PN-26118,ASM-3288,Hydraulics Engineering,cooling fan clutch
ECN-001016,2025-06-18,6,Jun 2025,CAD,Regulatory Compliance,Design Review,3.82,4,True,False,False,True,4,True,True,True,True,PN-60146,ASM-7302,Structural Engineering,track undercarriage
ECN-000528,2025-03-01,3,Mar 2025,Supplier Portal,Cost-Driven,Design Review,5.93,4,True,False,False,True,4,True,True,True,True,PN-89223,ASM-7974,Regulatory Affairs,steering valve block
ECN-000600,2025-03-12,3,Mar 2025,Supplier Portal,Cost-Driven,Quality Approval,17.19,5,True,True,False,False,3,True,True,False,True,PN-67156,ASM-5225,Structural Engineering,fuel injection system
ECN-001120,2025-06-26,6,Jun 2025,ECN Database,Cost-Driven,Design Review,8.08,3,False,False,False,True,4,True,True,True,True,PN-37149,ASM-1306,Powertrain Engineering,cooling fan clutch
ECN-000567,2025-03-24,3,Mar 2025,MMS,Regulatory Compliance,Quality Approval,35.08,3,True,False,False,False,2,False,True,True,False,PN-98716,ASM-6336,Regulatory Affairs,fuel injection system
ECN-000731,2025-04-05,4,Apr 2025,CAD,Customer-Requested,Design Review,15.34,4,True,False,True,True,4,True,True,True,True,PN-46352,ASM-9197,Regulatory Affairs,boom cylinder
ECN-000274,2025-02-12,2,Feb 2025,MMS,Performance-Related,Design Review,28.53,4,True,True,False,False,3,True,True,False,True,PN-76692,ASM-1042,Hydraulics Engineering,exhaust aftertreatment system
ECN-000967,2025-05-15,5,May 2025,MMS,Performance-Related,Design Review,23.11,4,False,True,False,True,4,True,True,True,True,PN-75948,ASM-3741,Supplier Quality,cooling fan clutch
ECN-000238,2025-02-23,2,Feb 2025,Supplier Portal,Cost-Driven,Final Release,12.28,4,True,True,False,True,4,True,True,True,True,PN-86089,ASM-4621,Electrical Systems,transmission control unit
ECN-000406,2025-03-12,3,Mar 2025,ECN Database,Performance-Related,Design Review,11.96,4,True,False,False,True,4,True,True,True,True,PN-40365,ASM-3776,Electrical Systems,hydraulic pump
ECN-000003,2025-01-09,1,Jan 2025,PLM,Customer-Requested,Quality Approval,34.2,8,False,False,False,True,4,True,True,True,True,PN-30926,ASM-7924,Field Service,cab HVAC unit
ECN-000007,2025-01-13,1,Jan 2025,CAD,Cost-Driven,Quality Approval,23.47,4,False,True,False,True,4,True,True,True,True,PN-31417,ASM-8573,Electrical Systems,final drive assembly
ECN-000312,2025-02-04,2,Feb 2025,MMS,Performance-Related,Manufacturing,14.96,3,True,False,False,True,4,True,True,True,True,PN-70051,ASM-1202,Field Service,fuel injection system
ECN-001091,2025-06-02,6,Jun 2025,Supplier Portal,Customer-Requested,Quality Approval,23.87,5,True,False,True,True,4,True,True,True,True,PN-94125,ASM-9569,Manufacturing Engineering,fuel injection system
ECN-000452,2025-03-31,3,Mar 2025,ERP,Regulatory Compliance,Manufacturing,11.69,6,False,False,False,True,4,True,True,True,True,PN-44840,ASM-9667,Powertrain Engineering,alternator
ECN-000722,2025-04-20,4,Apr 2025,CAD,Cost-Driven,Final Release,12.74,6,True,False,False,False,1,False,True,False,False,PN-70902,ASM-5739,Powertrain Engineering,cab HVAC unit
ECN-000216,2025-02-25,2,Feb 2025,PLM,Cost-Driven,Manufacturing,10.45,3,False,False,True,False,2,True,False,False,True,PN-32050,ASM-6770,Structural Engineering,alternator
ECN-001086,2025-06-10,6,Jun 2025,CAD,Performance-Related,Manufacturing,1.31,1,True,True,False,True,4,True,True,True,True,PN-32621,ASM-8264,Field Service,final drive assembly
ECN-000028,2025-01-09,1,Jan 2025,CAD,Safety-Critical,Final Release,8.38,1,False,True,False,True,4,True,True,True,True,PN-27601,ASM-5333,Field Service,transmission control unit
ECN-001158,2025-06-18,6,Jun 2025,Supplier Portal,Cost-Driven,Manufacturing,10.42,2,False,True,False,True,4,True,True,True,True,PN-45940,ASM-1319,Quality Assurance,steering valve block
ECN-000362,2025-02-23,2,Feb 2025,ECN Database,Performance-Related,Quality Approval,31.94,7,False,True,True,True,4,True,True,True,True,PN-23432,ASM-4675,Manufacturing Engineering,hydraulic pump
ECN-000823,2025-05-07,5,May 2025,ECN Database,Cost-Driven,Design Review,20.99,2,False,True,True,True,4,True,True,True,True,PN-85649,ASM-3253,Structural Engineering,cooling fan clutch
ECN-000781,2025-04-20,4,Apr 2025,ERP,Performance-Related,Final Release,15.27,4,True,False,False,True,4,True,True,True,True,PN-64484,ASM-9396,Quality Assurance,final drive assembly
ECN-000629,2025-04-19,4,Apr 2025,MMS,Performance-Related,Manufacturing,6.42,3,True,True,False,True,4,True,True,True,True,PN-44946,ASM-1334,Electrical Systems,track undercarriage
ECN-000454,2025-03-29,3,Mar 2025,PLM,Customer-Requested,Design Review,9.39,6,True,False,False,True,4,True,True,True,True,PN-64419,ASM-2728,Electrical Systems,final drive assembly
ECN-000739,2025-04-21,4,Apr 2025,ECN Database,Customer-Requested,Quality Approval,33.52,3,True,True,False,True,4,True,True,True,True,PN-60321,ASM-8605,Powertrain Engineering,steering valve block
ECN-000536,2025-03-25,3,Mar 2025,MMS,Performance-Related,Design Review,23.68,5,True,False,True,True,4,True,True,True,True,PN-21062,ASM-3376,Powertrain Engineering,transmission control unit
ECN-001050,2025-06-16,6,Jun 2025,CAD,Safety-Critical,Final Release,11.91,4,True,False,False,False,2,True,False,False,True,PN-48288,ASM-8947,Field Service,final drive assembly
ECN-000399,2025-02-07,2,Feb 2025,PLM,Customer-Requested,Design Review,20.44,4,False,True,False,False,3,True,True,False,True,PN-40475,ASM-2373,Field Service,final drive assembly
ECN-000257,2025-02-02,2,Feb 2025,PLM,Safety-Critical,Quality Approval,20.88,6,False,False,False,True,4,True,True,True,True,PN-81737,ASM-3139,Field Service,fuel injection system
ECN-000292,2025-02-12,2,Feb 2025,ERP,Customer-Requested,Design Review,13.22,4,False,False,True,True,4,True,True,True,True,PN-40508,ASM-3615,Manufacturing Engineering,transmission control unit
ECN-000026,2025-01-29,1,Jan 2025,ERP,Performance-Related,Design Review,22.93,2,True,False,False,True,4,True,True,True,True,PN-69929,ASM-6180,Quality Assurance,track undercarriage
ECN-000337,2025-02-14,2,Feb 2025,PLM,Cost-Driven,Design Review,16.91,6,False,False,False,True,4,True,True,True,True,PN-65164,ASM-2654,Powertrain Engineering,boom cylinder
ECN-000585,2025-03-06,3,Mar 2025,CAD,Performance-Related,Manufacturing,14.76,5,True,False,False,True,4,True,True,True,True,PN-68360,ASM-8503,Electrical Systems,steering valve block
ECN-000048,2025-01-14,1,Jan 2025,MMS,Performance-Related,Final Release,7.88,3,True,False,False,True,4,True,True,True,True,PN-28136,ASM-3471,Electrical Systems,fuel injection system
ECN-000319,2025-02-19,2,Feb 2025,Supplier Portal,Cost-Driven,Manufacturing,13.74,4,True,False,False,True,4,True,True,True,True,PN-93284,ASM-3029,Electrical Systems,cab HVAC unit
ECN-000107,2025-01-14,1,Jan 2025,ECN Database,Regulatory Compliance,Manufacturing,28.81,8,True,True,False,True,4,True,True,True,True,PN-49535,ASM-8504,Powertrain Engineering,boom cylinder
ECN-000799,2025-04-13,4,Apr 2025,ECN Database,Customer-Requested,Quality Approval,12.28,3,True,False,False,True,4,True,True,True,True,PN-89355,ASM-8462,Quality Assurance,steering valve block
ECN-000056,2025-01-03,1,Jan 2025,Supplier Portal,Cost-Driven,Manufacturing,12.84,0,False,True,False,True,4,True,True,True,True,PN-50768,ASM-2771,Hydraulics Engineering,alternator
ECN-000523,2025-03-19,3,Mar 2025,PLM,Cost-Driven,Quality Approval,18.75,7,True,True,False,True,4,True,True,True,True,PN-84747,ASM-5989,Manufacturing Engineering,steering valve block
ECN-000214,2025-02-09,2,Feb 2025,Supplier Portal,Performance-Related,Final Release,13.37,1,False,False,False,True,4,True,True,True,True,PN-64254,ASM-1749,Manufacturing Engineering,boom cylinder
ECN-000121,2025-01-10,1,Jan 2025,PLM,Cost-Driven,Quality Approval,40.41,5,False,False,True,False,2,True,False,False,True,PN-62044,ASM-1693,Manufacturing Engineering,steering valve block
ECN-000918,2025-05-14,5,May 2025,ECN Database,Safety-Critical,Quality Approval,9.94,3,False,False,False,True,4,True,True,True,True,PN-26478,ASM-8361,Powertrain Engineering,alternator
ECN-001068,2025-06-06,6,Jun 2025,Supplier Portal,Cost-Driven,Final Release,5.89,3,False,False,False,True,4,True,True,True,True,PN-82719,ASM-2334,Structural Engineering,alternator
ECN-001118,2025-06-12,6,Jun 2025,Supplier Portal,Cost-Driven,Design Review,15.83,3,True,False,False,False,3,True,True,True,False,PN-25260,ASM-4139,Hydraulics Engineering,alternator
ECN-000073,2025-01-03,1,Jan 2025,Supplier Portal,Customer-Requested,Quality Approval,22.03,11,True,False,False,False,2,True,True,False,False,PN-84607,ASM-5728,Field Service,final drive assembly
ECN-000948,2025-05-04,5,May 2025,PLM,Regulatory Compliance,Manufacturing,15.08,7,True,False,False,True,4,True,True,True,True,PN-51048,ASM-9090,Hydraulics Engineering,track undercarriage
ECN-000747,2025-04-11,4,Apr 2025,Supplier Portal,Customer-Requested,Manufacturing,22.36,2,False,True,False,False,1,True,False,False,False,PN-13890,ASM-4262,Manufacturing Engineering,boom cylinder
ECN-000716,2025-04-06,4,Apr 2025,CAD,Cost-Driven,Final Release,19.11,1,True,False,False,True,4,True,True,True,True,PN-67280,ASM-3957,Powertrain Engineering,cab HVAC unit
ECN-000558,2025-03-11,3,Mar 2025,PLM,Safety-Critical,Quality Approval,20.14,3,True,False,True,True,4,True,True,True,True,PN-75161,ASM-4613,Hydraulics Engineering,engine control module
ECN-001082,2025-06-20,6,Jun 2025,ECN Database,Cost-Driven,Design Review,9.76,8,True,False,False,True,4,True,True,True,True,PN-45936,ASM-1937,Powertrain Engineering,track undercarriage
ECN-001046,2025-06-21,6,Jun 2025,ECN Database,Regulatory Compliance,Design Review,12.08,0,False,False,False,False,2,True,False,True,False,PN-66803,ASM-2645,Manufacturing Engineering,alternator
ECN-000553,2025-03-16,3,Mar 2025,PLM,Performance-Related,Design Review,14.36,5,False,False,False,True,4,True,True,True,True,PN-60353,ASM-4129,Electrical Systems,final drive assembly
ECN-000562,2025-03-06,3,Mar 2025,ECN Database,Performance-Related,Design Review,8.24,3,True,False,False,True,4,True,True,True,True,PN-37021,ASM-3344,Structural Engineering,track undercarriage
ECN-000425,2025-03-24,3,Mar 2025,ERP,Performance-Related,Manufacturing,23.23,2,True,True,False,False,0,False,False,False,False,PN-86928,ASM-9535,Structural Engineering,cooling fan clutch
ECN-001014,2025-06-21,6,Jun 2025,MMS,Cost-Driven,Quality Approval,11.31,6,True,True,False,True,4,True,True,True,True,PN-26088,ASM-7101,Electrical Systems,alternator
ECN-000326,2025-02-21,2,Feb 2025,PLM,Safety-Critical,Quality Approval,20.12,6,True,False,False,False,3,True,True,True,False,PN-96194,ASM-3967,Field Service,transmission control unit
ECN-000924,2025-05-13,5,May 2025,PLM,Safety-Critical,Quality Approval,5.13,2,False,False,False,True,4,True,True,True,True,PN-14277,ASM-5749,Electrical Systems,cab HVAC unit
ECN-000317,2025-02-25,2,Feb 2025,Supplier Portal,Safety-Critical,Quality Approval,34.26,4,True,False,True,True,4,True,True,True,True,PN-77537,ASM-3604,Manufacturing Engineering,transmission control unit
ECN-000804,2025-05-03,5,May 2025,CAD,Safety-Critical,Design Review,8.59,1,True,False,False,True,4,True,True,True,True,PN-43993,ASM-7697,Quality Assurance,hydraulic pump
ECN-001163,2025-06-11,6,Jun 2025,MMS,Customer-Requested,Final Release,2.74,2,False,False,False,True,4,True,True,True,True,PN-18913,ASM-6143,Powertrain Engineering,cooling fan clutch
ECN-000529,2025-03-16,3,Mar 2025,ECN Database,Cost-Driven,Quality Approval,14.95,5,True,False,False,False,2,False,True,True,False,PN-45291,ASM-7731,Supplier Quality,cab HVAC unit
ECN-000837,2025-05-23,5,May 2025,CAD,Regulatory Compliance,Design Review,8.39,6,True,False,False,True,4,True,True,True,True,PN-80242,ASM-4338,Regulatory Affairs,cooling fan clutch
ECN-000715,2025-04-19,4,Apr 2025,PLM,Cost-Driven,Design Review,11.18,3,True,False,False,True,4,True,True,True,True,PN-85963,ASM-8278,Supplier Quality,cooling fan clutch
ECN-000901,2025-05-17,5,May 2025,ERP,Performance-Related,Manufacturing,12.56,5,False,False,False,False,3,True,True,False,True,PN-98432,ASM-2595,Manufacturing Engineering,alternator
ECN-000061,2025-01-16,1,Jan 2025,Supplier Portal,Cost-Driven,Manufacturing,35.28,5,False,False,False,False,2,True,False,False,True,PN-37802,ASM-6813,Quality Assurance,fuel injection system
ECN-000723,2025-04-19,4,Apr 2025,PLM,Cost-Driven,Manufacturing,10.88,3,True,False,False,True,4,True,True,True,True,PN-92864,ASM-4485,Regulatory Affairs,steering valve block
ECN-000093,2025-01-25,1,Jan 2025,ERP,Regulatory Compliance,Final Release,14.53,6,True,False,False,True,4,True,True,True,True,PN-84177,ASM-1803,Field Service,track undercarriage
ECN-000858,2025-05-23,5,May 2025,ECN Database,Safety-Critical,Manufacturing,8.39,3,False,False,False,True,4,True,True,True,True,PN-97337,ASM-8031,Field Service,engine control module
ECN-000619,2025-04-16,4,Apr 2025,ERP,Cost-Driven,Final Release,2.18,1,True,True,False,True,4,True,True,True,True,PN-77032,ASM-5569,Regulatory Affairs,steering valve block
ECN-000352,2025-02-27,2,Feb 2025,ECN Database,Performance-Related,Quality Approval,11.38,4,True,True,False,False,2,True,True,False,False,PN-69314,ASM-2868,Structural Engineering,exhaust aftertreatment system
ECN-000933,2025-05-03,5,May 2025,PLM,Customer-Requested,Final Release,10.79,6,True,False,False,True,4,True,True,True,True,PN-20874,ASM-3355,Powertrain Engineering,steering valve block
ECN-000281,2025-02-28,2,Feb 2025,CAD,Cost-Driven,Design Review,15.39,3,True,False,False,True,4,True,True,True,True,PN-19808,ASM-2020,Quality Assurance,transmission control unit
ECN-000421,2025-03-15,3,Mar 2025,ECN Database,Safety-Critical,Final Release,20.41,3,False,False,False,True,4,True,True,True,True,PN-42895,ASM-1781,Structural Engineering,fuel injection system
ECN-001115,2025-06-19,6,Jun 2025,MMS,Regulatory Compliance,Manufacturing,9.52,1,True,False,False,True,4,True,True,True,True,PN-46004,ASM-6658,Structural Engineering,final drive assembly
ECN-000360,2025-02-22,2,Feb 2025,PLM,Cost-Driven,Design Review,20.01,2,True,True,False,True,4,True,True,True,True,PN-47477,ASM-7920,Regulatory Affairs,exhaust aftertreatment system
ECN-000423,2025-03-28,3,Mar 2025,ERP,Safety-Critical,Manufacturing,21.53,3,True,False,False,True,4,True,True,True,True,PN-73896,ASM-8322,Manufacturing Engineering,fuel injection system
ECN-000679,2025-04-28,4,Apr 2025,PLM,Customer-Requested,Design Review,6.99,5,True,False,False,False,1,False,False,False,True,PN-11818,ASM-4126,Quality Assurance,engine control module
ECN-000527,2025-03-03,3,Mar 2025,ERP,Safety-Critical,Manufacturing,20.09,3,True,False,False,True,4,True,True,True,True,PN-19403,ASM-1257,Quality Assurance,final drive assembly
ECN-000478,2025-03-31,3,Mar 2025,MMS,Customer-Requested,Design Review,16.63,1,True,False,False,True,4,True,True,True,True,PN-18888,ASM-9732,Quality Assurance,steering valve block
ECN-001095,2025-06-30,6,Jun 2025,CAD,Performance-Related,Quality Approval,13.25,3,True,False,False,True,4,True,True,True,True,PN-11035,ASM-3600,Hydraulics Engineering,fuel injection system
ECN-000183,2025-01-10,1,Jan 2025,PLM,Regulatory Compliance,Design Review,19.69,4,False,False,False,True,4,True,True,True,True,PN-72888,ASM-6714,Structural Engineering,alternator
ECN-001092,2025-06-07,6,Jun 2025,CAD,Safety-Critical,Design Review,12.27,5,True,False,True,True,4,True,True,True,True,PN-84542,ASM-4451,Quality Assurance,track undercarriage
ECN-000433,2025-03-10,3,Mar 2025,ECN Database,Regulatory Compliance,Manufacturing,9.16,2,True,False,False,False,1,False,True,False,False,PN-38913,ASM-5308,Regulatory Affairs,alternator
ECN-000111,2025-01-03,1,Jan 2025,PLM,Regulatory Compliance,Final Release,15.14,5,False,False,False,False,2,False,True,False,True,PN-50963,ASM-5176,Manufacturing Engineering,engine control module
ECN-000371,2025-02-21,2,Feb 2025,PLM,Cost-Driven,Manufacturing,12.33,4,False,False,False,False,2,True,False,True,False,PN-36945,ASM-9810,Regulatory Affairs,boom cylinder
ECN-000240,2025-02-24,2,Feb 2025,ECN Database,Performance-Related,Final Release,19.98,4,False,True,False,True,4,True,True,True,True,PN-54966,ASM-8460,Manufacturing Engineering,final drive assembly
ECN-000709,2025-04-06,4,Apr 2025,ECN Database,Cost-Driven,Final Release,10.2,3,True,False,False,False,2,False,False,True,True,PN-28630,ASM-7910,Powertrain Engineering,cab HVAC unit
ECN-000630,2025-04-06,4,Apr 2025,Supplier Portal,Safety-Critical,Manufacturing,15.73,2,True,False,False,True,4,True,True,True,True,PN-23114,ASM-4373,Hydraulics Engineering,fuel injection system
ECN-000594,2025-03-15,3,Mar 2025,Supplier Portal,Customer-Requested,Design Review,13.9,1,True,False,False,True,4,True,True,True,True,PN-97394,ASM-6915,Electrical Systems,fuel injection system
ECN-000486,2025-03-19,3,Mar 2025,ECN Database,Customer-Requested,Quality Approval,7.81,4,True,False,False,True,4,True,True,True,True,PN-81618,ASM-3216,Quality Assurance,engine control module
ECN-000701,2025-04-02,4,Apr 2025,ECN Database,Regulatory Compliance,Design Review,6.42,3,True,False,False,True,4,True,True,True,True,PN-24475,ASM-1982,Regulatory Affairs,cooling fan clutch
ECN-000262,2025-02-21,2,Feb 2025,ECN Database,Performance-Related,Manufacturing,8.46,3,True,False,False,True,4,True,True,True,True,PN-79534,ASM-1138,Quality Assurance,steering valve block
ECN-000480,2025-03-06,3,Mar 2025,MMS,Safety-Critical,Design Review,11.11,3,False,False,False,True,4,True,True,True,True,PN-20417,ASM-8808,Powertrain Engineering,boom cylinder
ECN-000650,2025-04-09,4,Apr 2025,ERP,Performance-Related,Final Release,19.49,5,True,False,False,True,4,True,True,True,True,PN-85472,ASM-2347,Field Service,steering valve block
ECN-000340,2025-02-04,2,Feb 2025,ERP,Performance-Related,Final Release,4.69,7,False,False,True,True,4,True,True,True,True,PN-94454,ASM-4787,Hydraulics Engineering,alternator
ECN-000669,2025-04-04,4,Apr 2025,CAD,Customer-Requested,Design Review,12.1,1,True,False,False,True,4,True,True,True,True,PN-37292,ASM-3669,Hydraulics Engineering,track undercarriage
ECN-000552,2025-03-21,3,Mar 2025,ERP,Performance-Related,Quality Approval,14.0,4,True,False,False,False,2,True,True,False,False,PN-99369,ASM-5961,Manufacturing Engineering,transmission control unit
ECN-000459,2025-03-08,3,Mar 2025,CAD,Performance-Related,Final Release,19.15,9,False,False,False,True,4,True,True,True,True,PN-82918,ASM-3534,Electrical Systems,cooling fan clutch
ECN-000184,2025-01-07,1,Jan 2025,ERP,Performance-Related,Design Review,15.91,7,False,False,False,True,4,True,True,True,True,PN-61712,ASM-6654,Electrical Systems,exhaust aftertreatment system
ECN-000138,2025-01-28,1,Jan 2025,CAD,Regulatory Compliance,Design Review,24.24,5,False,False,False,False,1,True,False,False,False,PN-79135,ASM-7859,Regulatory Affairs,cooling fan clutch
ECN-001161,2025-06-11,6,Jun 2025,ECN Database,Cost-Driven,Final Release,8.56,1,True,False,False,True,4,True,True,True,True,PN-23295,ASM-1919,Regulatory Affairs,exhaust aftertreatment system
ECN-000707,2025-04-28,4,Apr 2025,MMS,Safety-Critical,Final Release,8.2,1,False,False,True,True,4,True,True,True,True,PN-14273,ASM-3569,Structural Engineering,boom cylinder
ECN-000582,2025-03-31,3,Mar 2025,ECN Database,Performance-Related,Final Release,6.56,5,False,True,False,False,2,True,False,False,True,PN-33437,ASM-5724,Hydraulics Engineering,engine control module
ECN-000081,2025-01-28,1,Jan 2025,ERP,Cost-Driven,Quality Approval,46.11,4,True,False,False,True,4,True,True,True,True,PN-64387,ASM-6568,Hydraulics Engineering,final drive assembly
ECN-000769,2025-04-15,4,Apr 2025,PLM,Cost-Driven,Final Release,14.07,3,True,False,False,True,4,True,True,True,True,PN-36604,ASM-9232,Field Service,exhaust aftertreatment system
ECN-000870,2025-05-02,5,May 2025,ECN Database,Performance-Related,Quality Approval,3.34,2,False,False,False,False,2,False,True,False,True,PN-43925,ASM-5971,Electrical Systems,cab HVAC unit
ECN-000762,2025-04-16,4,Apr 2025,ECN Database,Regulatory Compliance,Final Release,7.85,3,True,False,False,True,4,True,True,True,True,PN-59112,ASM-3276,Electrical Systems,cab HVAC unit
ECN-000030,2025-01-18,1,Jan 2025,ECN Database,Cost-Driven,Manufacturing,28.57,4,True,False,False,True,4,True,True,True,True,PN-10464,ASM-6464,Field Service,track undercarriage
ECN-000542,2025-03-14,3,Mar 2025,PLM,Safety-Critical,Quality Approval,21.09,5,True,False,False,True,4,True,True,True,True,PN-51060,ASM-9972,Manufacturing Engineering,transmission control unit
ECN-000166,2025-01-29,1,Jan 2025,ECN Database,Performance-Related,Design Review,18.1,5,True,True,True,True,4,True,True,True,True,PN-15399,ASM-1464,Manufacturing Engineering,steering valve block
ECN-000249,2025-02-24,2,Feb 2025,ECN Database,Performance-Related,Final Release,10.04,1,False,False,False,True,4,True,True,True,True,PN-76952,ASM-2854,Structural Engineering,exhaust aftertreatment system
ECN-000308,2025-02-19,2,Feb 2025,ERP,Cost-Driven,Design Review,11.33,6,False,False,True,True,4,True,True,True,True,PN-39820,ASM-1999,Regulatory Affairs,transmission control unit
ECN-000448,2025-03-10,3,Mar 2025,CAD,Cost-Driven,Manufacturing,6.63,3,True,True,False,True,4,True,True,True,True,PN-34886,ASM-9586,Electrical Systems,engine control module
ECN-000347,2025-02-03,2,Feb 2025,MMS,Performance-Related,Manufacturing,18.62,5,False,False,True,False,3,True,True,True,False,PN-94331,ASM-3571,Powertrain Engineering,exhaust aftertreatment system
ECN-000335,2025-02-02,2,Feb 2025,ECN Database,Cost-Driven,Design Review,18.13,3,True,True,False,True,4,True,True,True,True,PN-12872,ASM-9267,Quality Assurance,boom cylinder
ECN-000286,2025-02-07,2,Feb 2025,MMS,Customer-Requested,Manufacturing,23.82,3,True,False,False,True,4,True,True,True,True,PN-25919,ASM-1195,Hydraulics Engineering,cab HVAC unit
ECN-000950,2025-05-03,5,May 2025,CAD,Cost-Driven,Quality Approval,8.58,1,False,False,False,True,4,True,True,True,True,PN-10647,ASM-1860,Manufacturing Engineering,boom cylinder
ECN-000098,2025-01-11,1,Jan 2025,Supplier Portal,Safety-Critical,Quality Approval,22.6,7,False,False,False,False,1,False,False,True,False,PN-59941,ASM-7086,Field Service,steering valve block
ECN-000468,2025-03-24,3,Mar 2025,PLM,Cost-Driven,Design Review,14.62,1,True,False,True,True,4,True,True,True,True,PN-99831,ASM-7124,Supplier Quality,hydraulic pump
ECN-001037,2025-06-13,6,Jun 2025,CAD,Customer-Requested,Manufacturing,7.51,4,True,False,False,True,4,True,True,True,True,PN-29956,ASM-1127,Electrical Systems,alternator
ECN-000913,2025-05-05,5,May 2025,PLM,Performance-Related,Quality Approval,13.82,6,True,True,False,True,4,True,True,True,True,PN-72050,ASM-4496,Manufacturing Engineering,hydraulic pump
ECN-000756,2025-04-09,4,Apr 2025,MMS,Performance-Related,Final Release,7.13,4,True,False,False,True,4,True,True,True,True,PN-69133,ASM-8660,Manufacturing Engineering,exhaust aftertreatment system
ECN-000945,2025-05-04,5,May 2025,PLM,Customer-Requested,Final Release,10.07,2,True,False,False,True,4,True,True,True,True,PN-35837,ASM-1813,Manufacturing Engineering,fuel injection system
ECN-000614,2025-04-24,4,Apr 2025,CAD,Safety-Critical,Design Review,13.35,3,True,False,False,True,4,True,True,True,True,PN-15322,ASM-2347,Field Service,alternator
ECN-000802,2025-05-06,5,May 2025,ERP,Safety-Critical,Manufacturing,10.39,4,True,False,False,False,2,False,True,False,True,PN-10841,ASM-3759,Regulatory Affairs,boom cylinder
ECN-000758,2025-04-07,4,Apr 2025,ECN Database,Cost-Driven,Design Review,22.99,4,True,False,False,True,4,True,True,True,True,PN-57216,ASM-1627,Hydraulics Engineering,engine control module
ECN-000689,2025-04-08,4,Apr 2025,PLM,Cost-Driven,Manufacturing,23.1,4,True,False,False,True,4,True,True,True,True,PN-32900,ASM-9248,Manufacturing Engineering,cooling fan clutch
ECN-000066,2025-01-10,1,Jan 2025,MMS,Cost-Driven,Final Release,16.64,3,True,True,False,False,3,True,True,False,True,PN-48290,ASM-3068,Powertrain Engineering,hydraulic pump
ECN-000794,2025-04-09,4,Apr 2025,MMS,Performance-Related,Final Release,18.84,4,False,False,False,False,1,False,True,False,False,PN-20909,ASM-5918,Regulatory Affairs,hydraulic pump
ECN-000744,2025-04-11,4,Apr 2025,ERP,Cost-Driven,Design Review,4.23,3,True,False,True,True,4,True,True,True,True,PN-71263,ASM-6425,Supplier Quality,fuel injection system
ECN-000568,2025-03-07,3,Mar 2025,Supplier Portal,Cost-Driven,Final Release,8.22,2,True,False,False,True,4,True,True,True,True,PN-19637,ASM-8716,Regulatory Affairs,boom cylinder
ECN-001084,2025-06-29,6,Jun 2025,ECN Database,Customer-Requested,Manufacturing,15.39,8,True,False,False,True,4,True,True,True,True,PN-93555,ASM-2021,Powertrain Engineering,engine control module
ECN-001099,2025-06-03,6,Jun 2025,CAD,Regulatory Compliance,Quality Approval,12.88,7,True,False,False,True,4,True,True,True,True,PN-84447,ASM-3286,Electrical Systems,cooling fan clutch
ECN-000303,2025-02-14,2,Feb 2025,ECN Database,Performance-Related,Final Release,14.15,7,False,False,False,True,4,True,True,True,True,PN-54295,ASM-8909,Electrical Systems,engine control module
ECN-000255,2025-02-19,2,Feb 2025,PLM,Customer-Requested,Design Review,7.64,4,False,False,True,True,4,True,True,True,True,PN-77582,ASM-5558,Hydraulics Engineering,steering valve block
ECN-000959,2025-05-07,5,May 2025,CAD,Cost-Driven,Final Release,13.52,2,True,True,False,False,2,False,True,False,True,PN-58467,ASM-2602,Structural Engineering,hydraulic pump
ECN-001024,2025-06-03,6,Jun 2025,ECN Database,Customer-Requested,Final Release,11.89,7,True,False,False,True,4,True,True,True,True,PN-41061,ASM-4343,Electrical Systems,engine control module
ECN-000313,2025-02-12,2,Feb 2025,MMS,Safety-Critical,Final Release,6.48,1,True,False,False,True,4,True,True,True,True,PN-87061,ASM-2641,Quality Assurance,final drive assembly
ECN-000530,2025-03-15,3,Mar 2025,Supplier Portal,Customer-Requested,Final Release,12.28,4,True,True,False,False,2,True,True,False,False,PN-73115,ASM-2311,Hydraulics Engineering,fuel injection system
ECN-000222,2025-02-22,2,Feb 2025,PLM,Cost-Driven,Design Review,15.23,3,True,False,True,False,3,True,False,True,True,PN-22499,ASM-9653,Manufacturing Engineering,track undercarriage
ECN-000389,2025-02-17,2,Feb 2025,ERP,Safety-Critical,Design Review,10.79,6,True,False,False,True,4,True,True,True,True,PN-63194,ASM-6781,Supplier Quality,track undercarriage
ECN-000236,2025-02-06,2,Feb 2025,ECN Database,Regulatory Compliance,Manufacturing,18.75,9,True,False,False,True,4,True,True,True,True,PN-93647,ASM-2392,Electrical Systems,fuel injection system
ECN-000810,2025-05-12,5,May 2025,MMS,Performance-Related,Quality Approval,20.19,7,True,False,False,True,4,True,True,True,True,PN-52667,ASM-8279,Manufacturing Engineering,hydraulic pump
ECN-000483,2025-03-18,3,Mar 2025,MMS,Customer-Requested,Manufacturing,15.19,5,True,False,False,True,4,True,True,True,True,PN-94068,ASM-1630,Electrical Systems,track undercarriage
ECN-000713,2025-04-07,4,Apr 2025,Supplier Portal,Performance-Related,Manufacturing,11.43,7,True,False,False,True,4,True,True,True,True,PN-92589,ASM-6060,Powertrain Engineering,alternator
ECN-000306,2025-02-09,2,Feb 2025,MMS,Safety-Critical,Design Review,20.24,5,True,False,False,False,0,False,False,False,False,PN-60793,ASM-4029,Hydraulics Engineering,cooling fan clutch
ECN-001111,2025-06-14,6,Jun 2025,PLM,Safety-Critical,Manufacturing,12.78,4,True,False,False,False,2,False,True,True,False,PN-54186,ASM-5224,Quality Assurance,engine control module
ECN-001090,2025-06-03,6,Jun 2025,MMS,Safety-Critical,Final Release,10.35,3,False,False,False,True,4,True,True,True,True,PN-45756,ASM-4264,Supplier Quality,track undercarriage
ECN-000772,2025-04-14,4,Apr 2025,Supplier Portal,Regulatory Compliance,Manufacturing,10.12,3,True,False,False,True,4,True,True,True,True,PN-97380,ASM-2093,Electrical Systems,cooling fan clutch
ECN-000917,2025-05-09,5,May 2025,Supplier Portal,Safety-Critical,Final Release,8.48,9,False,False,False,True,4,True,True,True,True,PN-97040,ASM-6185,Quality Assurance,steering valve block
ECN-001139,2025-06-02,6,Jun 2025,ERP,Regulatory Compliance,Quality Approval,15.48,1,True,False,False,True,4,True,True,True,True,PN-68284,ASM-6417,Manufacturing Engineering,cooling fan clutch
ECN-000250,2025-02-07,2,Feb 2025,ECN Database,Cost-Driven,Final Release,12.54,1,True,False,False,True,4,True,True,True,True,PN-68947,ASM-5305,Field Service,boom cylinder
ECN-000760,2025-04-16,4,Apr 2025,ERP,Customer-Requested,Design Review,12.49,0,True,False,False,True,4,True,True,True,True,PN-95733,ASM-9399,Powertrain Engineering,steering valve block
ECN-000595,2025-03-24,3,Mar 2025,MMS,Regulatory Compliance,Final Release,23.59,5,True,False,False,False,3,True,False,True,True,PN-64474,ASM-8249,Supplier Quality,engine control module
ECN-000072,2025-01-03,1,Jan 2025,PLM,Regulatory Compliance,Final Release,13.49,4,True,True,False,True,4,True,True,True,True,PN-25043,ASM-9922,Supplier Quality,exhaust aftertreatment system
ECN-000095,2025-01-17,1,Jan 2025,Supplier Portal,Performance-Related,Quality Approval,19.58,6,True,True,True,True,4,True,True,True,True,PN-48680,ASM-6352,Quality Assurance,alternator
ECN-000546,2025-03-09,3,Mar 2025,CAD,Cost-Driven,Final Release,18.96,2,False,True,False,True,4,True,True,True,True,PN-31229,ASM-2212,Manufacturing Engineering,alternator
ECN-000034,2025-01-09,1,Jan 2025,ERP,Performance-Related,Design Review,16.43,3,True,False,False,True,4,True,True,True,True,PN-33509,ASM-6442,Regulatory Affairs,final drive assembly
ECN-000862,2025-05-31,5,May 2025,MMS,Customer-Requested,Quality Approval,10.62,2,True,False,False,True,4,True,True,True,True,PN-47397,ASM-8734,Manufacturing Engineering,hydraulic pump
ECN-000579,2025-03-22,3,Mar 2025,MMS,Customer-Requested,Final Release,18.34,3,True,False,False,True,4,True,True,True,True,PN-53899,ASM-4909,Supplier Quality,transmission control unit
ECN-000449,2025-03-19,3,Mar 2025,ECN Database,Performance-Related,Design Review,9.63,6,True,False,False,True,4,True,True,True,True,PN-22616,ASM-9572,Manufacturing Engineering,track undercarriage
ECN-000446,2025-03-12,3,Mar 2025,MMS,Customer-Requested,Manufacturing,22.09,7,True,True,False,False,3,True,True,False,True,PN-88470,ASM-3627,Structural Engineering,alternator
ECN-000260,2025-02-01,2,Feb 2025,PLM,Customer-Requested,Manufacturing,7.21,6,True,False,False,False,2,True,True,False,False,PN-66260,ASM-2494,Field Service,steering valve block
ECN-000205,2025-02-17,2,Feb 2025,CAD,Safety-Critical,Manufacturing,17.04,8,False,True,False,True,4,True,True,True,True,PN-40715,ASM-9843,Regulatory Affairs,hydraulic pump
ECN-000573,2025-03-17,3,Mar 2025,MMS,Safety-Critical,Manufacturing,10.88,1,True,False,True,True,4,True,True,True,True,PN-15796,ASM-1656,Powertrain Engineering,exhaust aftertreatment system
ECN-000824,2025-05-31,5,May 2025,MMS,Customer-Requested,Manufacturing,13.98,4,True,False,False,True,4,True,True,True,True,PN-85455,ASM-2670,Powertrain Engineering,boom cylinder
ECN-000586,2025-03-30,3,Mar 2025,ERP,Customer-Requested,Design Review,9.35,7,False,True,False,False,1,False,False,True,False,PN-47767,ASM-1775,Structural Engineering,boom cylinder
ECN-000366,2025-02-17,2,Feb 2025,PLM,Regulatory Compliance,Final Release,24.95,4,True,False,False,True,4,True,True,True,True,PN-85061,ASM-6866,Field Service,exhaust aftertreatment system
ECN-000812,2025-05-06,5,May 2025,CAD,Customer-Requested,Manufacturing,13.52,2,True,False,False,True,4,True,True,True,True,PN-73198,ASM-9858,Structural Engineering,final drive assembly
ECN-000078,2025-01-01,1,Jan 2025,ECN Database,Cost-Driven,Design Review,25.09,3,True,False,True,False,3,True,True,False,True,PN-81987,ASM-3146,Supplier Quality,hydraulic pump
ECN-000085,2025-01-20,1,Jan 2025,ECN Database,Safety-Critical,Quality Approval,11.85,6,False,False,True,True,4,True,True,True,True,PN-63736,ASM-3529,Powertrain Engineering,cab HVAC unit
ECN-000539,2025-03-22,3,Mar 2025,CAD,Cost-Driven,Final Release,17.96,2,True,False,False,True,4,True,True,True,True,PN-44422,ASM-3378,Regulatory Affairs,alternator
ECN-000083,2025-01-13,1,Jan 2025,ECN Database,Customer-Requested,Quality Approval,17.48,10,True,False,False,True,4,True,True,True,True,PN-63841,ASM-1715,Regulatory Affairs,exhaust aftertreatment system
ECN-000458,2025-03-25,3,Mar 2025,ECN Database,Safety-Critical,Manufacturing,20.11,3,False,False,False,True,4,True,True,True,True,PN-27705,ASM-5945,Powertrain Engineering,cooling fan clutch
ECN-001138,2025-06-25,6,Jun 2025,ERP,Customer-Requested,Design Review,11.51,1,True,False,False,True,4,True,True,True,True,PN-28605,ASM-4982,Regulatory Affairs,fuel injection system
ECN-000615,2025-04-22,4,Apr 2025,CAD,Performance-Related,Manufacturing,9.83,8,True,False,False,True,4,True,True,True,True,PN-82602,ASM-7672,Structural Engineering,steering valve block
ECN-001186,2025-06-06,6,Jun 2025,MMS,Performance-Related,Final Release,5.29,4,True,False,False,True,4,True,True,True,True,PN-14485,ASM-7308,Quality Assurance,fuel injection system
ECN-001076,2025-06-03,6,Jun 2025,PLM,Safety-Critical,Final Release,19.55,1,True,False,False,True,4,True,True,True,True,PN-97621,ASM-8756,Field Service,exhaust aftertreatment system
ECN-000737,2025-04-30,4,Apr 2025,MMS,Cost-Driven,Manufacturing,20.55,2,False,False,False,False,3,True,True,False,True,PN-91965,ASM-8314,Structural Engineering,engine control module
ECN-000437,2025-03-06,3,Mar 2025,ERP,Regulatory Compliance,Final Release,7.58,4,True,False,False,True,4,True,True,True,True,PN-20515,ASM-3393,Powertrain Engineering,alternator
ECN-000555,2025-03-05,3,Mar 2025,ECN Database,Customer-Requested,Design Review,10.26,4,True,False,True,True,4,True,True,True,True,PN-17347,ASM-6533,Powertrain Engineering,hydraulic pump
ECN-001080,2025-06-07,6,Jun 2025,MMS,Performance-Related,Manufacturing,12.25,8,False,False,False,True,4,True,True,True,True,PN-38020,ASM-4129,Manufacturing Engineering,cab HVAC unit
ECN-001062,2025-06-10,6,Jun 2025,ECN Database,Safety-Critical,Quality Approval,5.53,4,True,False,False,True,4,True,True,True,True,PN-48173,ASM-8037,Structural Engineering,cooling fan clutch
ECN-000351,2025-02-11,2,Feb 2025,Supplier Portal,Cost-Driven,Final Release,6.96,2,True,False,False,False,2,True,True,False,False,PN-37112,ASM-8474,Electrical Systems,cooling fan clutch
ECN-000197,2025-01-03,1,Jan 2025,Supplier Portal,Cost-Driven,Manufacturing,25.83,6,True,False,False,False,2,True,False,False,True,PN-78202,ASM-8239,Quality Assurance,final drive assembly
ECN-000465,2025-03-08,3,Mar 2025,ERP,Safety-Critical,Final Release,21.57,4,True,False,False,True,4,True,True,True,True,PN-73944,ASM-7476,Electrical Systems,cab HVAC unit
ECN-000589,2025-03-30,3,Mar 2025,MMS,Performance-Related,Design Review,19.48,11,True,True,False,True,4,True,True,True,True,PN-68776,ASM-9845,Quality Assurance,fuel injection system
ECN-000006,2025-01-20,1,Jan 2025,ECN Database,Customer-Requested,Manufacturing,10.29,4,False,False,False,False,1,False,False,True,False,PN-58520,ASM-6820,Manufacturing Engineering,cab HVAC unit
ECN-000311,2025-02-13,2,Feb 2025,Supplier Portal,Regulatory Compliance,Quality Approval,30.08,6,False,False,False,False,2,True,True,False,False,PN-43801,ASM-6238,Quality Assurance,boom cylinder
ECN-000662,2025-04-14,4,Apr 2025,PLM,Cost-Driven,Final Release,12.71,7,True,True,False,True,4,True,True,True,True,PN-29826,ASM-8208,Manufacturing Engineering,final drive assembly
ECN-000405,2025-03-10,3,Mar 2025,ERP,Performance-Related,Quality Approval,23.14,5,True,False,False,True,4,True,True,True,True,PN-17531,ASM-3871,Field Service,transmission control unit
ECN-001196,2025-06-29,6,Jun 2025,MMS,Customer-Requested,Final Release,7.67,5,True,False,False,False,3,True,False,True,True,PN-61249,ASM-4168,Quality Assurance,track undercarriage
ECN-001044,2025-06-24,6,Jun 2025,ERP,Cost-Driven,Design Review,10.69,2,True,False,False,True,4,True,True,True,True,PN-27933,ASM-5562,Field Service,cab HVAC unit
ECN-001058,2025-06-13,6,Jun 2025,MMS,Cost-Driven,Manufacturing,13.51,2,True,False,False,True,4,True,True,True,True,PN-11787,ASM-1591,Electrical Systems,boom cylinder
ECN-000105,2025-01-05,1,Jan 2025,ECN Database,Cost-Driven,Quality Approval,27.07,6,True,False,True,True,4,True,True,True,True,PN-11947,ASM-6869,Powertrain Engineering,engine control module
ECN-000537,2025-03-02,3,Mar 2025,ERP,Performance-Related,Manufacturing,14.72,2,True,False,True,True,4,True,True,True,True,PN-37637,ASM-6653,Structural Engineering,boom cylinder
ECN-000606,2025-04-23,4,Apr 2025,ERP,Customer-Requested,Design Review,23.24,2,True,False,True,True,4,True,True,True,True,PN-32571,ASM-5991,Electrical Systems,exhaust aftertreatment system
ECN-000063,2025-01-23,1,Jan 2025,MMS,Cost-Driven,Manufacturing,6.34,7,True,False,False,True,4,True,True,True,True,PN-79588,ASM-6632,Structural Engineering,fuel injection system
ECN-000282,2025-02-11,2,Feb 2025,MMS,Cost-Driven,Design Review,10.76,4,False,True,True,False,1,False,False,False,True,PN-69343,ASM-5455,Manufacturing Engineering,track undercarriage
ECN-001056,2025-06-25,6,Jun 2025,ECN Database,Cost-Driven,Design Review,12.52,6,True,True,False,True,4,True,True,True,True,PN-89293,ASM-9843,Manufacturing Engineering,engine control module
ECN-000239,2025-02-27,2,Feb 2025,ECN Database,Customer-Requested,Quality Approval,19.41,3,True,False,False,True,4,True,True,True,True,PN-73277,ASM-2712,Manufacturing Engineering,final drive assembly
ECN-000224,2025-02-11,2,Feb 2025,Supplier Portal,Cost-Driven,Design Review,21.97,2,True,True,False,True,4,True,True,True,True,PN-53480,ASM-7288,Regulatory Affairs,boom cylinder
ECN-000146,2025-01-17,1,Jan 2025,Supplier Portal,Performance-Related,Design Review,16.21,5,True,False,True,True,4,True,True,True,True,PN-97080,ASM-2402,Regulatory Affairs,boom cylinder
ECN-001119,2025-06-22,6,Jun 2025,CAD,Safety-Critical,Quality Approval,12.7,4,True,True,False,True,4,True,True,True,True,PN-46016,ASM-4042,Supplier Quality,cab HVAC unit
ECN-000374,2025-02-03,2,Feb 2025,CAD,Safety-Critical,Design Review,17.47,4,True,True,True,True,4,True,True,True,True,PN-56884,ASM-9238,Powertrain Engineering,exhaust aftertreatment system
ECN-000119,2025-01-25,1,Jan 2025,CAD,Regulatory Compliance,Quality Approval,15.83,9,True,True,True,False,3,True,False,True,True,PN-88554,ASM-1897,Supplier Quality,hydraulic pump
ECN-000803,2025-05-06,5,May 2025,ERP,Customer-Requested,Manufacturing,18.87,2,True,False,False,True,4,True,True,True,True,PN-35954,ASM-8970,Quality Assurance,fuel injection system
ECN-000251,2025-02-26,2,Feb 2025,PLM,Cost-Driven,Quality Approval,25.51,8,True,True,True,False,3,True,True,True,False,PN-92938,ASM-8015,Manufacturing Engineering,exhaust aftertreatment system
ECN-001157,2025-06-14,6,Jun 2025,CAD,Performance-Related,Manufacturing,5.76,1,False,False,False,True,4,True,True,True,True,PN-53741,ASM-6798,Quality Assurance,fuel injection system
ECN-000010,2025-01-20,1,Jan 2025,PLM,Regulatory Compliance,Design Review,17.68,3,False,False,False,True,4,True,True,True,True,PN-21915,ASM-1771,Electrical Systems,final drive assembly
ECN-000450,2025-03-01,3,Mar 2025,ERP,Customer-Requested,Manufacturing,9.43,4,True,False,False,True,4,True,True,True,True,PN-91785,ASM-5193,Structural Engineering,track undercarriage
ECN-000874,2025-05-08,5,May 2025,CAD,Regulatory Compliance,Final Release,6.47,7,True,False,False,False,1,False,False,True,False,PN-95698,ASM-5216,Hydraulics Engineering,transmission control unit
ECN-000390,2025-02-20,2,Feb 2025,ECN Database,Customer-Requested,Manufacturing,12.05,5,False,False,False,True,4,True,True,True,True,PN-20104,ASM-9430,Quality Assurance,cab HVAC unit
ECN-000966,2025-05-19,5,May 2025,ECN Database,Performance-Related,Manufacturing,19.22,1,False,False,False,True,4,True,True,True,True,PN-86435,ASM-1016,Manufacturing Engineering,exhaust aftertreatment system
ECN-000461,2025-03-30,3,Mar 2025,PLM,Performance-Related,Design Review,4.98,4,True,False,False,True,4,True,True,True,True,PN-60010,ASM-2285,Powertrain Engineering,cooling fan clutch
ECN-001147,2025-06-23,6,Jun 2025,ECN Database,Customer-Requested,Design Review,11.28,3,True,True,False,True,4,True,True,True,True,PN-20413,ASM-1917,Electrical Systems,transmission control unit
ECN-000145,2025-01-20,1,Jan 2025,CAD,Regulatory Compliance,Final Release,5.5,4,True,False,False,True,4,True,True,True,True,PN-92831,ASM-9443,Electrical Systems,cab HVAC unit
ECN-000502,2025-03-19,3,Mar 2025,ECN Database,Safety-Critical,Manufacturing,9.8,6,True,False,False,True,4,True,True,True,True,PN-70616,ASM-7782,Electrical Systems,cab HVAC unit
ECN-001108,2025-06-14,6,Jun 2025,PLM,Performance-Related,Design Review,2.98,1,True,False,False,True,4,True,True,True,True,PN-99954,ASM-8449,Electrical Systems,final drive assembly
ECN-000540,2025-03-11,3,Mar 2025,CAD,Performance-Related,Final Release,12.13,7,False,False,False,True,4,True,True,True,True,PN-79637,ASM-6797,Powertrain Engineering,transmission control unit
ECN-000178,2025-01-08,1,Jan 2025,ECN Database,Customer-Requested,Manufacturing,32.62,5,True,False,False,True,4,True,True,True,True,PN-72205,ASM-5350,Powertrain Engineering,alternator
ECN-001159,2025-06-11,6,Jun 2025,ECN Database,Customer-Requested,Quality Approval,4.41,4,True,False,False,True,4,True,True,True,True,PN-90944,ASM-9240,Supplier Quality,alternator
ECN-001051,2025-06-06,6,Jun 2025,MMS,Regulatory Compliance,Design Review,10.5,2,True,False,True,True,4,True,True,True,True,PN-47653,ASM-7874,Supplier Quality,engine control module
ECN-000584,2025-03-16,3,Mar 2025,Supplier Portal,Cost-Driven,Design Review,6.77,3,False,False,False,True,4,True,True,True,True,PN-78107,ASM-6503,Powertrain Engineering,engine control module
ECN-001195,2025-06-25,6,Jun 2025,ERP,Cost-Driven,Design Review,13.63,3,True,False,False,True,4,True,True,True,True,PN-37361,ASM-2094,Electrical Systems,alternator
ECN-000008,2025-01-05,1,Jan 2025,CAD,Cost-Driven,Design Review,16.12,2,False,True,False,True,4,True,True,True,True,PN-51245,ASM-4483,Supplier Quality,engine control module
ECN-000574,2025-03-31,3,Mar 2025,ERP,Cost-Driven,Design Review,10.55,1,True,True,False,False,2,False,True,True,False,PN-74918,ASM-4940,Hydraulics Engineering,cab HVAC unit
ECN-000843,2025-05-14,5,May 2025,ECN Database,Safety-Critical,Quality Approval,14.41,3,True,False,False,True,4,True,True,True,True,PN-45044,ASM-1866,Regulatory Affairs,final drive assembly
ECN-000358,2025-02-21,2,Feb 2025,ERP,Regulatory Compliance,Quality Approval,9.8,3,True,False,False,False,3,True,True,True,False,PN-77147,ASM-5897,Regulatory Affairs,final drive assembly
ECN-000330,2025-02-15,2,Feb 2025,CAD,Performance-Related,Final Release,3.67,4,True,False,False,True,4,True,True,True,True,PN-73908,ASM-6449,Quality Assurance,alternator
ECN-000705,2025-04-27,4,Apr 2025,ERP,Performance-Related,Design Review,15.99,5,True,False,True,True,4,True,True,True,True,PN-44562,ASM-9172,Electrical Systems,transmission control unit
ECN-000830,2025-05-18,5,May 2025,ECN Database,Safety-Critical,Final Release,9.95,1,True,False,False,True,4,True,True,True,True,PN-82883,ASM-9788,Powertrain Engineering,alternator
ECN-000259,2025-02-02,2,Feb 2025,MMS,Performance-Related,Final Release,6.38,0,True,False,False,True,4,True,True,True,True,PN-45916,ASM-2529,Field Service,final drive assembly
ECN-000891,2025-05-07,5,May 2025,ERP,Performance-Related,Final Release,7.25,4,True,True,False,True,4,True,True,True,True,PN-70344,ASM-3361,Quality Assurance,fuel injection system
ECN-000834,2025-05-08,5,May 2025,PLM,Performance-Related,Quality Approval,14.26,2,True,False,False,True,4,True,True,True,True,PN-80544,ASM-9365,Manufacturing Engineering,transmission control unit
ECN-001188,2025-06-15,6,Jun 2025,ECN Database,Customer-Requested,Final Release,12.21,7,False,False,False,True,4,True,True,True,True,PN-54204,ASM-4052,Electrical Systems,steering valve block
ECN-000905,2025-05-03,5,May 2025,CAD,Performance-Related,Quality Approval,14.08,5,True,False,False,True,4,True,True,True,True,PN-21425,ASM-9174,Field Service,final drive assembly
ECN-000526,2025-03-10,3,Mar 2025,ECN Database,Cost-Driven,Design Review,8.74,4,False,False,False,False,2,False,False,True,True,PN-81449,ASM-4460,Regulatory Affairs,track undercarriage
ECN-000814,2025-05-26,5,May 2025,ERP,Customer-Requested,Final Release,5.18,4,True,True,False,True,4,True,True,True,True,PN-59415,ASM-7252,Hydraulics Engineering,exhaust aftertreatment system
ECN-000732,2025-04-28,4,Apr 2025,CAD,Cost-Driven,Quality Approval,18.83,2,True,False,True,True,4,True,True,True,True,PN-45956,ASM-4143,Supplier Quality,exhaust aftertreatment system
ECN-001032,2025-06-20,6,Jun 2025,CAD,Regulatory Compliance,Final Release,7.36,3,True,False,True,True,4,True,True,True,True,PN-26420,ASM-9808,Supplier Quality,track undercarriage
ECN-001141,2025-06-20,6,Jun 2025,CAD,Customer-Requested,Final Release,7.4,3,True,False,False,True,4,True,True,True,True,PN-67653,ASM-5831,Field Service,exhaust aftertreatment system
ECN-000441,2025-03-26,3,Mar 2025,ECN Database,Customer-Requested,Quality Approval,19.59,5,True,False,False,True,4,True,True,True,True,PN-92956,ASM-8113,Hydraulics Engineering,boom cylinder
ECN-000532,2025-03-19,3,Mar 2025,ECN Database,Customer-Requested,Manufacturing,11.61,4,True,False,False,False,2,True,False,False,True,PN-16917,ASM-6628,Field Service,transmission control unit
ECN-000960,2025-05-22,5,May 2025,PLM,Cost-Driven,Design Review,7.3,4,True,False,False,True,4,True,True,True,True,PN-87863,ASM-5520,Regulatory Affairs,boom cylinder
ECN-000229,2025-02-19,2,Feb 2025,Supplier Portal,Cost-Driven,Final Release,6.63,5,True,False,False,False,2,True,False,True,False,PN-60829,ASM-2387,Field Service,hydraulic pump
ECN-001041,2025-06-20,6,Jun 2025,PLM,Regulatory Compliance,Design Review,7.12,3,False,False,False,True,4,True,True,True,True,PN-22579,ASM-4388,Field Service,boom cylinder
ECN-000213,2025-02-25,2,Feb 2025,CAD,Customer-Requested,Final Release,16.5,4,True,True,False,True,4,True,True,True,True,PN-44283,ASM-6892,Manufacturing Engineering,transmission control unit
ECN-000080,2025-01-17,1,Jan 2025,ECN Database,Cost-Driven,Design Review,13.92,2,True,False,False,False,0,False,False,False,False,PN-48254,ASM-9337,Quality Assurance,steering valve block
ECN-000149,2025-01-13,1,Jan 2025,Supplier Portal,Regulatory Compliance,Manufacturing,15.48,5,False,False,False,True,4,True,True,True,True,PN-36422,ASM-1717,Powertrain Engineering,cab HVAC unit
ECN-000592,2025-03-26,3,Mar 2025,CAD,Performance-Related,Final Release,7.96,3,True,False,True,False,0,False,False,False,False,PN-52777,ASM-1901,Manufacturing Engineering,cab HVAC unit
ECN-000708,2025-04-10,4,Apr 2025,CAD,Safety-Critical,Final Release,9.45,3,False,False,False,True,4,True,True,True,True,PN-84942,ASM-5744,Hydraulics Engineering,engine control module
ECN-000590,2025-03-16,3,Mar 2025,CAD,Cost-Driven,Quality Approval,20.03,5,True,False,False,True,4,True,True,True,True,PN-30454,ASM-1070,Structural Engineering,final drive assembly
ECN-000134,2025-01-03,1,Jan 2025,CAD,Performance-Related,Quality Approval,40.63,5,False,False,False,False,1,True,False,False,False,PN-57425,ASM-1298,Regulatory Affairs,steering valve block
ECN-000782,2025-04-08,4,Apr 2025,PLM,Performance-Related,Design Review,11.88,6,True,False,True,False,1,False,True,False,False,PN-25834,ASM-4807,Regulatory Affairs,transmission control unit
ECN-000409,2025-03-19,3,Mar 2025,MMS,Cost-Driven,Design Review,15.49,3,True,False,False,True,4,True,True,True,True,PN-23954,ASM-2185,Regulatory Affairs,final drive assembly
ECN-000970,2025-05-29,5,May 2025,MMS,Customer-Requested,Final Release,15.9,7,True,False,True,True,4,True,True,True,True,PN-42029,ASM-8056,Structural Engineering,fuel injection system
ECN-000508,2025-03-01,3,Mar 2025,Supplier Portal,Cost-Driven,Quality Approval,17.67,6,True,False,False,True,4,True,True,True,True,PN-71194,ASM-1755,Hydraulics Engineering,steering valve block
ECN-000877,2025-05-03,5,May 2025,ERP,Cost-Driven,Design Review,12.04,6,False,False,False,False,2,False,True,True,False,PN-50653,ASM-3669,Field Service,final drive assembly
ECN-000505,2025-03-25,3,Mar 2025,ERP,Performance-Related,Design Review,6.19,0,False,False,False,True,4,True,True,True,True,PN-69232,ASM-5958,Supplier Quality,cab HVAC unit
ECN-000719,2025-04-09,4,Apr 2025,PLM,Customer-Requested,Design Review,24.11,1,False,True,False,False,2,True,True,False,False,PN-88250,ASM-4874,Supplier Quality,hydraulic pump
ECN-000348,2025-02-27,2,Feb 2025,ERP,Regulatory Compliance,Design Review,12.84,3,True,False,False,False,2,False,False,True,True,PN-46458,ASM-1824,Supplier Quality,fuel injection system
ECN-000387,2025-02-27,2,Feb 2025,ECN Database,Customer-Requested,Manufacturing,22.83,4,True,True,False,True,4,True,True,True,True,PN-95003,ASM-6309,Powertrain Engineering,cab HVAC unit
ECN-000001,2025-01-01,1,Jan 2025,PLM,Cost-Driven,Final Release,12.33,5,True,False,False,True,4,True,True,True,True,PN-46048,ASM-5012,Hydraulics Engineering,steering valve block
ECN-000361,2025-02-07,2,Feb 2025,Supplier Portal,Performance-Related,Design Review,14.98,3,True,False,False,False,0,False,False,False,False,PN-47567,ASM-5105,Field Service,boom cylinder
ECN-001134,2025-06-28,6,Jun 2025,Supplier Portal,Performance-Related,Design Review,7.85,7,True,True,False,True,4,True,True,True,True,PN-42094,ASM-8572,Manufacturing Engineering,exhaust aftertreatment system
ECN-000476,2025-03-21,3,Mar 2025,ERP,Cost-Driven,Design Review,12.06,4,True,False,True,False,0,False,False,False,False,PN-91988,ASM-4726,Electrical Systems,track undercarriage
ECN-000778,2025-04-13,4,Apr 2025,ECN Database,Regulatory Compliance,Final Release,11.27,6,True,False,False,True,4,True,True,True,True,PN-16259,ASM-9566,Supplier Quality,transmission control unit
ECN-000754,2025-04-06,4,Apr 2025,CAD,Customer-Requested,Design Review,29.89,4,True,False,False,False,2,True,True,False,False,PN-95162,ASM-1599,Regulatory Affairs,exhaust aftertreatment system
ECN-000173,2025-01-25,1,Jan 2025,Supplier Portal,Performance-Related,Quality Approval,21.33,8,True,True,False,True,4,True,True,True,True,PN-16705,ASM-4189,Powertrain Engineering,fuel injection system
ECN-000451,2025-03-27,3,Mar 2025,CAD,Cost-Driven,Manufacturing,18.77,8,False,False,False,True,4,True,True,True,True,PN-71349,ASM-1994,Structural Engineering,steering valve block
ECN-000126,2025-01-02,1,Jan 2025,CAD,Regulatory Compliance,Quality Approval,34.71,9,True,True,False,True,4,True,True,True,True,PN-18950,ASM-8682,Quality Assurance,fuel injection system
ECN-000931,2025-05-15,5,May 2025,ECN Database,Cost-Driven,Design Review,11.96,4,True,False,False,False,3,True,True,True,False,PN-81260,ASM-2290,Powertrain Engineering,final drive assembly
ECN-000531,2025-03-22,3,Mar 2025,ECN Database,Performance-Related,Manufacturing,19.84,5,True,True,False,False,2,True,False,True,False,PN-21592,ASM-5017,Electrical Systems,engine control module
ECN-000091,2025-01-28,1,Jan 2025,CAD,Safety-Critical,Final Release,11.49,5,False,False,False,False,2,True,True,False,False,PN-55293,ASM-5901,Hydraulics Engineering,final drive assembly
ECN-001162,2025-06-18,6,Jun 2025,Supplier Portal,Performance-Related,Manufacturing,8.26,8,True,False,False,True,4,True,True,True,True,PN-87307,ASM-5896,Quality Assurance,track undercarriage
ECN-000182,2025-01-23,1,Jan 2025,ERP,Customer-Requested,Final Release,12.74,2,True,False,False,False,2,True,False,True,False,PN-83149,ASM-5890,Supplier Quality,boom cylinder
ECN-001027,2025-06-13,6,Jun 2025,ECN Database,Regulatory Compliance,Manufacturing,8.94,5,True,False,False,True,4,True,True,True,True,PN-76608,ASM-6636,Manufacturing Engineering,boom cylinder
ECN-001000,2025-05-20,5,May 2025,Supplier Portal,Cost-Driven,Design Review,14.23,2,True,False,False,True,4,True,True,True,True,PN-34921,ASM-4399,Electrical Systems,steering valve block
ECN-000252,2025-02-19,2,Feb 2025,CAD,Regulatory Compliance,Quality Approval,18.66,5,True,True,False,True,4,True,True,True,True,PN-46842,ASM-9827,Manufacturing Engineering,exhaust aftertreatment system
ECN-000070,2025-01-03,1,Jan 2025,ERP,Regulatory Compliance,Final Release,18.47,4,False,True,False,True,4,True,True,True,True,PN-91987,ASM-4457,Hydraulics Engineering,hydraulic pump
ECN-000132,2025-01-05,1,Jan 2025,Supplier Portal,Customer-Requested,Design Review,9.88,3,True,False,False,True,4,True,True,True,True,PN-96980,ASM-3317,Hydraulics Engineering,fuel injection system
ECN-000301,2025-02-06,2,Feb 2025,MMS,Performance-Related,Quality Approval,7.0,4,False,False,False,True,4,True,True,True,True,PN-59197,ASM-2661,Manufacturing Engineering,track undercarriage
ECN-001133,2025-06-21,6,Jun 2025,PLM,Performance-Related,Manufacturing,15.27,2,True,True,False,True,4,True,True,True,True,PN-42118,ASM-8268,Structural Engineering,boom cylinder
ECN-000327,2025-02-28,2,Feb 2025,PLM,Regulatory Compliance,Quality Approval,10.12,3,True,False,True,True,4,True,True,True,True,PN-50250,ASM-7889,Manufacturing Engineering,boom cylinder
ECN-001020,2025-06-01,6,Jun 2025,MMS,Performance-Related,Manufacturing,6.54,5,False,False,False,True,4,True,True,True,True,PN-50225,ASM-6259,Powertrain Engineering,cooling fan clutch
ECN-000500,2025-03-31,3,Mar 2025,PLM,Cost-Driven,Final Release,32.54,3,True,False,True,False,2,True,True,False,False,PN-49358,ASM-9301,Hydraulics Engineering,cooling fan clutch
ECN-000666,2025-04-15,4,Apr 2025,ECN Database,Customer-Requested,Quality Approval,12.64,9,True,False,False,True,4,True,True,True,True,PN-30155,ASM-1473,Hydraulics Engineering,exhaust aftertreatment system
ECN-000919,2025-05-31,5,May 2025,PLM,Safety-Critical,Quality Approval,16.28,2,True,False,False,True,4,True,True,True,True,PN-59487,ASM-4541,Quality Assurance,transmission control unit
ECN-000496,2025-03-20,3,Mar 2025,CAD,Performance-Related,Design Review,3.53,4,True,False,False,True,4,True,True,True,True,PN-73394,ASM-5705,Electrical Systems,exhaust aftertreatment system
ECN-000339,2025-02-03,2,Feb 2025,ECN Database,Performance-Related,Design Review,7.08,2,True,True,False,True,4,True,True,True,True,PN-73001,ASM-6416,Structural Engineering,transmission control unit
ECN-000964,2025-05-05,5,May 2025,PLM,Safety-Critical,Manufacturing,15.87,7,True,False,False,True,4,True,True,True,True,PN-41276,ASM-3789,Structural Engineering,alternator
ECN-000165,2025-01-05,1,Jan 2025,ERP,Cost-Driven,Final Release,21.15,5,True,False,True,False,1,False,False,False,True,PN-79924,ASM-2530,Field Service,steering valve block
ECN-000029,2025-01-03,1,Jan 2025,ECN Database,Safety-Critical,Design Review,23.56,1,False,False,False,True,4,True,True,True,True,PN-36685,ASM-5325,Supplier Quality,exhaust aftertreatment system
ECN-000517,2025-03-15,3,Mar 2025,MMS,Performance-Related,Quality Approval,19.47,3,True,False,False,True,4,True,True,True,True,PN-24022,ASM-6339,Hydraulics Engineering,transmission control unit
ECN-000194,2025-01-12,1,Jan 2025,MMS,Customer-Requested,Final Release,8.0,3,True,False,False,False,1,False,False,True,False,PN-90560,ASM-4618,Field Service,steering valve block
ECN-001104,2025-06-20,6,Jun 2025,MMS,Safety-Critical,Final Release,8.61,2,False,False,False,True,4,True,True,True,True,PN-89760,ASM-3918,Powertrain Engineering,cab HVAC unit
ECN-000170,2025-01-01,1,Jan 2025,PLM,Customer-Requested,Manufacturing,13.74,4,True,True,True,True,4,True,True,True,True,PN-30885,ASM-9163,Manufacturing Engineering,alternator
ECN-001059,2025-06-09,6,Jun 2025,ECN Database,Performance-Related,Quality Approval,2.9,6,False,False,False,False,2,False,True,False,True,PN-49513,ASM-1397,Quality Assurance,hydraulic pump
ECN-000174,2025-01-07,1,Jan 2025,Supplier Portal,Customer-Requested,Design Review,19.49,4,True,False,True,False,2,False,True,False,True,PN-22672,ASM-7453,Hydraulics Engineering,cooling fan clutch
ECN-000519,2025-03-24,3,Mar 2025,ECN Database,Cost-Driven,Final Release,9.85,5,True,False,True,True,4,True,True,True,True,PN-84345,ASM-6606,Regulatory Affairs,exhaust aftertreatment system
ECN-000969,2025-05-22,5,May 2025,ERP,Customer-Requested,Quality Approval,9.29,1,True,False,False,True,4,True,True,True,True,PN-45381,ASM-9508,Structural Engineering,transmission control unit
ECN-000702,2025-04-19,4,Apr 2025,ECN Database,Performance-Related,Quality Approval,8.97,1,True,False,False,True,4,True,True,True,True,PN-85030,ASM-1085,Structural Engineering,engine control module
ECN-000492,2025-03-08,3,Mar 2025,Supplier Portal,Customer-Requested,Design Review,16.3,1,True,False,False,True,4,True,True,True,True,PN-96438,ASM-8794,Supplier Quality,boom cylinder
ECN-000074,2025-01-30,1,Jan 2025,CAD,Performance-Related,Quality Approval,54.83,6,True,True,False,True,4,True,True,True,True,PN-89129,ASM-5102,Regulatory Affairs,hydraulic pump
ECN-000981,2025-05-27,5,May 2025,PLM,Cost-Driven,Design Review,12.6,4,True,True,False,True,4,True,True,True,True,PN-62814,ASM-1097,Regulatory Affairs,hydraulic pump
ECN-000588,2025-03-22,3,Mar 2025,CAD,Regulatory Compliance,Quality Approval,18.95,6,True,True,False,False,1,True,False,False,False,PN-85304,ASM-3072,Powertrain Engineering,engine control module
ECN-000235,2025-02-18,2,Feb 2025,PLM,Customer-Requested,Manufacturing,13.1,3,True,True,False,False,2,True,False,True,False,PN-88372,ASM-8851,Hydraulics Engineering,track undercarriage
ECN-000215,2025-02-24,2,Feb 2025,ECN Database,Cost-Driven,Final Release,17.69,2,True,False,False,True,4,True,True,True,True,PN-29976,ASM-4214,Regulatory Affairs,exhaust aftertreatment system
ECN-000947,2025-05-11,5,May 2025,CAD,Customer-Requested,Design Review,7.09,6,False,False,False,True,4,True,True,True,True,PN-14850,ASM-9740,Quality Assurance,cooling fan clutch
ECN-000133,2025-01-03,1,Jan 2025,ECN Database,Cost-Driven,Design Review,25.21,3,True,False,True,False,3,True,False,True,True,PN-83259,ASM-7171,Hydraulics Engineering,alternator
ECN-001156,2025-06-30,6,Jun 2025,CAD,Safety-Critical,Manufacturing,14.26,2,True,False,False,False,1,False,False,False,True,PN-95654,ASM-7830,Electrical Systems,fuel injection system
ECN-000733,2025-04-29,4,Apr 2025,ECN Database,Performance-Related,Quality Approval,14.15,3,False,False,False,True,4,True,True,True,True,PN-25953,ASM-9491,Regulatory Affairs,track undercarriage
ECN-000941,2025-05-12,5,May 2025,MMS,Cost-Driven,Design Review,9.91,4,True,False,False,True,4,True,True,True,True,PN-14424,ASM-9378,Structural Engineering,engine control module
ECN-000186,2025-01-14,1,Jan 2025,ECN Database,Cost-Driven,Final Release,4.47,1,False,False,False,True,4,True,True,True,True,PN-16880,ASM-2641,Supplier Quality,transmission control unit
ECN-000042,2025-01-22,1,Jan 2025,PLM,Customer-Requested,Quality Approval,28.54,7,True,False,False,False,2,True,False,True,False,PN-10053,ASM-5978,Regulatory Affairs,cooling fan clutch
ECN-000109,2025-01-26,1,Jan 2025,ECN Database,Safety-Critical,Quality Approval,14.93,12,True,False,True,False,1,True,False,False,False,PN-88301,ASM-9692,Manufacturing Engineering,transmission control unit
ECN-000849,2025-05-13,5,May 2025,ERP,Cost-Driven,Final Release,11.24,3,True,False,False,True,4,True,True,True,True,PN-25448,ASM-5752,Supplier Quality,fuel injection system
ECN-000569,2025-03-07,3,Mar 2025,CAD,Customer-Requested,Design Review,9.47,8,False,False,False,True,4,True,True,True,True,PN-58953,ASM-3234,Quality Assurance,cab HVAC unit
ECN-000651,2025-04-08,4,Apr 2025,PLM,Cost-Driven,Manufacturing,15.52,4,True,False,False,True,4,True,True,True,True,PN-36039,ASM-2382,Manufacturing Engineering,steering valve block
ECN-001001,2025-06-04,6,Jun 2025,PLM,Performance-Related,Final Release,10.27,5,True,False,False,True,4,True,True,True,True,PN-66034,ASM-7162,Hydraulics Engineering,final drive assembly
ECN-001166,2025-06-19,6,Jun 2025,PLM,Safety-Critical,Quality Approval,8.66,3,True,False,False,True,4,True,True,True,True,PN-52869,ASM-9827,Powertrain Engineering,track undercarriage
ECN-000484,2025-03-15,3,Mar 2025,ERP,Customer-Requested,Final Release,14.33,4,True,False,False,True,4,True,True,True,True,PN-48165,ASM-8201,Powertrain Engineering,transmission control unit
ECN-000469,2025-03-11,3,Mar 2025,ERP,Regulatory Compliance,Final Release,8.82,4,True,False,False,False,1,True,False,False,False,PN-11800,ASM-6624,Quality Assurance,boom cylinder
ECN-000025,2025-01-08,1,Jan 2025,CAD,Cost-Driven,Quality Approval,29.66,11,False,False,False,True,4,True,True,True,True,PN-96163,ASM-9565,Hydraulics Engineering,hydraulic pump
ECN-000661,2025-04-11,4,Apr 2025,MMS,Cost-Driven,Design Review,14.56,3,True,False,False,False,1,False,False,True,False,PN-47083,ASM-5312,Manufacturing Engineering,alternator
ECN-000680,2025-04-07,4,Apr 2025,PLM,Customer-Requested,Quality Approval,12.16,1,True,False,False,True,4,True,True,True,True,PN-95162,ASM-4961,Structural Engineering,boom cylinder
ECN-000753,2025-04-16,4,Apr 2025,CAD,Regulatory Compliance,Quality Approval,19.81,6,True,False,False,True,4,True,True,True,True,PN-52182,ASM-7125,Structural Engineering,transmission control unit
ECN-000994,2025-05-28,5,May 2025,ECN Database,Safety-Critical,Design Review,6.64,3,True,False,False,True,4,True,True,True,True,PN-52477,ASM-6703,Field Service,transmission control unit
ECN-000367,2025-02-17,2,Feb 2025,MMS,Cost-Driven,Manufacturing,20.34,4,False,False,True,True,4,True,True,True,True,PN-81182,ASM-9798,Quality Assurance,transmission control unit
ECN-000840,2025-05-31,5,May 2025,PLM,Cost-Driven,Quality Approval,9.99,2,True,False,True,True,4,True,True,True,True,PN-45867,ASM-1161,Quality Assurance,cooling fan clutch
ECN-001053,2025-06-18,6,Jun 2025,CAD,Cost-Driven,Design Review,8.51,7,True,False,False,True,4,True,True,True,True,PN-45117,ASM-9314,Powertrain Engineering,boom cylinder
ECN-000384,2025-02-22,2,Feb 2025,ERP,Performance-Related,Manufacturing,4.46,5,True,False,False,False,3,True,False,True,True,PN-76900,ASM-2483,Structural Engineering,final drive assembly
ECN-000455,2025-03-15,3,Mar 2025,CAD,Cost-Driven,Manufacturing,23.84,2,True,False,False,True,4,True,True,True,True,PN-62632,ASM-9268,Quality Assurance,final drive assembly
ECN-000265,2025-02-11,2,Feb 2025,ERP,Regulatory Compliance,Quality Approval,41.18,4,True,True,False,True,4,True,True,True,True,PN-24777,ASM-4949,Structural Engineering,boom cylinder
ECN-000761,2025-04-07,4,Apr 2025,MMS,Regulatory Compliance,Final Release,15.6,2,False,False,False,True,4,True,True,True,True,PN-70476,ASM-6581,Electrical Systems,transmission control unit
ECN-000980,2025-05-29,5,May 2025,CAD,Customer-Requested,Design Review,12.28,4,True,False,False,True,4,True,True,True,True,PN-49634,ASM-4975,Quality Assurance,engine control module
ECN-000445,2025-03-12,3,Mar 2025,CAD,Performance-Related,Manufacturing,22.94,3,True,False,True,True,4,True,True,True,True,PN-48628,ASM-9892,Structural Engineering,cab HVAC unit
ECN-000396,2025-02-02,2,Feb 2025,Supplier Portal,Regulatory Compliance,Design Review,6.9,4,False,False,True,True,4,True,True,True,True,PN-76107,ASM-7877,Supplier Quality,hydraulic pump
ECN-000742,2025-04-02,4,Apr 2025,ERP,Regulatory Compliance,Design Review,8.42,3,False,False,False,True,4,True,True,True,True,PN-89079,ASM-6618,Structural Engineering,final drive assembly
ECN-000177,2025-01-10,1,Jan 2025,ECN Database,Regulatory Compliance,Final Release,22.34,5,True,False,True,True,4,True,True,True,True,PN-12180,ASM-7035,Field Service,exhaust aftertreatment system
ECN-000019,2025-01-02,1,Jan 2025,MMS,Customer-Requested,Quality Approval,22.33,8,True,False,False,True,4,True,True,True,True,PN-65519,ASM-7735,Regulatory Affairs,steering valve block
ECN-000949,2025-05-06,5,May 2025,PLM,Customer-Requested,Manufacturing,15.37,5,True,False,False,True,4,True,True,True,True,PN-28184,ASM-2722,Powertrain Engineering,boom cylinder
ECN-000815,2025-05-19,5,May 2025,ECN Database,Customer-Requested,Manufacturing,18.06,2,True,False,True,False,1,False,True,False,False,PN-48138,ASM-2436,Field Service,boom cylinder
ECN-000596,2025-03-03,3,Mar 2025,Supplier Portal,Customer-Requested,Final Release,8.03,2,True,False,False,True,4,True,True,True,True,PN-37234,ASM-5968,Hydraulics Engineering,final drive assembly
ECN-000062,2025-01-22,1,Jan 2025,Supplier Portal,Regulatory Compliance,Design Review,17.24,4,True,False,False,True,4,True,True,True,True,PN-68743,ASM-1282,Structural Engineering,boom cylinder
ECN-000273,2025-02-25,2,Feb 2025,PLM,Customer-Requested,Design Review,14.2,2,False,False,False,True,4,True,True,True,True,PN-57202,ASM-1908,Structural Engineering,cab HVAC unit
ECN-001126,2025-06-18,6,Jun 2025,MMS,Performance-Related,Manufacturing,12.02,4,True,False,False,False,3,False,True,True,True,PN-26186,ASM-2588,Regulatory Affairs,final drive assembly
ECN-000279,2025-02-23,2,Feb 2025,CAD,Regulatory Compliance,Manufacturing,12.68,4,True,False,False,True,4,True,True,True,True,PN-23624,ASM-4361,Regulatory Affairs,steering valve block
ECN-000842,2025-05-22,5,May 2025,ERP,Cost-Driven,Design Review,16.17,4,True,False,False,True,4,True,True,True,True,PN-32380,ASM-6210,Hydraulics Engineering,exhaust aftertreatment system
ECN-000369,2025-02-21,2,Feb 2025,ERP,Customer-Requested,Final Release,10.5,5,True,False,False,True,4,True,True,True,True,PN-77746,ASM-7143,Field Service,transmission control unit
ECN-000887,2025-05-26,5,May 2025,ECN Database,Cost-Driven,Manufacturing,10.12,2,False,False,False,True,4,True,True,True,True,PN-21855,ASM-6292,Field Service,track undercarriage
ECN-001015,2025-06-09,6,Jun 2025,Supplier Portal,Customer-Requested,Final Release,3.8,3,True,False,False,False,2,True,True,False,False,PN-14424,ASM-5428,Powertrain Engineering,engine control module
ECN-000860,2025-05-21,5,May 2025,PLM,Safety-Critical,Final Release,10.37,5,True,False,False,True,4,True,True,True,True,PN-50166,ASM-4791,Regulatory Affairs,track undercarriage
ECN-000721,2025-04-14,4,Apr 2025,Supplier Portal,Performance-Related,Manufacturing,11.98,4,False,False,False,True,4,True,True,True,True,PN-84481,ASM-7664,Quality Assurance,steering valve block
ECN-000826,2025-05-21,5,May 2025,ECN Database,Cost-Driven,Design Review,10.54,2,False,False,False,False,2,True,True,False,False,PN-14455,ASM-2946,Regulatory Affairs,final drive assembly
ECN-000548,2025-03-19,3,Mar 2025,ECN Database,Safety-Critical,Final Release,14.76,2,True,False,False,False,1,False,True,False,False,PN-94323,ASM-2740,Supplier Quality,track undercarriage
ECN-000880,2025-05-11,5,May 2025,MMS,Safety-Critical,Design Review,9.72,3,True,False,False,True,4,True,True,True,True,PN-28249,ASM-8871,Hydraulics Engineering,fuel injection system
ECN-000900,2025-05-25,5,May 2025,MMS,Cost-Driven,Final Release,5.73,0,True,True,False,True,4,True,True,True,True,PN-73413,ASM-1748,Powertrain Engineering,engine control module
ECN-000457,2025-03-24,3,Mar 2025,PLM,Customer-Requested,Quality Approval,9.33,8,True,False,False,True,4,True,True,True,True,PN-82120,ASM-5162,Supplier Quality,transmission control unit
ECN-000394,2025-02-20,2,Feb 2025,ECN Database,Customer-Requested,Quality Approval,24.65,5,False,False,False,True,4,True,True,True,True,PN-32356,ASM-4594,Structural Engineering,exhaust aftertreatment system
ECN-000676,2025-04-30,4,Apr 2025,ERP,Customer-Requested,Quality Approval,11.52,4,True,False,False,True,4,True,True,True,True,PN-86966,ASM-8454,Field Service,alternator
ECN-000912,2025-05-25,5,May 2025,MMS,Safety-Critical,Design Review,3.59,5,True,False,False,False,1,True,False,False,False,PN-30413,ASM-8699,Powertrain Engineering,cab HVAC unit
ECN-000965,2025-05-22,5,May 2025,PLM,Cost-Driven,Manufacturing,11.71,8,True,True,False,True,4,True,True,True,True,PN-53785,ASM-1341,Structural Engineering,steering valve block
ECN-000376,2025-02-07,2,Feb 2025,MMS,Performance-Related,Design Review,11.31,2,True,False,False,True,4,True,True,True,True,PN-82551,ASM-3316,Manufacturing Engineering,alternator
ECN-000413,2025-03-05,3,Mar 2025,PLM,Customer-Requested,Quality Approval,17.82,6,True,False,False,True,4,True,True,True,True,PN-36170,ASM-4847,Supplier Quality,steering valve block
ECN-000075,2025-01-11,1,Jan 2025,MMS,Safety-Critical,Manufacturing,11.26,7,True,True,True,True,4,True,True,True,True,PN-21959,ASM-8700,Regulatory Affairs,final drive assembly
ECN-001122,2025-06-22,6,Jun 2025,MMS,Cost-Driven,Manufacturing,9.74,6,True,False,False,True,4,True,True,True,True,PN-54951,ASM-6580,Electrical Systems,cab HVAC unit
ECN-000863,2025-05-08,5,May 2025,ECN Database,Cost-Driven,Quality Approval,13.37,4,True,False,False,True,4,True,True,True,True,PN-24618,ASM-2587,Manufacturing Engineering,fuel injection system
ECN-000501,2025-03-05,3,Mar 2025,ECN Database,Cost-Driven,Manufacturing,18.35,5,True,False,False,True,4,True,True,True,True,PN-54294,ASM-8849,Supplier Quality,final drive assembly
ECN-000942,2025-05-12,5,May 2025,ERP,Customer-Requested,Design Review,18.27,3,True,True,False,True,4,True,True,True,True,PN-52294,ASM-8035,Hydraulics Engineering,hydraulic pump
ECN-000617,2025-04-28,4,Apr 2025,MMS,Customer-Requested,Design Review,5.81,2,False,False,False,True,4,True,True,True,True,PN-23332,ASM-3764,Regulatory Affairs,track undercarriage
ECN-000115,2025-01-22,1,Jan 2025,MMS,Performance-Related,Final Release,18.69,2,True,False,False,True,4,True,True,True,True,PN-89822,ASM-5381,Electrical Systems,exhaust aftertreatment system
ECN-000418,2025-03-06,3,Mar 2025,MMS,Regulatory Compliance,Final Release,9.36,1,True,False,False,True,4,True,True,True,True,PN-44452,ASM-4885,Quality Assurance,cooling fan clutch
ECN-000602,2025-04-11,4,Apr 2025,CAD,Regulatory Compliance,Design Review,16.1,3,True,False,False,True,4,True,True,True,True,PN-77353,ASM-4175,Electrical Systems,cooling fan clutch
ECN-000605,2025-04-27,4,Apr 2025,MMS,Safety-Critical,Design Review,4.28,3,True,False,False,True,4,True,True,True,True,PN-64702,ASM-8544,Electrical Systems,alternator
ECN-000090,2025-01-22,1,Jan 2025,Supplier Portal,Regulatory Compliance,Manufacturing,28.19,5,True,False,False,True,4,True,True,True,True,PN-93611,ASM-5161,Supplier Quality,final drive assembly
ECN-001149,2025-06-16,6,Jun 2025,ERP,Regulatory Compliance,Final Release,11.28,2,True,False,False,True,4,True,True,True,True,PN-41973,ASM-8819,Supplier Quality,hydraulic pump
ECN-000499,2025-03-23,3,Mar 2025,CAD,Safety-Critical,Manufacturing,9.3,1,True,True,False,True,4,True,True,True,True,PN-53750,ASM-6728,Regulatory Affairs,track undercarriage
ECN-000876,2025-05-31,5,May 2025,ECN Database,Performance-Related,Final Release,9.07,5,False,True,False,True,4,True,True,True,True,PN-33791,ASM-8526,Hydraulics Engineering,cab HVAC unit
ECN-000927,2025-05-27,5,May 2025,ECN Database,Cost-Driven,Manufacturing,10.01,3,True,True,True,True,4,True,True,True,True,PN-12035,ASM-1430,Regulatory Affairs,hydraulic pump
ECN-000999,2025-05-11,5,May 2025,ERP,Customer-Requested,Final Release,10.56,3,True,False,False,True,4,True,True,True,True,PN-28423,ASM-1085,Supplier Quality,engine control module
ECN-000012,2025-01-17,1,Jan 2025,ERP,Customer-Requested,Design Review,30.51,5,True,False,False,True,4,True,True,True,True,PN-94012,ASM-6573,Electrical Systems,engine control module
ECN-000397,2025-02-17,2,Feb 2025,MMS,Customer-Requested,Quality Approval,32.98,3,True,True,False,True,4,True,True,True,True,PN-73208,ASM-3135,Hydraulics Engineering,transmission control unit
ECN-000755,2025-04-15,4,Apr 2025,Supplier Portal,Performance-Related,Manufacturing,11.79,1,True,False,False,True,4,True,True,True,True,PN-27606,ASM-2376,Electrical Systems,cooling fan clutch
ECN-000556,2025-03-08,3,Mar 2025,ECN Database,Customer-Requested,Quality Approval,21.47,4,True,False,False,True,4,True,True,True,True,PN-14833,ASM-3319,Supplier Quality,exhaust aftertreatment system
ECN-000043,2025-01-01,1,Jan 2025,PLM,Cost-Driven,Design Review,13.31,2,True,True,False,True,4,True,True,True,True,PN-53933,ASM-2530,Electrical Systems,cooling fan clutch
ECN-000168,2025-01-18,1,Jan 2025,PLM,Customer-Requested,Design Review,16.51,4,False,True,True,True,4,True,True,True,True,PN-36741,ASM-6573,Structural Engineering,track undercarriage
ECN-000417,2025-03-12,3,Mar 2025,Supplier Portal,Customer-Requested,Design Review,9.18,6,False,False,True,True,4,True,True,True,True,PN-51373,ASM-1137,Electrical Systems,alternator
ECN-000577,2025-03-20,3,Mar 2025,CAD,Safety-Critical,Design Review,5.98,2,True,False,False,True,4,True,True,True,True,PN-60446,ASM-6454,Powertrain Engineering,alternator
ECN-000268,2025-02-17,2,Feb 2025,ERP,Performance-Related,Final Release,6.72,3,False,True,True,True,4,True,True,True,True,PN-93956,ASM-9791,Regulatory Affairs,track undercarriage
ECN-000808,2025-05-15,5,May 2025,ECN Database,Customer-Requested,Design Review,14.33,3,True,False,False,True,4,True,True,True,True,PN-90059,ASM-1937,Regulatory Affairs,steering valve block
ECN-000427,2025-03-24,3,Mar 2025,CAD,Regulatory Compliance,Quality Approval,21.04,4,True,False,False,True,4,True,True,True,True,PN-30352,ASM-2381,Field Service,engine control module
ECN-000691,2025-04-27,4,Apr 2025,Supplier Portal,Regulatory Compliance,Design Review,13.95,8,False,True,False,True,4,True,True,True,True,PN-97750,ASM-2706,Electrical Systems,alternator
ECN-000545,2025-03-25,3,Mar 2025,MMS,Customer-Requested,Manufacturing,7.03,2,True,False,False,True,4,True,True,True,True,PN-48609,ASM-8650,Quality Assurance,engine control module
ECN-001123,2025-06-07,6,Jun 2025,ECN Database,Customer-Requested,Design Review,11.62,5,False,False,False,True,4,True,True,True,True,PN-96599,ASM-2287,Regulatory Affairs,cooling fan clutch
ECN-000675,2025-04-03,4,Apr 2025,MMS,Performance-Related,Final Release,11.89,3,False,True,False,False,1,True,False,False,False,PN-24933,ASM-8583,Electrical Systems,engine control module
ECN-000690,2025-04-09,4,Apr 2025,ERP,Safety-Critical,Final Release,8.23,2,True,False,False,True,4,True,True,True,True,PN-43793,ASM-6575,Supplier Quality,transmission control unit
ECN-001055,2025-06-07,6,Jun 2025,ECN Database,Regulatory Compliance,Final Release,3.97,7,True,False,False,True,4,True,True,True,True,PN-50437,ASM-8334,Manufacturing Engineering,boom cylinder
ECN-001177,2025-06-19,6,Jun 2025,PLM,Customer-Requested,Design Review,13.57,2,True,False,False,True,4,True,True,True,True,PN-95253,ASM-7384,Supplier Quality,cooling fan clutch
ECN-001033,2025-06-16,6,Jun 2025,ECN Database,Performance-Related,Final Release,6.88,2,True,False,False,False,2,True,True,False,False,PN-25461,ASM-2335,Manufacturing Engineering,cooling fan clutch
ECN-001035,2025-06-23,6,Jun 2025,CAD,Performance-Related,Final Release,16.11,3,True,False,False,True,4,True,True,True,True,PN-13136,ASM-3735,Powertrain Engineering,final drive assembly
ECN-000258,2025-02-07,2,Feb 2025,ECN Database,Cost-Driven,Manufacturing,13.85,5,False,False,False,True,4,True,True,True,True,PN-26284,ASM-3588,Structural Engineering,steering valve block
ECN-000336,2025-02-23,2,Feb 2025,ERP,Safety-Critical,Manufacturing,11.73,3,False,False,False,True,4,True,True,True,True,PN-25176,ASM-7828,Powertrain Engineering,engine control module
ECN-000016,2025-01-03,1,Jan 2025,CAD,Performance-Related,Manufacturing,22.06,4,False,False,False,False,3,True,True,False,True,PN-62296,ASM-7118,Supplier Quality,alternator
ECN-000902,2025-05-25,5,May 2025,ECN Database,Performance-Related,Final Release,13.42,1,True,True,False,True,4,True,True,True,True,PN-86855,ASM-1612,Regulatory Affairs,hydraulic pump
ECN-000325,2025-02-22,2,Feb 2025,CAD,Cost-Driven,Design Review,14.3,4,True,False,True,True,4,True,True,True,True,PN-63031,ASM-7361,Field Service,cooling fan clutch
ECN-000608,2025-04-02,4,Apr 2025,PLM,Customer-Requested,Final Release,10.55,2,False,False,False,True,4,True,True,True,True,PN-24131,ASM-1537,Powertrain Engineering,track undercarriage
ECN-001054,2025-06-16,6,Jun 2025,ECN Database,Safety-Critical,Design Review,6.58,3,False,False,False,True,4,True,True,True,True,PN-61298,ASM-8240,Manufacturing Engineering,cooling fan clutch
ECN-000791,2025-04-08,4,Apr 2025,MMS,Customer-Requested,Quality Approval,17.69,9,False,False,False,True,4,True,True,True,True,PN-40973,ASM-9313,Electrical Systems,final drive assembly
ECN-000223,2025-02-06,2,Feb 2025,Supplier Portal,Customer-Requested,Manufacturing,20.51,5,False,False,False,True,4,True,True,True,True,PN-37152,ASM-3362,Manufacturing Engineering,final drive assembly
ECN-000180,2025-01-11,1,Jan 2025,ECN Database,Cost-Driven,Design Review,9.03,3,False,False,True,True,4,True,True,True,True,PN-29848,ASM-7765,Manufacturing Engineering,cab HVAC unit
ECN-000100,2025-01-14,1,Jan 2025,CAD,Customer-Requested,Quality Approval,41.75,9,False,True,False,False,2,True,True,False,False,PN-86983,ASM-3531,Electrical Systems,fuel injection system
ECN-000522,2025-03-07,3,Mar 2025,ERP,Cost-Driven,Manufacturing,25.15,4,True,False,False,True,4,True,True,True,True,PN-96623,ASM-3444,Powertrain Engineering,steering valve block
ECN-000023,2025-01-02,1,Jan 2025,Supplier Portal,Customer-Requested,Final Release,6.08,3,True,False,False,True,4,True,True,True,True,PN-96752,ASM-8973,Regulatory Affairs,cooling fan clutch
ECN-000357,2025-02-26,2,Feb 2025,ERP,Customer-Requested,Quality Approval,43.44,0,False,True,False,True,4,True,True,True,True,PN-89822,ASM-5067,Regulatory Affairs,transmission control unit
ECN-000734,2025-04-29,4,Apr 2025,Supplier Portal,Customer-Requested,Manufacturing,21.44,7,False,False,False,True,4,True,True,True,True,PN-65058,ASM-9723,Powertrain Engineering,boom cylinder
ECN-001094,2025-06-29,6,Jun 2025,PLM,Regulatory Compliance,Final Release,8.59,2,True,False,False,False,1,True,False,False,False,PN-28325,ASM-8655,Quality Assurance,transmission control unit
ECN-001112,2025-06-09,6,Jun 2025,MMS,Cost-Driven,Manufacturing,19.06,9,True,False,False,True,4,True,True,True,True,PN-25931,ASM-9021,Field Service,cab HVAC unit
ECN-000612,2025-04-14,4,Apr 2025,ERP,Customer-Requested,Manufacturing,11.48,3,True,True,False,True,4,True,True,True,True,PN-87251,ASM-4033,Structural Engineering,transmission control unit
ECN-001010,2025-06-20,6,Jun 2025,ECN Database,Customer-Requested,Design Review,9.17,3,True,False,True,True,4,True,True,True,True,PN-20041,ASM-1928,Supplier Quality,hydraulic pump
ECN-000341,2025-02-28,2,Feb 2025,ERP,Customer-Requested,Manufacturing,15.45,5,True,False,False,True,4,True,True,True,True,PN-98705,ASM-6123,Field Service,hydraulic pump
ECN-000432,2025-03-08,3,Mar 2025,ERP,Customer-Requested,Manufacturing,12.45,2,True,False,False,False,1,True,False,False,False,PN-81855,ASM-7121,Supplier Quality,cooling fan clutch
ECN-000962,2025-05-16,5,May 2025,ERP,Cost-Driven,Manufacturing,16.39,5,True,True,False,True,4,True,True,True,True,PN-91293,ASM-7628,Field Service,engine control module
ECN-000218,2025-02-18,2,Feb 2025,CAD,Safety-Critical,Quality Approval,20.63,8,False,False,True,True,4,True,True,True,True,PN-12061,ASM-1108,Structural Engineering,exhaust aftertreatment system
ECN-000204,2025-02-08,2,Feb 2025,ECN Database,Cost-Driven,Quality Approval,22.09,6,True,True,False,True,4,True,True,True,True,PN-37011,ASM-2102,Powertrain Engineering,track undercarriage
ECN-000906,2025-05-25,5,May 2025,MMS,Cost-Driven,Manufacturing,9.84,4,True,False,False,False,0,False,False,False,False,PN-21695,ASM-2165,Manufacturing Engineering,exhaust aftertreatment system
ECN-000923,2025-05-04,5,May 2025,ECN Database,Customer-Requested,Quality Approval,6.77,3,True,True,True,True,4,True,True,True,True,PN-63907,ASM-2698,Powertrain Engineering,engine control module
ECN-000094,2025-01-19,1,Jan 2025,CAD,Performance-Related,Manufacturing,24.94,8,False,False,False,True,4,True,True,True,True,PN-93442,ASM-4115,Manufacturing Engineering,exhaust aftertreatment system
ECN-000911,2025-05-04,5,May 2025,CAD,Cost-Driven,Final Release,11.32,2,False,False,False,True,4,True,True,True,True,PN-66769,ASM-4268,Hydraulics Engineering,alternator
ECN-000069,2025-01-19,1,Jan 2025,Supplier Portal,Safety-Critical,Design Review,9.84,1,True,True,False,False,3,False,True,True,True,PN-69049,ASM-8253,Electrical Systems,boom cylinder
ECN-000895,2025-05-30,5,May 2025,Supplier Portal,Cost-Driven,Quality Approval,8.5,5,True,False,False,True,4,True,True,True,True,PN-89190,ASM-3843,Powertrain Engineering,final drive assembly
ECN-000285,2025-02-08,2,Feb 2025,PLM,Cost-Driven,Manufacturing,11.39,6,False,True,False,False,1,False,True,False,False,PN-32789,ASM-1509,Field Service,steering valve block
ECN-000697,2025-04-28,4,Apr 2025,CAD,Customer-Requested,Design Review,15.75,7,True,False,False,True,4,True,True,True,True,PN-17577,ASM-9516,Quality Assurance,hydraulic pump
ECN-000086,2025-01-28,1,Jan 2025,Supplier Portal,Safety-Critical,Design Review,13.99,2,False,True,False,False,3,True,True,True,False,PN-98389,ASM-9742,Hydraulics Engineering,track undercarriage
ECN-000435,2025-03-23,3,Mar 2025,MMS,Safety-Critical,Quality Approval,9.09,5,False,False,False,True,4,True,True,True,True,PN-16505,ASM-9764,Powertrain Engineering,fuel injection system
ECN-000797,2025-04-25,4,Apr 2025,ECN Database,Customer-Requested,Final Release,9.27,2,False,False,True,False,2,True,True,False,False,PN-15089,ASM-3039,Hydraulics Engineering,cooling fan clutch
ECN-000154,2025-01-31,1,Jan 2025,PLM,Cost-Driven,Quality Approval,62.22,6,True,False,False,False,1,False,False,True,False,PN-97973,ASM-7655,Powertrain Engineering,cooling fan clutch
ECN-000076,2025-01-28,1,Jan 2025,Supplier Portal,Performance-Related,Final Release,17.45,4,False,False,False,False,3,False,True,True,True,PN-96846,ASM-7561,Structural Engineering,alternator
ECN-001043,2025-06-29,6,Jun 2025,MMS,Regulatory Compliance,Quality Approval,7.3,2,True,False,False,True,4,True,True,True,True,PN-48658,ASM-2795,Quality Assurance,transmission control unit
ECN-000581,2025-03-07,3,Mar 2025,MMS,Performance-Related,Manufacturing,25.31,3,True,False,False,False,2,False,True,True,False,PN-69241,ASM-7031,Electrical Systems,transmission control unit
ECN-000447,2025-03-11,3,Mar 2025,ECN Database,Performance-Related,Design Review,19.19,3,False,False,False,True,4,True,True,True,True,PN-34318,ASM-1306,Electrical Systems,hydraulic pump
ECN-000704,2025-04-13,4,Apr 2025,Supplier Portal,Cost-Driven,Design Review,9.71,2,False,False,False,True,4,True,True,True,True,PN-65796,ASM-7751,Hydraulics Engineering,cab HVAC unit
ECN-000189,2025-01-06,1,Jan 2025,ECN Database,Cost-Driven,Final Release,5.15,6,False,False,False,False,1,False,True,False,False,PN-49110,ASM-2758,Powertrain Engineering,cooling fan clutch
ECN-000272,2025-02-21,2,Feb 2025,PLM,Safety-Critical,Final Release,18.87,2,True,True,False,True,4,True,True,True,True,PN-13847,ASM-6488,Field Service,final drive assembly
ECN-000237,2025-02-09,2,Feb 2025,ERP,Customer-Requested,Design Review,11.37,4,False,True,False,True,4,True,True,True,True,PN-94545,ASM-7547,Powertrain Engineering,exhaust aftertreatment system
ECN-000488,2025-03-31,3,Mar 2025,ERP,Customer-Requested,Design Review,12.03,9,True,False,False,True,4,True,True,True,True,PN-68903,ASM-6946,Hydraulics Engineering,engine control module
ECN-001160,2025-06-09,6,Jun 2025,Supplier Portal,Performance-Related,Design Review,6.1,5,False,True,False,True,4,True,True,True,True,PN-96431,ASM-7390,Structural Engineering,cab HVAC unit
ECN-000560,2025-03-13,3,Mar 2025,ERP,Cost-Driven,Final Release,18.52,3,True,True,False,False,2,False,False,True,True,PN-31627,ASM-8187,Manufacturing Engineering,final drive assembly
ECN-000118,2025-01-22,1,Jan 2025,CAD,Cost-Driven,Design Review,9.8,5,True,True,False,True,4,True,True,True,True,PN-66349,ASM-2816,Hydraulics Engineering,transmission control unit
ECN-000638,2025-04-26,4,Apr 2025,PLM,Cost-Driven,Design Review,14.14,5,False,False,True,True,4,True,True,True,True,PN-45744,ASM-3235,Supplier Quality,hydraulic pump
ECN-001128,2025-06-30,6,Jun 2025,ERP,Regulatory Compliance,Final Release,9.47,4,True,False,False,True,4,True,True,True,True,PN-62948,ASM-9107,Regulatory Affairs,transmission control unit
ECN-000751,2025-04-28,4,Apr 2025,ERP,Safety-Critical,Quality Approval,24.29,4,True,False,False,True,4,True,True,True,True,PN-48559,ASM-3434,Supplier Quality,exhaust aftertreatment system
ECN-000513,2025-03-19,3,Mar 2025,ERP,Customer-Requested,Design Review,20.81,4,False,True,False,False,2,False,True,False,True,PN-97932,ASM-9740,Manufacturing Engineering,cooling fan clutch
ECN-000634,2025-04-28,4,Apr 2025,ERP,Customer-Requested,Manufacturing,20.87,7,True,True,False,True,4,True,True,True,True,PN-36224,ASM-7788,Electrical Systems,track undercarriage
ECN-000786,2025-04-05,4,Apr 2025,CAD,Cost-Driven,Manufacturing,12.3,6,True,False,True,True,4,True,True,True,True,PN-87000,ASM-1217,Supplier Quality,alternator
ECN-001007,2025-06-23,6,Jun 2025,MMS,Safety-Critical,Final Release,9.71,5,True,False,False,True,4,True,True,True,True,PN-82416,ASM-8899,Regulatory Affairs,transmission control unit
ECN-000853,2025-05-13,5,May 2025,MMS,Cost-Driven,Quality Approval,5.68,6,True,True,False,True,4,True,True,True,True,PN-67484,ASM-8198,Field Service,transmission control unit
ECN-000127,2025-01-15,1,Jan 2025,Supplier Portal,Performance-Related,Final Release,20.56,4,True,False,False,False,1,True,False,False,False,PN-70521,ASM-8404,Hydraulics Engineering,transmission control unit
ECN-000117,2025-01-09,1,Jan 2025,ERP,Cost-Driven,Final Release,13.41,6,True,False,False,True,4,True,True,True,True,PN-30392,ASM-3579,Hydraulics Engineering,fuel injection system
ECN-000474,2025-03-26,3,Mar 2025,PLM,Cost-Driven,Quality Approval,18.52,2,False,True,False,False,0,False,False,False,False,PN-55453,ASM-6765,Quality Assurance,track undercarriage
ECN-000741,2025-04-25,4,Apr 2025,ERP,Regulatory Compliance,Manufacturing,10.57,7,True,False,False,True,4,True,True,True,True,PN-28045,ASM-1722,Quality Assurance,cab HVAC unit
ECN-000993,2025-05-25,5,May 2025,ECN Database,Safety-Critical,Manufacturing,10.88,5,True,False,False,True,4,True,True,True,True,PN-96303,ASM-5963,Quality Assurance,alternator
ECN-000058,2025-01-14,1,Jan 2025,ERP,Cost-Driven,Manufacturing,14.83,2,False,False,False,False,2,True,False,True,False,PN-65057,ASM-9031,Manufacturing Engineering,steering valve block
ECN-000604,2025-04-28,4,Apr 2025,Supplier Portal,Cost-Driven,Manufacturing,12.74,2,False,False,False,False,1,True,False,False,False,PN-64000,ASM-6575,Manufacturing Engineering,cooling fan clutch
ECN-000787,2025-04-15,4,Apr 2025,ECN Database,Performance-Related,Quality Approval,29.62,4,True,False,False,False,1,True,False,False,False,PN-29879,ASM-7156,Field Service,cab HVAC unit
ECN-000971,2025-05-07,5,May 2025,PLM,Cost-Driven,Final Release,5.37,2,True,True,False,True,4,True,True,True,True,PN-99006,ASM-6715,Quality Assurance,transmission control unit
ECN-000657,2025-04-23,4,Apr 2025,ECN Database,Cost-Driven,Final Release,8.69,5,True,False,True,True,4,True,True,True,True,PN-53628,ASM-4847,Powertrain Engineering,transmission control unit
ECN-000903,2025-05-20,5,May 2025,MMS,Performance-Related,Final Release,17.56,1,True,False,True,True,4,True,True,True,True,PN-89788,ASM-9573,Electrical Systems,final drive assembly
ECN-000922,2025-05-03,5,May 2025,PLM,Regulatory Compliance,Design Review,15.47,5,True,True,False,True,4,True,True,True,True,PN-93113,ASM-5640,Field Service,track undercarriage
ECN-000106,2025-01-15,1,Jan 2025,Supplier Portal,Cost-Driven,Quality Approval,33.02,5,True,False,False,False,2,False,True,False,True,PN-18330,ASM-8802,Electrical Systems,track undercarriage
ECN-000636,2025-04-28,4,Apr 2025,MMS,Cost-Driven,Quality Approval,9.42,7,True,True,False,True,4,True,True,True,True,PN-36299,ASM-6968,Powertrain Engineering,exhaust aftertreatment system
ECN-000370,2025-02-22,2,Feb 2025,ECN Database,Regulatory Compliance,Manufacturing,10.3,3,True,False,False,True,4,True,True,True,True,PN-22577,ASM-3742,Electrical Systems,fuel injection system
ECN-000269,2025-02-02,2,Feb 2025,ERP,Performance-Related,Design Review,14.29,4,True,False,False,True,4,True,True,True,True,PN-61213,ASM-2083,Electrical Systems,final drive assembly
ECN-000656,2025-04-03,4,Apr 2025,PLM,Cost-Driven,Manufacturing,12.78,3,True,False,True,True,4,True,True,True,True,PN-62108,ASM-4476,Quality Assurance,cab HVAC unit
ECN-000047,2025-01-09,1,Jan 2025,CAD,Performance-Related,Quality Approval,27.55,4,False,False,False,False,2,True,True,False,False,PN-73517,ASM-4919,Field Service,steering valve block
ECN-000350,2025-02-20,2,Feb 2025,ECN Database,Safety-Critical,Manufacturing,36.5,5,True,False,False,True,4,True,True,True,True,PN-64046,ASM-1587,Hydraulics Engineering,hydraulic pump
ECN-000774,2025-04-09,4,Apr 2025,PLM,Performance-Related,Quality Approval,13.93,4,True,False,False,True,4,True,True,True,True,PN-59958,ASM-6630,Hydraulics Engineering,hydraulic pump
ECN-000196,2025-01-19,1,Jan 2025,Supplier Portal,Performance-Related,Final Release,14.22,2,True,False,False,False,3,True,True,True,False,PN-83946,ASM-2838,Manufacturing Engineering,transmission control unit
ECN-000103,2025-01-19,1,Jan 2025,ERP,Performance-Related,Final Release,15.18,2,True,False,False,False,1,False,False,False,True,PN-53713,ASM-4990,Powertrain Engineering,steering valve block
ECN-000005,2025-01-13,1,Jan 2025,CAD,Safety-Critical,Quality Approval,23.75,12,True,False,False,True,4,True,True,True,True,PN-16006,ASM-4733,Supplier Quality,exhaust aftertreatment system
ECN-000620,2025-04-20,4,Apr 2025,ECN Database,Customer-Requested,Final Release,9.44,4,True,True,False,True,4,True,True,True,True,PN-23055,ASM-1865,Quality Assurance,steering valve block
ECN-000991,2025-05-12,5,May 2025,ECN Database,Cost-Driven,Quality Approval,22.29,7,True,False,True,True,4,True,True,True,True,PN-70076,ASM-5536,Quality Assurance,fuel injection system
ECN-000053,2025-01-27,1,Jan 2025,PLM,Cost-Driven,Quality Approval,22.57,6,False,False,True,True,4,True,True,True,True,PN-69598,ASM-6355,Manufacturing Engineering,track undercarriage
ECN-000264,2025-02-21,2,Feb 2025,PLM,Regulatory Compliance,Quality Approval,21.01,4,True,True,False,True,4,True,True,True,True,PN-42527,ASM-5668,Field Service,boom cylinder
ECN-001093,2025-06-02,6,Jun 2025,PLM,Regulatory Compliance,Final Release,6.38,6,True,True,False,True,4,True,True,True,True,PN-45251,ASM-2486,Electrical Systems,alternator
ECN-000444,2025-03-29,3,Mar 2025,PLM,Regulatory Compliance,Final Release,9.31,1,True,True,False,True,4,True,True,True,True,PN-35292,ASM-1349,Manufacturing Engineering,steering valve block
ECN-000972,2025-05-10,5,May 2025,PLM,Customer-Requested,Manufacturing,13.82,5,True,False,True,True,4,True,True,True,True,PN-90264,ASM-3014,Electrical Systems,exhaust aftertreatment system
ECN-000783,2025-04-04,4,Apr 2025,ECN Database,Customer-Requested,Design Review,15.41,3,True,True,False,True,4,True,True,True,True,PN-58362,ASM-1719,Field Service,steering valve block
ECN-000847,2025-05-22,5,May 2025,Supplier Portal,Performance-Related,Manufacturing,9.31,8,True,False,True,True,4,True,True,True,True,PN-63145,ASM-1227,Electrical Systems,transmission control unit
ECN-000692,2025-04-25,4,Apr 2025,Supplier Portal,Customer-Requested,Manufacturing,8.95,3,False,False,False,False,0,False,False,False,False,PN-31895,ASM-2934,Electrical Systems,hydraulic pump
ECN-000305,2025-02-16,2,Feb 2025,ECN Database,Safety-Critical,Quality Approval,30.25,7,False,True,False,False,2,True,True,False,False,PN-22712,ASM-1421,Structural Engineering,cooling fan clutch
ECN-000342,2025-02-27,2,Feb 2025,MMS,Cost-Driven,Design Review,30.16,4,True,False,True,True,4,True,True,True,True,PN-56861,ASM-8171,Quality Assurance,steering valve block
ECN-000867,2025-05-26,5,May 2025,ECN Database,Cost-Driven,Quality Approval,3.86,2,True,False,True,True,4,True,True,True,True,PN-31880,ASM-5491,Electrical Systems,transmission control unit
ECN-000314,2025-02-02,2,Feb 2025,ECN Database,Performance-Related,Design Review,6.16,3,True,True,False,True,4,True,True,True,True,PN-84976,ASM-8750,Regulatory Affairs,cooling fan clutch
ECN-000150,2025-01-09,1,Jan 2025,PLM,Safety-Critical,Manufacturing,35.44,6,False,False,False,True,4,True,True,True,True,PN-94790,ASM-4131,Field Service,cab HVAC unit
ECN-000125,2025-01-11,1,Jan 2025,ECN Database,Safety-Critical,Quality Approval,16.13,5,True,False,False,False,1,False,True,False,False,PN-32740,ASM-3504,Field Service,final drive assembly
ECN-001063,2025-06-23,6,Jun 2025,PLM,Cost-Driven,Quality Approval,14.39,9,True,True,False,True,4,True,True,True,True,PN-60123,ASM-1282,Electrical Systems,transmission control unit
ECN-000575,2025-03-28,3,Mar 2025,Supplier Portal,Regulatory Compliance,Design Review,19.59,2,True,False,False,True,4,True,True,True,True,PN-41334,ASM-2486,Manufacturing Engineering,final drive assembly
ECN-000698,2025-04-21,4,Apr 2025,ERP,Regulatory Compliance,Final Release,11.18,3,True,False,True,True,4,True,True,True,True,PN-11035,ASM-5583,Manufacturing Engineering,alternator
ECN-000665,2025-04-13,4,Apr 2025,CAD,Cost-Driven,Final Release,26.48,0,True,False,False,True,4,True,True,True,True,PN-33667,ASM-7822,Electrical Systems,hydraulic pump
ECN-000051,2025-01-30,1,Jan 2025,ERP,Performance-Related,Final Release,21.72,1,False,False,False,True,4,True,True,True,True,PN-38906,ASM-8999,Electrical Systems,alternator
ECN-000727,2025-04-22,4,Apr 2025,PLM,Customer-Requested,Design Review,10.58,2,False,False,False,True,4,True,True,True,True,PN-80533,ASM-2329,Structural Engineering,alternator
ECN-000800,2025-04-18,4,Apr 2025,ECN Database,Performance-Related,Manufacturing,16.75,3,False,True,False,True,4,True,True,True,True,PN-34749,ASM-7929,Hydraulics Engineering,exhaust aftertreatment system
ECN-000354,2025-02-04,2,Feb 2025,MMS,Cost-Driven,Quality Approval,13.63,4,False,False,True,True,4,True,True,True,True,PN-25826,ASM-7437,Supplier Quality,exhaust aftertreatment system
ECN-001153,2025-06-11,6,Jun 2025,ECN Database,Cost-Driven,Final Release,10.63,8,True,False,False,True,4,True,True,True,True,PN-76787,ASM-8708,Powertrain Engineering,cab HVAC unit
ECN-000143,2025-01-14,1,Jan 2025,PLM,Customer-Requested,Design Review,10.9,3,True,False,True,True,4,True,True,True,True,PN-43544,ASM-4533,Hydraulics Engineering,hydraulic pump
ECN-000471,2025-03-13,3,Mar 2025,ECN Database,Cost-Driven,Manufacturing,17.38,7,True,False,False,True,4,True,True,True,True,PN-86415,ASM-9631,Powertrain Engineering,alternator
ECN-000654,2025-04-20,4,Apr 2025,ERP,Performance-Related,Manufacturing,10.63,2,False,True,True,True,4,True,True,True,True,PN-98291,ASM-9096,Regulatory Affairs,transmission control unit
ECN-000400,2025-02-09,2,Feb 2025,CAD,Customer-Requested,Quality Approval,13.35,3,False,False,False,False,3,False,True,True,True,PN-78490,ASM-2930,Powertrain Engineering,alternator
ECN-001154,2025-06-07,6,Jun 2025,Supplier Portal,Cost-Driven,Quality Approval,7.92,6,True,False,False,True,4,True,True,True,True,PN-35374,ASM-2781,Electrical Systems,steering valve block
ECN-000938,2025-05-06,5,May 2025,ERP,Customer-Requested,Manufacturing,23.0,8,True,False,False,False,2,True,False,False,True,PN-74985,ASM-8144,Field Service,steering valve block
ECN-000321,2025-02-26,2,Feb 2025,PLM,Customer-Requested,Final Release,11.15,3,False,True,False,True,4,True,True,True,True,PN-99417,ASM-1145,Electrical Systems,track undercarriage
ECN-000020,2025-01-15,1,Jan 2025,ERP,Cost-Driven,Manufacturing,14.25,4,True,False,False,False,1,False,False,False,True,PN-42591,ASM-4139,Manufacturing Engineering,alternator
ECN-000685,2025-04-16,4,Apr 2025,CAD,Performance-Related,Design Review,7.89,1,True,False,False,False,3,False,True,True,True,PN-74852,ASM-6681,Structural Engineering,track undercarriage
ECN-000036,2025-01-12,1,Jan 2025,ECN Database,Performance-Related,Design Review,12.71,2,True,False,False,True,4,True,True,True,True,PN-62227,ASM-6378,Powertrain Engineering,boom cylinder
ECN-000825,2025-05-19,5,May 2025,MMS,Regulatory Compliance,Design Review,21.64,7,True,False,False,True,4,True,True,True,True,PN-22589,ASM-6825,Quality Assurance,steering valve block
ECN-000506,2025-03-25,3,Mar 2025,PLM,Safety-Critical,Design Review,22.76,4,True,False,True,True,4,True,True,True,True,PN-13268,ASM-8907,Structural Engineering,engine control module
ECN-000828,2025-05-23,5,May 2025,ECN Database,Cost-Driven,Quality Approval,7.77,6,True,False,False,True,4,True,True,True,True,PN-39482,ASM-1377,Structural Engineering,engine control module
ECN-001071,2025-06-06,6,Jun 2025,Supplier Portal,Cost-Driven,Quality Approval,12.62,4,True,False,False,True,4,True,True,True,True,PN-89235,ASM-5116,Manufacturing Engineering,alternator
ECN-000408,2025-03-01,3,Mar 2025,CAD,Safety-Critical,Design Review,6.42,4,True,False,False,True,4,True,True,True,True,PN-46242,ASM-4707,Manufacturing Engineering,transmission control unit
ECN-000818,2025-05-20,5,May 2025,CAD,Customer-Requested,Final Release,10.98,4,True,False,True,False,2,True,True,False,False,PN-99126,ASM-8467,Supplier Quality,cooling fan clutch
ECN-000538,2025-03-13,3,Mar 2025,ECN Database,Regulatory Compliance,Manufacturing,12.25,1,True,True,False,True,4,True,True,True,True,PN-49500,ASM-8803,Regulatory Affairs,cab HVAC unit
ECN-000759,2025-04-27,4,Apr 2025,Supplier Portal,Customer-Requested,Design Review,4.1,5,True,False,False,True,4,True,True,True,True,PN-44227,ASM-1139,Quality Assurance,exhaust aftertreatment system
ECN-001069,2025-06-13,6,Jun 2025,PLM,Performance-Related,Manufacturing,14.03,6,True,False,False,True,4,True,True,True,True,PN-35869,ASM-8169,Hydraulics Engineering,alternator
ECN-000893,2025-05-25,5,May 2025,ERP,Cost-Driven,Final Release,10.44,5,True,False,False,True,4,True,True,True,True,PN-42118,ASM-2262,Quality Assurance,fuel injection system
ECN-000039,2025-01-12,1,Jan 2025,MMS,Performance-Related,Design Review,12.99,4,False,False,False,False,3,True,True,False,True,PN-78146,ASM-9821,Regulatory Affairs,alternator
ECN-000176,2025-01-16,1,Jan 2025,ECN Database,Safety-Critical,Quality Approval,24.12,8,True,True,False,False,2,False,True,True,False,PN-61505,ASM-5902,Manufacturing Engineering,exhaust aftertreatment system
ECN-000246,2025-02-01,2,Feb 2025,MMS,Cost-Driven,Manufacturing,7.21,2,True,False,False,False,1,True,False,False,False,PN-94575,ASM-3838,Structural Engineering,final drive assembly
ECN-000811,2025-05-28,5,May 2025,MMS,Cost-Driven,Manufacturing,11.61,1,True,True,False,True,4,True,True,True,True,PN-48517,ASM-4196,Hydraulics Engineering,cab HVAC unit
ECN-001085,2025-06-07,6,Jun 2025,Supplier Portal,Customer-Requested,Design Review,4.59,6,True,False,False,True,4,True,True,True,True,PN-11857,ASM-7605,Manufacturing Engineering,final drive assembly
ECN-001078,2025-06-27,6,Jun 2025,MMS,Customer-Requested,Final Release,9.89,7,True,False,False,True,4,True,True,True,True,PN-20249,ASM-4504,Manufacturing Engineering,transmission control unit
ECN-000785,2025-04-17,4,Apr 2025,ECN Database,Regulatory Compliance,Design Review,11.92,1,True,False,False,False,2,False,True,True,False,PN-18849,ASM-6490,Manufacturing Engineering,steering valve block
ECN-001185,2025-06-11,6,Jun 2025,MMS,Cost-Driven,Final Release,7.49,4,True,False,False,True,4,True,True,True,True,PN-70574,ASM-9518,Field Service,steering valve block
ECN-000490,2025-03-04,3,Mar 2025,ERP,Safety-Critical,Design Review,6.42,6,True,False,False,True,4,True,True,True,True,PN-50378,ASM-6071,Powertrain Engineering,final drive assembly
ECN-000155,2025-01-02,1,Jan 2025,Supplier Portal,Safety-Critical,Final Release,13.09,1,False,True,False,True,4,True,True,True,True,PN-26545,ASM-2101,Structural Engineering,final drive assembly
ECN-000639,2025-04-13,4,Apr 2025,ECN Database,Customer-Requested,Final Release,12.21,3,True,False,True,True,4,True,True,True,True,PN-88852,ASM-5882,Hydraulics Engineering,hydraulic pump
ECN-000663,2025-04-04,4,Apr 2025,CAD,Performance-Related,Design Review,18.0,3,True,False,True,False,2,True,False,True,False,PN-56729,ASM-8949,Powertrain Engineering,cab HVAC unit
ECN-000854,2025-05-14,5,May 2025,MMS,Performance-Related,Quality Approval,9.23,4,True,False,False,True,4,True,True,True,True,PN-31012,ASM-4260,Manufacturing Engineering,alternator
ECN-000288,2025-02-02,2,Feb 2025,Supplier Portal,Regulatory Compliance,Manufacturing,21.64,8,False,False,False,True,4,True,True,True,True,PN-66774,ASM-7471,Quality Assurance,hydraulic pump
ECN-000626,2025-04-27,4,Apr 2025,CAD,Performance-Related,Final Release,5.39,3,True,False,False,True,4,True,True,True,True,PN-98668,ASM-6779,Regulatory Affairs,exhaust aftertreatment system
ECN-001200,2025-06-14,6,Jun 2025,PLM,Safety-Critical,Design Review,3.96,4,True,False,False,True,4,True,True,True,True,PN-21609,ASM-6940,Electrical Systems,boom cylinder
ECN-000686,2025-04-05,4,Apr 2025,CAD,Performance-Related,Quality Approval,5.32,2,True,True,True,True,4,True,True,True,True,PN-38796,ASM-6556,Supplier Quality,cab HVAC unit
ECN-000873,2025-05-09,5,May 2025,PLM,Safety-Critical,Quality Approval,11.48,3,True,False,False,False,2,False,True,True,False,PN-17505,ASM-1170,Field Service,track undercarriage
ECN-000570,2025-03-06,3,Mar 2025,ECN Database,Cost-Driven,Manufacturing,19.01,4,True,False,False,True,4,True,True,True,True,PN-17818,ASM-5597,Powertrain Engineering,final drive assembly
ECN-001144,2025-06-20,6,Jun 2025,ECN Database,Regulatory Compliance,Final Release,10.91,6,True,False,False,True,4,True,True,True,True,PN-97653,ASM-2060,Regulatory Affairs,cab HVAC unit
ECN-000735,2025-04-26,4,Apr 2025,ECN Database,Cost-Driven,Design Review,5.79,8,True,False,False,True,4,True,True,True,True,PN-19757,ASM-5095,Supplier Quality,hydraulic pump
ECN-000793,2025-04-27,4,Apr 2025,MMS,Regulatory Compliance,Final Release,17.43,4,True,False,True,True,4,True,True,True,True,PN-71697,ASM-8231,Regulatory Affairs,track undercarriage
ECN-000018,2025-01-04,1,Jan 2025,PLM,Safety-Critical,Design Review,13.88,3,False,False,False,True,4,True,True,True,True,PN-84847,ASM-8744,Electrical Systems,boom cylinder
ECN-000128,2025-01-15,1,Jan 2025,PLM,Safety-Critical,Design Review,19.04,3,True,False,False,True,4,True,True,True,True,PN-84928,ASM-4084,Powertrain Engineering,transmission control unit
ECN-000323,2025-02-03,2,Feb 2025,CAD,Cost-Driven,Final Release,21.08,2,True,False,True,False,1,False,False,True,False,PN-91737,ASM-7506,Field Service,cab HVAC unit
ECN-000256,2025-02-16,2,Feb 2025,CAD,Regulatory Compliance,Quality Approval,28.78,8,False,False,False,True,4,True,True,True,True,PN-93209,ASM-6869,Hydraulics Engineering,alternator
ECN-000944,2025-05-22,5,May 2025,MMS,Regulatory Compliance,Final Release,15.55,0,False,False,False,False,1,True,False,False,False,PN-37810,ASM-9638,Field Service,track undercarriage
ECN-001180,2025-06-24,6,Jun 2025,ERP,Customer-Requested,Quality Approval,16.76,6,True,False,False,True,4,True,True,True,True,PN-44757,ASM-6260,Regulatory Affairs,cooling fan clutch
ECN-000191,2025-01-11,1,Jan 2025,ERP,Customer-Requested,Final Release,20.55,0,True,False,False,True,4,True,True,True,True,PN-52982,ASM-2421,Regulatory Affairs,track undercarriage
ECN-000116,2025-01-10,1,Jan 2025,ECN Database,Customer-Requested,Design Review,18.95,3,False,False,False,True,4,True,True,True,True,PN-22026,ASM-9691,Quality Assurance,engine control module
ECN-001174,2025-06-24,6,Jun 2025,CAD,Regulatory Compliance,Quality Approval,5.54,7,True,False,False,True,4,True,True,True,True,PN-31349,ASM-4434,Electrical Systems,alternator
ECN-000889,2025-05-23,5,May 2025,PLM,Safety-Critical,Manufacturing,9.31,2,True,False,False,False,3,True,True,True,False,PN-65291,ASM-9633,Hydraulics Engineering,track undercarriage
ECN-000607,2025-04-01,4,Apr 2025,MMS,Cost-Driven,Manufacturing,15.09,2,True,True,True,True,4,True,True,True,True,PN-27067,ASM-2287,Quality Assurance,cooling fan clutch
ECN-000181,2025-01-20,1,Jan 2025,MMS,Customer-Requested,Design Review,8.85,4,True,False,False,True,4,True,True,True,True,PN-51124,ASM-3837,Electrical Systems,cab HVAC unit
ECN-000302,2025-02-06,2,Feb 2025,ECN Database,Cost-Driven,Quality Approval,22.15,6,True,False,False,True,4,True,True,True,True,PN-12631,ASM-6221,Powertrain Engineering,engine control module
ECN-000497,2025-03-23,3,Mar 2025,CAD,Customer-Requested,Quality Approval,8.05,3,True,False,True,True,4,True,True,True,True,PN-92818,ASM-9154,Structural Engineering,final drive assembly
ECN-000349,2025-02-24,2,Feb 2025,ECN Database,Cost-Driven,Design Review,9.09,3,False,False,False,False,2,True,False,False,True,PN-85108,ASM-8341,Structural Engineering,engine control module
ECN-001036,2025-06-24,6,Jun 2025,ERP,Regulatory Compliance,Final Release,6.72,2,True,False,False,True,4,True,True,True,True,PN-87526,ASM-2765,Manufacturing Engineering,engine control module
ECN-000983,2025-05-05,5,May 2025,Supplier Portal,Customer-Requested,Design Review,15.32,5,True,False,False,True,4,True,True,True,True,PN-86626,ASM-9369,Powertrain Engineering,fuel injection system
ECN-000745,2025-04-20,4,Apr 2025,ERP,Regulatory Compliance,Design Review,12.27,4,True,False,False,True,4,True,True,True,True,PN-75002,ASM-4594,Structural Engineering,engine control module
ECN-001152,2025-06-04,6,Jun 2025,ERP,Regulatory Compliance,Final Release,8.99,5,True,False,False,True,4,True,True,True,True,PN-42639,ASM-6589,Field Service,cooling fan clutch
ECN-000518,2025-03-07,3,Mar 2025,ECN Database,Regulatory Compliance,Manufacturing,15.61,3,False,False,False,False,2,True,False,True,False,PN-91379,ASM-4992,Regulatory Affairs,exhaust aftertreatment system
ECN-000373,2025-02-03,2,Feb 2025,ECN Database,Regulatory Compliance,Manufacturing,15.38,6,True,False,False,False,1,False,False,True,False,PN-66757,ASM-6183,Structural Engineering,track undercarriage
ECN-000046,2025-01-09,1,Jan 2025,ERP,Customer-Requested,Manufacturing,8.32,3,False,True,False,False,1,False,False,True,False,PN-76162,ASM-7991,Structural Engineering,fuel injection system
ECN-000477,2025-03-14,3,Mar 2025,ERP,Customer-Requested,Quality Approval,22.44,5,False,True,False,True,4,True,True,True,True,PN-28102,ASM-6062,Electrical Systems,exhaust aftertreatment system
ECN-000158,2025-01-28,1,Jan 2025,PLM,Cost-Driven,Final Release,10.44,3,False,False,False,True,4,True,True,True,True,PN-90199,ASM-5678,Structural Engineering,alternator
ECN-001047,2025-06-27,6,Jun 2025,ERP,Safety-Critical,Design Review,15.3,3,True,False,False,True,4,True,True,True,True,PN-86853,ASM-7163,Supplier Quality,hydraulic pump
ECN-000172,2025-01-25,1,Jan 2025,MMS,Regulatory Compliance,Quality Approval,31.73,5,True,False,False,False,1,False,True,False,False,PN-80345,ASM-1133,Structural Engineering,steering valve block
ECN-000017,2025-01-22,1,Jan 2025,MMS,Cost-Driven,Final Release,15.79,5,True,False,True,True,4,True,True,True,True,PN-87128,ASM-4608,Electrical Systems,hydraulic pump
ECN-000512,2025-03-20,3,Mar 2025,CAD,Performance-Related,Quality Approval,9.35,8,True,False,False,True,4,True,True,True,True,PN-61369,ASM-3932,Hydraulics Engineering,hydraulic pump
ECN-000049,2025-01-28,1,Jan 2025,Supplier Portal,Cost-Driven,Manufacturing,13.81,5,False,True,False,True,4,True,True,True,True,PN-64496,ASM-2020,Electrical Systems,fuel injection system
ECN-000192,2025-01-01,1,Jan 2025,CAD,Performance-Related,Final Release,12.68,3,False,False,False,True,4,True,True,True,True,PN-40870,ASM-8319,Field Service,hydraulic pump
ECN-000547,2025-03-05,3,Mar 2025,Supplier Portal,Cost-Driven,Quality Approval,10.6,3,False,False,True,True,4,True,True,True,True,PN-74450,ASM-4287,Structural Engineering,final drive assembly
ECN-000516,2025-03-19,3,Mar 2025,ERP,Performance-Related,Final Release,7.34,8,True,False,False,False,1,False,False,True,False,PN-56064,ASM-8842,Structural Engineering,engine control module
ECN-000978,2025-05-30,5,May 2025,ECN Database,Cost-Driven,Manufacturing,16.63,5,True,False,False,True,4,True,True,True,True,PN-84273,ASM-8555,Hydraulics Engineering,cooling fan clutch
ECN-000939,2025-05-14,5,May 2025,MMS,Customer-Requested,Final Release,10.77,4,True,False,False,True,4,True,True,True,True,PN-23486,ASM-6105,Field Service,steering valve block
ECN-000829,2025-05-06,5,May 2025,MMS,Safety-Critical,Final Release,11.17,3,True,False,False,True,4,True,True,True,True,PN-73463,ASM-8105,Quality Assurance,engine control module
ECN-000984,2025-05-26,5,May 2025,MMS,Customer-Requested,Quality Approval,9.65,4,True,False,False,True,4,True,True,True,True,PN-39300,ASM-3535,Structural Engineering,alternator
ECN-000481,2025-03-06,3,Mar 2025,MMS,Safety-Critical,Manufacturing,15.4,4,False,False,False,True,4,True,True,True,True,PN-31467,ASM-4166,Structural Engineering,cab HVAC unit
ECN-001129,2025-06-13,6,Jun 2025,Supplier Portal,Regulatory Compliance,Final Release,5.78,2,True,False,False,True,4,True,True,True,True,PN-79817,ASM-6473,Field Service,track undercarriage
ECN-000284,2025-02-17,2,Feb 2025,PLM,Customer-Requested,Final Release,28.1,2,False,False,False,False,3,True,True,False,True,PN-52964,ASM-3430,Powertrain Engineering,cooling fan clutch
ECN-001030,2025-06-24,6,Jun 2025,MMS,Cost-Driven,Final Release,11.62,4,True,False,False,True,4,True,True,True,True,PN-40263,ASM-8468,Supplier Quality,fuel injection system
ECN-000798,2025-04-23,4,Apr 2025,ECN Database,Performance-Related,Manufacturing,16.4,5,True,False,False,True,4,True,True,True,True,PN-93228,ASM-7032,Electrical Systems,fuel injection system
ECN-000940,2025-05-29,5,May 2025,ECN Database,Performance-Related,Final Release,11.07,1,False,True,False,True,4,True,True,True,True,PN-91646,ASM-2762,Field Service,track undercarriage
ECN-000226,2025-02-23,2,Feb 2025,ECN Database,Cost-Driven,Design Review,14.0,1,True,False,False,True,4,True,True,True,True,PN-91083,ASM-5839,Regulatory Affairs,exhaust aftertreatment system
ECN-000027,2025-01-01,1,Jan 2025,ECN Database,Regulatory Compliance,Final Release,13.91,5,True,False,True,True,4,True,True,True,True,PN-67433,ASM-9900,Field Service,fuel injection system
ECN-000283,2025-02-06,2,Feb 2025,ECN Database,Customer-Requested,Design Review,22.28,1,False,True,False,False,0,False,False,False,False,PN-37215,ASM-8404,Electrical Systems,engine control module
ECN-001150,2025-06-24,6,Jun 2025,MMS,Safety-Critical,Design Review,8.31,3,True,False,False,True,4,True,True,True,True,PN-38179,ASM-8982,Electrical Systems,engine control module
ECN-000438,2025-03-07,3,Mar 2025,MMS,Customer-Requested,Manufacturing,11.87,6,True,False,False,True,4,True,True,True,True,PN-25985,ASM-5078,Regulatory Affairs,cooling fan clutch
ECN-001168,2025-06-29,6,Jun 2025,PLM,Customer-Requested,Manufacturing,6.0,3,True,False,False,True,4,True,True,True,True,PN-71042,ASM-8393,Regulatory Affairs,steering valve block
ECN-000365,2025-02-02,2,Feb 2025,ECN Database,Performance-Related,Manufacturing,26.41,4,True,True,False,True,4,True,True,True,True,PN-82954,ASM-5329,Regulatory Affairs,hydraulic pump
ECN-000230,2025-02-12,2,Feb 2025,CAD,Customer-Requested,Manufacturing,32.77,6,True,False,False,False,2,False,True,True,False,PN-28198,ASM-5405,Regulatory Affairs,final drive assembly
ECN-000038,2025-01-09,1,Jan 2025,PLM,Regulatory Compliance,Final Release,12.72,6,True,False,False,True,4,True,True,True,True,PN-51114,ASM-8149,Regulatory Affairs,exhaust aftertreatment system
ECN-000670,2025-04-07,4,Apr 2025,MMS,Customer-Requested,Quality Approval,21.11,2,True,False,False,True,4,True,True,True,True,PN-99779,ASM-3151,Regulatory Affairs,cab HVAC unit
ECN-000750,2025-04-30,4,Apr 2025,PLM,Cost-Driven,Design Review,19.47,3,False,False,False,False,2,True,False,True,False,PN-28931,ASM-3142,Hydraulics Engineering,track undercarriage
ECN-001181,2025-06-16,6,Jun 2025,MMS,Cost-Driven,Final Release,13.91,2,True,False,True,True,4,True,True,True,True,PN-59418,ASM-9604,Powertrain Engineering,track undercarriage
ECN-000375,2025-02-10,2,Feb 2025,ECN Database,Cost-Driven,Manufacturing,21.67,2,True,False,False,True,4,True,True,True,True,PN-96602,ASM-1504,Regulatory Affairs,cab HVAC unit
ECN-000470,2025-03-24,3,Mar 2025,ERP,Performance-Related,Design Review,8.63,3,False,False,False,False,2,False,True,False,True,PN-36712,ASM-9952,Electrical Systems,alternator
ECN-000883,2025-05-11,5,May 2025,PLM,Cost-Driven,Manufacturing,15.32,3,True,False,False,True,4,True,True,True,True,PN-24435,ASM-4678,Structural Engineering,engine control module
ECN-001182,2025-06-05,6,Jun 2025,CAD,Performance-Related,Quality Approval,6.54,3,True,False,False,True,4,True,True,True,True,PN-27616,ASM-1011,Electrical Systems,track undercarriage
ECN-000688,2025-04-01,4,Apr 2025,CAD,Cost-Driven,Manufacturing,19.13,4,True,False,False,False,3,True,True,True,False,PN-26920,ASM-3839,Hydraulics Engineering,alternator
ECN-000033,2025-01-28,1,Jan 2025,ERP,Performance-Related,Final Release,14.21,7,True,False,False,True,4,True,True,True,True,PN-56357,ASM-7658,Supplier Quality,boom cylinder
ECN-001011,2025-06-09,6,Jun 2025,Supplier Portal,Performance-Related,Manufacturing,4.83,6,True,False,False,True,4,True,True,True,True,PN-89445,ASM-7517,Field Service,boom cylinder
ECN-001176,2025-06-28,6,Jun 2025,ECN Database,Regulatory Compliance,Quality Approval,7.36,7,True,False,False,True,4,True,True,True,True,PN-23115,ASM-6811,Regulatory Affairs,track undercarriage
ECN-000195,2025-01-17,1,Jan 2025,MMS,Safety-Critical,Quality Approval,31.6,4,False,True,False,True,4,True,True,True,True,PN-80453,ASM-4578,Electrical Systems,alternator
ECN-001106,2025-06-06,6,Jun 2025,MMS,Customer-Requested,Manufacturing,6.91,3,True,False,True,True,4,True,True,True,True,PN-50775,ASM-7337,Quality Assurance,track undercarriage
ECN-001114,2025-06-05,6,Jun 2025,ECN Database,Regulatory Compliance,Quality Approval,17.3,5,False,True,False,True,4,True,True,True,True,PN-14798,ASM-9704,Hydraulics Engineering,hydraulic pump
ECN-001064,2025-06-11,6,Jun 2025,ERP,Regulatory Compliance,Manufacturing,18.02,6,True,False,False,True,4,True,True,True,True,PN-13262,ASM-7510,Supplier Quality,cab HVAC unit
ECN-000504,2025-03-14,3,Mar 2025,PLM,Performance-Related,Final Release,10.23,3,True,False,False,True,4,True,True,True,True,PN-25315,ASM-6050,Quality Assurance,track undercarriage
ECN-000916,2025-05-03,5,May 2025,ECN Database,Performance-Related,Quality Approval,10.0,7,True,False,False,True,4,True,True,True,True,PN-84752,ASM-7375,Regulatory Affairs,alternator
ECN-000977,2025-05-07,5,May 2025,CAD,Safety-Critical,Quality Approval,8.37,3,False,False,False,True,4,True,True,True,True,PN-85781,ASM-3280,Regulatory Affairs,exhaust aftertreatment system
ECN-001183,2025-06-07,6,Jun 2025,ERP,Safety-Critical,Final Release,8.26,2,True,False,False,True,4,True,True,True,True,PN-90427,ASM-2579,Electrical Systems,steering valve block
ECN-001088,2025-06-03,6,Jun 2025,ECN Database,Safety-Critical,Quality Approval,4.38,4,True,False,False,True,4,True,True,True,True,PN-51615,ASM-1329,Hydraulics Engineering,final drive assembly
ECN-000801,2025-05-09,5,May 2025,ECN Database,Cost-Driven,Manufacturing,7.83,4,True,False,False,True,4,True,True,True,True,PN-21648,ASM-2790,Field Service,track undercarriage
ECN-000580,2025-03-16,3,Mar 2025,ECN Database,Safety-Critical,Final Release,14.76,3,True,False,False,False,2,True,True,False,False,PN-58865,ASM-6656,Powertrain Engineering,cooling fan clutch
ECN-000161,2025-01-17,1,Jan 2025,MMS,Safety-Critical,Manufacturing,16.18,5,True,False,False,False,3,True,True,True,False,PN-21300,ASM-2077,Quality Assurance,transmission control unit
ECN-000681,2025-04-08,4,Apr 2025,ERP,Customer-Requested,Quality Approval,19.99,3,True,False,False,True,4,True,True,True,True,PN-72126,ASM-7912,Structural Engineering,cooling fan clutch
ECN-001198,2025-06-29,6,Jun 2025,CAD,Cost-Driven,Design Review,8.52,6,True,True,False,True,4,True,True,True,True,PN-26366,ASM-9867,Structural Engineering,steering valve block
ECN-000163,2025-01-06,1,Jan 2025,ERP,Performance-Related,Quality Approval,58.54,6,True,False,False,True,4,True,True,True,True,PN-66704,ASM-9238,Quality Assurance,steering valve block
ECN-000822,2025-05-28,5,May 2025,ECN Database,Performance-Related,Manufacturing,18.19,5,False,True,False,False,0,False,False,False,False,PN-22755,ASM-3144,Electrical Systems,boom cylinder
ECN-000706,2025-04-04,4,Apr 2025,ECN Database,Performance-Related,Design Review,18.3,1,True,False,False,False,2,False,True,False,True,PN-73539,ASM-8499,Electrical Systems,final drive assembly
ECN-001009,2025-06-19,6,Jun 2025,PLM,Regulatory Compliance,Final Release,3.94,4,False,False,False,True,4,True,True,True,True,PN-87151,ASM-1164,Supplier Quality,boom cylinder
ECN-000878,2025-05-04,5,May 2025,MMS,Customer-Requested,Final Release,12.14,3,True,False,False,True,4,True,True,True,True,PN-69640,ASM-7594,Regulatory Affairs,engine control module
ECN-000896,2025-05-24,5,May 2025,ERP,Cost-Driven,Manufacturing,6.86,2,True,False,False,True,4,True,True,True,True,PN-65531,ASM-3569,Field Service,transmission control unit
ECN-000914,2025-05-06,5,May 2025,PLM,Performance-Related,Quality Approval,17.89,2,False,False,False,True,4,True,True,True,True,PN-49103,ASM-8396,Regulatory Affairs,cooling fan clutch
ECN-001199,2025-06-25,6,Jun 2025,CAD,Performance-Related,Quality Approval,9.98,2,False,False,False,True,4,True,True,True,True,PN-24789,ASM-8643,Regulatory Affairs,hydraulic pump
ECN-000153,2025-01-20,1,Jan 2025,MMS,Safety-Critical,Final Release,11.07,1,True,True,False,False,3,True,True,True,False,PN-68447,ASM-7981,Field Service,fuel injection system
ECN-000979,2025-05-01,5,May 2025,MMS,Performance-Related,Design Review,17.25,0,True,False,True,True,4,True,True,True,True,PN-56424,ASM-8006,Manufacturing Engineering,alternator
ECN-001003,2025-06-19,6,Jun 2025,MMS,Safety-Critical,Manufacturing,10.93,5,True,False,False,True,4,True,True,True,True,PN-90117,ASM-9192,Supplier Quality,transmission control unit
ECN-000510,2025-03-19,3,Mar 2025,ERP,Customer-Requested,Final Release,10.87,3,True,False,False,True,4,True,True,True,True,PN-37076,ASM-9888,Electrical Systems,transmission control unit
ECN-000112,2025-01-18,1,Jan 2025,CAD,Performance-Related,Manufacturing,13.5,3,True,False,False,True,4,True,True,True,True,PN-22656,ASM-7105,Hydraulics Engineering,engine control module
ECN-000227,2025-02-15,2,Feb 2025,Supplier Portal,Customer-Requested,Manufacturing,21.58,4,True,False,False,False,1,True,False,False,False,PN-57277,ASM-2745,Regulatory Affairs,final drive assembly
ECN-000986,2025-05-27,5,May 2025,ERP,Cost-Driven,Final Release,13.74,1,True,False,False,True,4,True,True,True,True,PN-68171,ASM-7401,Powertrain Engineering,cab HVAC unit
ECN-000852,2025-05-29,5,May 2025,ERP,Performance-Related,Final Release,10.73,6,True,False,False,True,4,True,True,True,True,PN-96066,ASM-5098,Powertrain Engineering,cab HVAC unit
ECN-000104,2025-01-09,1,Jan 2025,ERP,Customer-Requested,Final Release,15.51,1,False,False,False,True,4,True,True,True,True,PN-88116,ASM-1046,Manufacturing Engineering,boom cylinder
ECN-000422,2025-03-06,3,Mar 2025,CAD,Cost-Driven,Quality Approval,15.81,5,False,False,False,True,4,True,True,True,True,PN-57226,ASM-5222,Field Service,fuel injection system
ECN-000420,2025-03-18,3,Mar 2025,ECN Database,Regulatory Compliance,Manufacturing,13.94,4,True,False,False,True,4,True,True,True,True,PN-29601,ASM-8749,Supplier Quality,track undercarriage
ECN-000625,2025-04-09,4,Apr 2025,MMS,Safety-Critical,Manufacturing,18.92,3,True,False,False,True,4,True,True,True,True,PN-85000,ASM-8697,Electrical Systems,steering valve block
ECN-000587,2025-03-06,3,Mar 2025,ERP,Performance-Related,Final Release,9.05,7,False,False,False,True,4,True,True,True,True,PN-33891,ASM-3873,Electrical Systems,alternator
ECN-001061,2025-06-07,6,Jun 2025,PLM,Safety-Critical,Quality Approval,4.82,8,True,False,False,True,4,True,True,True,True,PN-50919,ASM-6303,Supplier Quality,track undercarriage
ECN-000920,2025-05-14,5,May 2025,MMS,Regulatory Compliance,Final Release,2.99,3,True,True,False,True,4,True,True,True,True,PN-49576,ASM-6029,Manufacturing Engineering,fuel injection system
ECN-000673,2025-04-14,4,Apr 2025,CAD,Regulatory Compliance,Manufacturing,20.94,5,False,False,False,True,4,True,True,True,True,PN-48103,ASM-8671,Electrical Systems,transmission control unit
ECN-000120,2025-01-17,1,Jan 2025,Supplier Portal,Cost-Driven,Manufacturing,19.34,3,True,True,True,False,2,False,True,False,True,PN-11013,ASM-9149,Manufacturing Engineering,cooling fan clutch
ECN-000054,2025-01-25,1,Jan 2025,PLM,Cost-Driven,Design Review,18.0,4,True,False,False,False,3,True,True,False,True,PN-16826,ASM-6733,Powertrain Engineering,cab HVAC unit
ECN-000152,2025-01-04,1,Jan 2025,PLM,Customer-Requested,Quality Approval,19.08,4,True,True,False,True,4,True,True,True,True,PN-20345,ASM-8055,Hydraulics Engineering,cooling fan clutch
ECN-000404,2025-03-20,3,Mar 2025,ECN Database,Performance-Related,Design Review,19.68,3,False,False,False,True,4,True,True,True,True,PN-67065,ASM-2444,Structural Engineering,final drive assembly
ECN-001189,2025-06-04,6,Jun 2025,ERP,Customer-Requested,Manufacturing,11.06,6,True,False,False,True,4,True,True,True,True,PN-44454,ASM-2034,Manufacturing Engineering,engine control module
ECN-000208,2025-02-28,2,Feb 2025,ECN Database,Regulatory Compliance,Manufacturing,38.2,6,False,False,False,False,1,False,False,False,True,PN-49306,ASM-7167,Regulatory Affairs,track undercarriage
ECN-001135,2025-06-21,6,Jun 2025,Supplier Portal,Customer-Requested,Manufacturing,12.07,4,True,True,False,True,4,True,True,True,True,PN-64668,ASM-5260,Regulatory Affairs,cab HVAC unit
ECN-000659,2025-04-03,4,Apr 2025,CAD,Performance-Related,Design Review,7.33,4,True,False,False,True,4,True,True,True,True,PN-32264,ASM-9253,Quality Assurance,hydraulic pump
ECN-001097,2025-06-10,6,Jun 2025,PLM,Safety-Critical,Final Release,1.34,4,False,True,False,True,4,True,True,True,True,PN-41927,ASM-5138,Regulatory Affairs,track undercarriage
ECN-000233,2025-02-22,2,Feb 2025,Supplier Portal,Cost-Driven,Design Review,23.6,5,False,False,False,False,3,False,True,True,True,PN-41775,ASM-6339,Structural Engineering,alternator
ECN-000009,2025-01-12,1,Jan 2025,ERP,Safety-Critical,Final Release,26.71,1,False,True,False,True,4,True,True,True,True,PN-80644,ASM-5304,Supplier Quality,final drive assembly
ECN-000160,2025-01-12,1,Jan 2025,MMS,Cost-Driven,Final Release,10.37,4,True,False,False,False,2,True,False,False,True,PN-36342,ASM-3275,Supplier Quality,transmission control unit
ECN-000037,2025-01-02,1,Jan 2025,PLM,Safety-Critical,Manufacturing,19.0,3,True,False,False,True,4,True,True,True,True,PN-53404,ASM-1452,Regulatory Affairs,transmission control unit
ECN-000453,2025-03-19,3,Mar 2025,ECN Database,Safety-Critical,Quality Approval,21.19,4,False,True,False,False,2,True,True,False,False,PN-40279,ASM-9710,Hydraulics Engineering,transmission control unit
ECN-000652,2025-04-02,4,Apr 2025,MMS,Customer-Requested,Design Review,7.27,2,True,False,False,True,4,True,True,True,True,PN-92133,ASM-4747,Electrical Systems,hydraulic pump
ECN-000254,2025-02-15,2,Feb 2025,PLM,Performance-Related,Quality Approval,13.74,5,False,False,False,True,4,True,True,True,True,PN-74154,ASM-3329,Supplier Quality,fuel injection system
ECN-000304,2025-02-14,2,Feb 2025,PLM,Performance-Related,Design Review,13.09,4,False,True,False,False,3,True,False,True,True,PN-96585,ASM-5612,Electrical Systems,transmission control unit
ECN-000897,2025-05-27,5,May 2025,ECN Database,Customer-Requested,Design Review,9.76,3,True,False,False,False,3,False,True,True,True,PN-61418,ASM-4009,Powertrain Engineering,track undercarriage
ECN-001049,2025-06-17,6,Jun 2025,ECN Database,Customer-Requested,Design Review,7.93,5,True,False,False,True,4,True,True,True,True,PN-90113,ASM-4416,Structural Engineering,engine control module
ECN-000881,2025-05-18,5,May 2025,CAD,Cost-Driven,Design Review,8.59,6,True,False,False,True,4,True,True,True,True,PN-81241,ASM-5382,Supplier Quality,final drive assembly
ECN-000572,2025-03-31,3,Mar 2025,ERP,Customer-Requested,Final Release,11.75,4,False,False,False,True,4,True,True,True,True,PN-66113,ASM-5041,Field Service,cab HVAC unit
ECN-000624,2025-04-22,4,Apr 2025,MMS,Safety-Critical,Manufacturing,13.03,3,False,False,False,True,4,True,True,True,True,PN-74419,ASM-8056,Field Service,steering valve block
ECN-001145,2025-06-29,6,Jun 2025,ERP,Regulatory Compliance,Final Release,8.98,2,False,False,False,True,4,True,True,True,True,PN-75377,ASM-8525,Supplier Quality,engine control module
ECN-001031,2025-06-08,6,Jun 2025,MMS,Performance-Related,Manufacturing,10.46,2,True,False,False,True,4,True,True,True,True,PN-83460,ASM-9284,Hydraulics Engineering,fuel injection system
ECN-001146,2025-06-03,6,Jun 2025,CAD,Safety-Critical,Final Release,7.49,2,True,False,False,True,4,True,True,True,True,PN-97063,ASM-1538,Supplier Quality,alternator
ECN-000263,2025-02-26,2,Feb 2025,ERP,Safety-Critical,Final Release,21.34,1,False,False,False,True,4,True,True,True,True,PN-99989,ASM-8248,Regulatory Affairs,final drive assembly
ECN-000611,2025-04-30,4,Apr 2025,ERP,Cost-Driven,Final Release,17.26,2,True,False,False,True,4,True,True,True,True,PN-85777,ASM-1229,Hydraulics Engineering,exhaust aftertreatment system
ECN-000298,2025-02-08,2,Feb 2025,ECN Database,Customer-Requested,Quality Approval,10.02,8,True,False,False,True,4,True,True,True,True,PN-61327,ASM-1530,Powertrain Engineering,alternator
ECN-000990,2025-05-15,5,May 2025,PLM,Safety-Critical,Manufacturing,14.24,3,True,False,False,False,0,False,False,False,False,PN-61043,ASM-1180,Hydraulics Engineering,cab HVAC unit
ECN-000415,2025-03-02,3,Mar 2025,Supplier Portal,Regulatory Compliance,Design Review,12.04,5,True,True,False,True,4,True,True,True,True,PN-33969,ASM-9374,Field Service,cab HVAC unit
ECN-000151,2025-01-30,1,Jan 2025,Supplier Portal,Customer-Requested,Final Release,16.36,4,False,False,False,True,4,True,True,True,True,PN-67637,ASM-7334,Regulatory Affairs,fuel injection system
ECN-000946,2025-05-01,5,May 2025,MMS,Safety-Critical,Manufacturing,10.9,3,True,False,False,True,4,True,True,True,True,PN-52844,ASM-7272,Quality Assurance,cab HVAC unit
ECN-000473,2025-03-11,3,Mar 2025,MMS,Performance-Related,Design Review,8.25,4,False,False,False,False,1,True,False,False,False,PN-79672,ASM-2442,Structural Engineering,fuel injection system
ECN-000953,2025-05-07,5,May 2025,PLM,Safety-Critical,Final Release,14.88,4,True,False,False,True,4,True,True,True,True,PN-44578,ASM-5853,Supplier Quality,cab HVAC unit
ECN-000988,2025-05-31,5,May 2025,Supplier Portal,Cost-Driven,Final Release,16.24,3,True,False,False,True,4,True,True,True,True,PN-77045,ASM-9956,Supplier Quality,alternator
ECN-000779,2025-04-12,4,Apr 2025,ERP,Performance-Related,Final Release,7.98,8,False,False,False,True,4,True,True,True,True,PN-88407,ASM-1076,Structural Engineering,cooling fan clutch
ECN-000641,2025-04-30,4,Apr 2025,MMS,Regulatory Compliance,Quality Approval,24.12,5,True,False,False,True,4,True,True,True,True,PN-26027,ASM-6134,Supplier Quality,engine control module
ECN-001190,2025-06-03,6,Jun 2025,Supplier Portal,Cost-Driven,Manufacturing,8.71,5,True,False,False,True,4,True,True,True,True,PN-82150,ASM-5844,Hydraulics Engineering,cab HVAC unit
ECN-001143,2025-06-16,6,Jun 2025,ERP,Cost-Driven,Manufacturing,16.43,1,True,False,False,True,4,True,True,True,True,PN-78594,ASM-7133,Electrical Systems,final drive assembly
ECN-000551,2025-03-04,3,Mar 2025,Supplier Portal,Safety-Critical,Design Review,9.79,5,False,False,False,True,4,True,True,True,True,PN-39602,ASM-1054,Hydraulics Engineering,alternator
ECN-000640,2025-04-09,4,Apr 2025,MMS,Customer-Requested,Final Release,22.62,2,True,True,False,True,4,True,True,True,True,PN-84838,ASM-9196,Supplier Quality,final drive assembly
ECN-000936,2025-05-07,5,May 2025,CAD,Cost-Driven,Final Release,14.08,5,False,True,True,True,4,True,True,True,True,PN-30760,ASM-9548,Electrical Systems,exhaust aftertreatment system
ECN-000929,2025-05-04,5,May 2025,ECN Database,Performance-Related,Manufacturing,9.52,5,True,True,False,True,4,True,True,True,True,PN-93397,ASM-7396,Regulatory Affairs,exhaust aftertreatment system
ECN-000489,2025-03-06,3,Mar 2025,ERP,Cost-Driven,Manufacturing,13.62,5,True,False,False,True,4,True,True,True,True,PN-15754,ASM-3799,Electrical Systems,track undercarriage
ECN-000820,2025-05-01,5,May 2025,Supplier Portal,Safety-Critical,Manufacturing,13.7,4,True,False,False,True,4,True,True,True,True,PN-16889,ASM-3933,Supplier Quality,final drive assembly
ECN-000711,2025-04-05,4,Apr 2025,ECN Database,Safety-Critical,Quality Approval,20.18,4,True,False,False,False,2,True,False,True,False,PN-89391,ASM-3175,Regulatory Affairs,fuel injection system
ECN-001081,2025-06-21,6,Jun 2025,MMS,Performance-Related,Design Review,18.93,3,True,False,False,False,2,False,True,True,False,PN-10735,ASM-6085,Electrical Systems,fuel injection system
ECN-000148,2025-01-03,1,Jan 2025,ECN Database,Cost-Driven,Manufacturing,44.56,2,True,True,True,True,4,True,True,True,True,PN-86271,ASM-6447,Supplier Quality,fuel injection system
ECN-000147,2025-01-12,1,Jan 2025,PLM,Performance-Related,Quality Approval,27.25,7,False,False,False,True,4,True,True,True,True,PN-71621,ASM-1713,Powertrain Engineering,transmission control unit
ECN-001175,2025-06-01,6,Jun 2025,PLM,Customer-Requested,Quality Approval,6.58,3,False,False,False,False,2,False,False,True,True,PN-21900,ASM-9305,Supplier Quality,track undercarriage
ECN-000963,2025-05-06,5,May 2025,Supplier Portal,Safety-Critical,Final Release,17.17,4,True,False,False,False,3,True,False,True,True,PN-93479,ASM-5718,Supplier Quality,final drive assembly
ECN-000346,2025-02-05,2,Feb 2025,Supplier Portal,Regulatory Compliance,Quality Approval,20.09,4,True,False,False,True,4,True,True,True,True,PN-96732,ASM-5072,Hydraulics Engineering,alternator
ECN-000403,2025-03-26,3,Mar 2025,PLM,Cost-Driven,Final Release,19.98,0,False,False,False,False,2,True,False,False,True,PN-68536,ASM-3650,Hydraulics Engineering,steering valve block
ECN-000932,2025-05-25,5,May 2025,CAD,Safety-Critical,Manufacturing,7.59,5,True,False,False,True,4,True,True,True,True,PN-41420,ASM-4633,Manufacturing Engineering,steering valve block
ECN-000955,2025-05-17,5,May 2025,ERP,Customer-Requested,Final Release,11.55,5,True,True,False,True,4,True,True,True,True,PN-23849,ASM-3130,Quality Assurance,steering valve block
ECN-001125,2025-06-30,6,Jun 2025,Supplier Portal,Cost-Driven,Manufacturing,10.56,4,False,False,False,True,4,True,True,True,True,PN-13068,ASM-5651,Regulatory Affairs,fuel injection system
ECN-000660,2025-04-28,4,Apr 2025,CAD,Safety-Critical,Design Review,7.68,3,True,False,False,True,4,True,True,True,True,PN-28585,ASM-5266,Electrical Systems,alternator
ECN-000464,2025-03-25,3,Mar 2025,ERP,Safety-Critical,Manufacturing,16.16,4,False,False,False,True,4,True,True,True,True,PN-62322,ASM-5301,Powertrain Engineering,alternator
ECN-000187,2025-01-21,1,Jan 2025,Supplier Portal,Performance-Related,Manufacturing,14.2,5,True,True,False,False,2,False,False,True,True,PN-47649,ASM-6262,Structural Engineering,cab HVAC unit
ECN-000609,2025-04-03,4,Apr 2025,ERP,Customer-Requested,Design Review,7.93,11,True,True,False,True,4,True,True,True,True,PN-26225,ASM-4365,Powertrain Engineering,cooling fan clutch
ECN-000144,2025-01-03,1,Jan 2025,PLM,Cost-Driven,Design Review,17.25,3,True,True,True,True,4,True,True,True,True,PN-25970,ASM-1782,Supplier Quality,cooling fan clutch
ECN-000752,2025-04-12,4,Apr 2025,MMS,Customer-Requested,Design Review,6.23,2,False,True,False,False,2,True,True,False,False,PN-20670,ASM-8711,Structural Engineering,transmission control unit
ECN-000982,2025-05-16,5,May 2025,ECN Database,Performance-Related,Final Release,3.7,3,False,False,False,False,2,True,False,True,False,PN-95181,ASM-2753,Powertrain Engineering,engine control module
ECN-000198,2025-01-24,1,Jan 2025,PLM,Customer-Requested,Final Release,9.67,3,True,False,True,True,4,True,True,True,True,PN-27294,ASM-9409,Powertrain Engineering,cab HVAC unit
ECN-000884,2025-05-05,5,May 2025,ECN Database,Performance-Related,Design Review,13.88,3,True,False,False,True,4,True,True,True,True,PN-89233,ASM-3475,Hydraulics Engineering,fuel injection system
ECN-000280,2025-02-19,2,Feb 2025,PLM,Performance-Related,Final Release,12.7,3,True,False,True,True,4,True,True,True,True,PN-78125,ASM-7767,Powertrain Engineering,engine control module
ECN-000294,2025-02-11,2,Feb 2025,Supplier Portal,Customer-Requested,Quality Approval,19.18,4,True,False,False,True,4,True,True,True,True,PN-21830,ASM-1920,Structural Engineering,final drive assembly
ECN-001089,2025-06-19,6,Jun 2025,CAD,Safety-Critical,Manufacturing,10.56,5,True,False,False,True,4,True,True,True,True,PN-27397,ASM-6087,Field Service,boom cylinder
ECN-000401,2025-03-16,3,Mar 2025,ERP,Cost-Driven,Quality Approval,19.34,10,False,False,False,False,2,False,False,True,True,PN-57925,ASM-5514,Regulatory Affairs,transmission control unit
ECN-000123,2025-01-17,1,Jan 2025,ECN Database,Safety-Critical,Design Review,26.04,3,True,False,False,False,1,True,False,False,False,PN-61873,ASM-6083,Electrical Systems,track undercarriage
ECN-000203,2025-02-02,2,Feb 2025,ECN Database,Safety-Critical,Quality Approval,21.58,3,False,False,False,True,4,True,True,True,True,PN-30332,ASM-5516,Structural Engineering,boom cylinder
ECN-000836,2025-05-15,5,May 2025,PLM,Cost-Driven,Design Review,16.94,3,True,False,False,False,3,True,True,False,True,PN-82069,ASM-5177,Regulatory Affairs,exhaust aftertreatment system
ECN-000247,2025-02-23,2,Feb 2025,MMS,Safety-Critical,Design Review,9.96,5,True,True,False,True,4,True,True,True,True,PN-83607,ASM-9281,Supplier Quality,final drive assembly
ECN-001140,2025-06-23,6,Jun 2025,ERP,Performance-Related,Design Review,12.8,3,True,True,False,True,4,True,True,True,True,PN-13400,ASM-4621,Electrical Systems,final drive assembly
ECN-000385,2025-02-24,2,Feb 2025,ECN Database,Safety-Critical,Quality Approval,35.11,5,True,True,False,True,4,True,True,True,True,PN-30869,ASM-3935,Quality Assurance,transmission control unit
ECN-000855,2025-05-05,5,May 2025,PLM,Cost-Driven,Quality Approval,3.15,4,True,False,False,True,4,True,True,True,True,PN-52583,ASM-7551,Structural Engineering,transmission control unit
ECN-000220,2025-02-10,2,Feb 2025,ECN Database,Cost-Driven,Quality Approval,14.97,3,True,False,False,True,4,True,True,True,True,PN-58896,ASM-7652,Regulatory Affairs,cooling fan clutch
ECN-000642,2025-04-16,4,Apr 2025,Supplier Portal,Cost-Driven,Design Review,24.22,8,True,False,False,True,4,True,True,True,True,PN-32957,ASM-4507,Quality Assurance,boom cylinder
ECN-000002,2025-01-14,1,Jan 2025,ERP,Regulatory Compliance,Final Release,13.62,4,False,False,False,False,2,True,False,True,False,PN-88907,ASM-1434,Supplier Quality,boom cylinder
ECN-000113,2025-01-05,1,Jan 2025,ECN Database,Performance-Related,Final Release,10.05,4,True,False,False,True,4,True,True,True,True,PN-56346,ASM-7929,Hydraulics Engineering,steering valve block
ECN-000699,2025-04-13,4,Apr 2025,ECN Database,Cost-Driven,Quality Approval,20.61,6,False,False,False,False,2,True,False,False,True,PN-95033,ASM-7627,Structural Engineering,transmission control unit
ECN-000952,2025-05-11,5,May 2025,ECN Database,Cost-Driven,Design Review,3.43,1,True,False,False,True,4,True,True,True,True,PN-78388,ASM-9644,Structural Engineering,steering valve block
ECN-001079,2025-06-01,6,Jun 2025,CAD,Cost-Driven,Manufacturing,10.26,4,False,False,False,True,4,True,True,True,True,PN-42838,ASM-2970,Structural Engineering,transmission control unit
ECN-000442,2025-03-30,3,Mar 2025,ECN Database,Regulatory Compliance,Final Release,14.67,4,False,False,False,True,4,True,True,True,True,PN-21728,ASM-5075,Quality Assurance,cab HVAC unit
ECN-000664,2025-04-07,4,Apr 2025,Supplier Portal,Customer-Requested,Quality Approval,24.09,7,False,False,False,True,4,True,True,True,True,PN-33678,ASM-3757,Supplier Quality,engine control module
ECN-001197,2025-06-16,6,Jun 2025,ERP,Cost-Driven,Final Release,9.77,4,False,False,True,True,4,True,True,True,True,PN-68114,ASM-3333,Quality Assurance,engine control module
ECN-000318,2025-02-09,2,Feb 2025,CAD,Safety-Critical,Design Review,27.19,5,True,True,False,True,4,True,True,True,True,PN-35265,ASM-4288,Powertrain Engineering,exhaust aftertreatment system
ECN-000649,2025-04-13,4,Apr 2025,ERP,Performance-Related,Manufacturing,14.99,7,True,False,False,True,4,True,True,True,True,PN-94066,ASM-4010,Powertrain Engineering,cab HVAC unit
ECN-000710,2025-04-19,4,Apr 2025,MMS,Performance-Related,Design Review,20.73,2,True,False,False,True,4,True,True,True,True,PN-81766,ASM-6712,Powertrain Engineering,cab HVAC unit
ECN-000973,2025-05-10,5,May 2025,MMS,Customer-Requested,Design Review,12.42,5,False,True,True,True,4,True,True,True,True,PN-71121,ASM-3461,Structural Engineering,hydraulic pump
ECN-000628,2025-04-15,4,Apr 2025,ECN Database,Regulatory Compliance,Manufacturing,12.01,2,False,False,False,True,4,True,True,True,True,PN-87664,ASM-2391,Supplier Quality,boom cylinder
ECN-000633,2025-04-17,4,Apr 2025,CAD,Customer-Requested,Final Release,8.7,6,True,False,False,True,4,True,True,True,True,PN-84242,ASM-9700,Field Service,fuel injection system
ECN-001172,2025-06-13,6,Jun 2025,PLM,Cost-Driven,Quality Approval,8.12,4,True,False,True,True,4,True,True,True,True,PN-40537,ASM-4559,Regulatory Affairs,final drive assembly
ECN-001107,2025-06-06,6,Jun 2025,CAD,Performance-Related,Final Release,11.13,4,True,False,False,True,4,True,True,True,True,PN-70938,ASM-2353,Electrical Systems,steering valve block
ECN-000796,2025-04-13,4,Apr 2025,MMS,Safety-Critical,Final Release,20.5,4,True,False,False,True,4,True,True,True,True,PN-75627,ASM-7131,Powertrain Engineering,boom cylinder
ECN-000646,2025-04-29,4,Apr 2025,ECN Database,Cost-Driven,Design Review,8.93,6,True,True,False,True,4,True,True,True,True,PN-40862,ASM-5872,Field Service,cooling fan clutch
ECN-001013,2025-06-08,6,Jun 2025,CAD,Cost-Driven,Design Review,8.44,2,False,False,True,True,4,True,True,True,True,PN-51793,ASM-9870,Electrical Systems,boom cylinder
ECN-000557,2025-03-27,3,Mar 2025,Supplier Portal,Cost-Driven,Design Review,13.05,5,True,True,False,True,4,True,True,True,True,PN-32577,ASM-1818,Quality Assurance,steering valve block
ECN-000682,2025-04-28,4,Apr 2025,MMS,Cost-Driven,Design Review,8.68,6,True,False,False,False,3,True,True,True,False,PN-53758,ASM-1129,Regulatory Affairs,cooling fan clutch
ECN-000578,2025-03-23,3,Mar 2025,PLM,Customer-Requested,Design Review,11.97,1,False,False,False,True,4,True,True,True,True,PN-98428,ASM-6963,Powertrain Engineering,alternator
ECN-000525,2025-03-23,3,Mar 2025,MMS,Cost-Driven,Quality Approval,23.82,5,True,False,True,False,1,True,False,False,False,PN-46989,ASM-1510,Manufacturing Engineering,transmission control unit
ECN-001060,2025-06-24,6,Jun 2025,Supplier Portal,Customer-Requested,Final Release,8.36,3,True,False,False,True,4,True,True,True,True,PN-27195,ASM-5423,Regulatory Affairs,engine control module
ECN-000541,2025-03-25,3,Mar 2025,ERP,Customer-Requested,Design Review,6.89,4,True,False,True,True,4,True,True,True,True,PN-95766,ASM-7408,Hydraulics Engineering,cooling fan clutch
ECN-000749,2025-04-26,4,Apr 2025,Supplier Portal,Performance-Related,Manufacturing,21.75,4,True,False,True,True,4,True,True,True,True,PN-49986,ASM-8474,Manufacturing Engineering,engine control module
ECN-001110,2025-06-28,6,Jun 2025,ECN Database,Customer-Requested,Final Release,7.9,3,True,False,False,True,4,True,True,True,True,PN-57823,ASM-2829,Manufacturing Engineering,alternator
ECN-000485,2025-03-24,3,Mar 2025,Supplier Portal,Performance-Related,Manufacturing,23.5,2,False,False,False,True,4,True,True,True,True,PN-17149,ASM-9470,Field Service,track undercarriage
ECN-000096,2025-01-31,1,Jan 2025,PLM,Cost-Driven,Quality Approval,38.15,6,False,True,False,False,0,False,False,False,False,PN-73156,ASM-5835,Quality Assurance,cooling fan clutch
ECN-001021,2025-06-06,6,Jun 2025,CAD,Customer-Requested,Final Release,4.06,1,True,True,True,True,4,True,True,True,True,PN-93590,ASM-4569,Manufacturing Engineering,hydraulic pump
ECN-000564,2025-03-02,3,Mar 2025,ECN Database,Regulatory Compliance,Manufacturing,19.54,5,False,True,False,True,4,True,True,True,True,PN-70845,ASM-4409,Electrical Systems,transmission control unit
ECN-000743,2025-04-26,4,Apr 2025,PLM,Safety-Critical,Manufacturing,14.83,6,True,False,False,True,4,True,True,True,True,PN-65320,ASM-6633,Electrical Systems,transmission control unit
ECN-000864,2025-05-03,5,May 2025,Supplier Portal,Regulatory Compliance,Manufacturing,9.6,7,True,False,False,True,4,True,True,True,True,PN-60338,ASM-2429,Supplier Quality,cooling fan clutch
ECN-000892,2025-05-01,5,May 2025,ERP,Cost-Driven,Manufacturing,12.86,1,True,False,False,True,4,True,True,True,True,PN-28753,ASM-7184,Quality Assurance,hydraulic pump
ECN-001039,2025-06-17,6,Jun 2025,CAD,Customer-Requested,Manufacturing,12.27,3,True,False,False,True,4,True,True,True,True,PN-28769,ASM-1687,Manufacturing Engineering,track undercarriage
ECN-000207,2025-02-11,2,Feb 2025,ECN Database,Cost-Driven,Final Release,15.79,5,True,False,False,True,4,True,True,True,True,PN-74962,ASM-1768,Regulatory Affairs,final drive assembly
ECN-000393,2025-02-07,2,Feb 2025,MMS,Cost-Driven,Design Review,5.64,5,True,False,True,True,4,True,True,True,True,PN-63143,ASM-1305,Quality Assurance,cooling fan clutch
ECN-000795,2025-04-07,4,Apr 2025,ERP,Customer-Requested,Final Release,20.58,3,True,False,False,False,1,False,True,False,False,PN-47122,ASM-7146,Field Service,cab HVAC unit
ECN-000871,2025-05-18,5,May 2025,PLM,Regulatory Compliance,Manufacturing,8.6,6,True,False,False,True,4,True,True,True,True,PN-45446,ASM-1844,Field Service,final drive assembly
ECN-000398,2025-02-04,2,Feb 2025,MMS,Safety-Critical,Design Review,17.3,4,True,False,False,False,1,False,True,False,False,PN-66224,ASM-4759,Powertrain Engineering,fuel injection system
ECN-000767,2025-04-13,4,Apr 2025,ERP,Cost-Driven,Quality Approval,11.4,3,True,False,False,True,4,True,True,True,True,PN-60579,ASM-5650,Supplier Quality,final drive assembly
ECN-001100,2025-06-14,6,Jun 2025,PLM,Customer-Requested,Manufacturing,17.95,5,False,False,False,True,4,True,True,True,True,PN-61903,ASM-3708,Manufacturing Engineering,final drive assembly
ECN-001029,2025-06-30,6,Jun 2025,ERP,Cost-Driven,Quality Approval,13.37,3,True,False,False,True,4,True,True,True,True,PN-71909,ASM-9592,Powertrain Engineering,transmission control unit
ECN-000643,2025-04-12,4,Apr 2025,MMS,Customer-Requested,Manufacturing,10.36,2,True,False,False,False,2,True,False,False,True,PN-81531,ASM-7943,Hydraulics Engineering,fuel injection system
ECN-000613,2025-04-25,4,Apr 2025,CAD,Performance-Related,Manufacturing,15.12,4,False,False,True,False,3,True,True,True,False,PN-24790,ASM-6149,Supplier Quality,transmission control unit
ECN-000961,2025-05-03,5,May 2025,Supplier Portal,Cost-Driven,Manufacturing,17.85,3,True,False,False,True,4,True,True,True,True,PN-38780,ASM-2887,Supplier Quality,steering valve block
ECN-000726,2025-04-18,4,Apr 2025,ECN Database,Safety-Critical,Quality Approval,11.61,3,True,False,False,True,4,True,True,True,True,PN-89794,ASM-8807,Quality Assurance,hydraulic pump
ECN-000684,2025-04-29,4,Apr 2025,ECN Database,Customer-Requested,Quality Approval,13.38,3,True,False,False,True,4,True,True,True,True,PN-79246,ASM-1311,Supplier Quality,cab HVAC unit
ECN-000099,2025-01-13,1,Jan 2025,MMS,Safety-Critical,Final Release,10.66,2,False,False,False,False,3,False,True,True,True,PN-49608,ASM-7689,Hydraulics Engineering,boom cylinder
ECN-000805,2025-05-26,5,May 2025,PLM,Regulatory Compliance,Quality Approval,14.24,2,False,False,False,True,4,True,True,True,True,PN-46275,ASM-2052,Regulatory Affairs,engine control module
ECN-000407,2025-03-10,3,Mar 2025,ECN Database,Customer-Requested,Design Review,9.46,3,True,False,False,True,4,True,True,True,True,PN-36255,ASM-9482,Regulatory Affairs,track undercarriage
ECN-000503,2025-03-19,3,Mar 2025,Supplier Portal,Safety-Critical,Quality Approval,14.66,5,True,False,False,False,3,True,True,False,True,PN-29569,ASM-5595,Manufacturing Engineering,fuel injection system
ECN-001072,2025-06-15,6,Jun 2025,CAD,Safety-Critical,Design Review,20.12,8,True,False,False,True,4,True,True,True,True,PN-51640,ASM-7820,Structural Engineering,alternator
ECN-001057,2025-06-11,6,Jun 2025,MMS,Cost-Driven,Final Release,10.0,5,True,True,False,True,4,True,True,True,True,PN-18318,ASM-1806,Manufacturing Engineering,fuel injection system
ECN-000930,2025-05-21,5,May 2025,Supplier Portal,Regulatory Compliance,Design Review,17.3,5,True,False,False,False,2,True,True,False,False,PN-82470,ASM-3605,Regulatory Affairs,exhaust aftertreatment system
ECN-000780,2025-04-26,4,Apr 2025,ECN Database,Cost-Driven,Manufacturing,20.58,6,False,False,False,True,4,True,True,True,True,PN-65270,ASM-1457,Hydraulics Engineering,boom cylinder
ECN-000201,2025-02-13,2,Feb 2025,Supplier Portal,Cost-Driven,Final Release,9.98,1,True,False,False,True,4,True,True,True,True,PN-20518,ASM-9835,Regulatory Affairs,cab HVAC unit
ECN-000135,2025-01-26,1,Jan 2025,ERP,Cost-Driven,Manufacturing,37.14,0,True,False,True,False,2,False,False,True,True,PN-79013,ASM-1618,Electrical Systems,engine control module
ECN-001052,2025-06-14,6,Jun 2025,ECN Database,Regulatory Compliance,Quality Approval,5.43,5,True,False,False,True,4,True,True,True,True,PN-62178,ASM-3098,Hydraulics Engineering,fuel injection system
ECN-000041,2025-01-20,1,Jan 2025,Supplier Portal,Regulatory Compliance,Final Release,14.43,4,True,True,False,True,4,True,True,True,True,PN-26683,ASM-4143,Field Service,alternator
ECN-001018,2025-06-26,6,Jun 2025,ECN Database,Performance-Related,Design Review,11.35,1,True,False,False,True,4,True,True,True,True,PN-84488,ASM-9501,Regulatory Affairs,cab HVAC unit
ECN-000231,2025-02-11,2,Feb 2025,MMS,Customer-Requested,Design Review,8.22,0,False,True,False,True,4,True,True,True,True,PN-90828,ASM-4203,Structural Engineering,boom cylinder
ECN-000379,2025-02-23,2,Feb 2025,Supplier Portal,Cost-Driven,Manufacturing,16.75,3,False,False,False,True,4,True,True,True,True,PN-23113,ASM-5671,Quality Assurance,fuel injection system
ECN-000289,2025-02-14,2,Feb 2025,ERP,Cost-Driven,Design Review,23.36,4,True,True,False,True,4,True,True,True,True,PN-75390,ASM-7750,Supplier Quality,exhaust aftertreatment system
ECN-000419,2025-03-18,3,Mar 2025,MMS,Cost-Driven,Manufacturing,10.8,1,True,False,False,True,4,True,True,True,True,PN-58799,ASM-6981,Supplier Quality,track undercarriage
ECN-000392,2025-02-02,2,Feb 2025,ERP,Regulatory Compliance,Design Review,26.77,3,False,False,False,True,4,True,True,True,True,PN-26762,ASM-3639,Supplier Quality,hydraulic pump
ECN-000593,2025-03-07,3,Mar 2025,MMS,Regulatory Compliance,Manufacturing,11.57,7,True,False,False,True,4,True,True,True,True,PN-80570,ASM-8298,Powertrain Engineering,boom cylinder
ECN-001087,2025-06-04,6,Jun 2025,PLM,Cost-Driven,Manufacturing,5.68,2,False,False,False,True,4,True,True,True,True,PN-54754,ASM-8639,Manufacturing Engineering,transmission control unit
ECN-000648,2025-04-24,4,Apr 2025,CAD,Performance-Related,Quality Approval,6.01,9,False,False,False,True,4,True,True,True,True,PN-76366,ASM-2087,Quality Assurance,engine control module
ECN-000521,2025-03-29,3,Mar 2025,Supplier Portal,Customer-Requested,Quality Approval,14.83,3,True,False,False,True,4,True,True,True,True,PN-59664,ASM-6364,Hydraulics Engineering,engine control module
ECN-000065,2025-01-05,1,Jan 2025,CAD,Cost-Driven,Design Review,21.74,1,True,False,False,False,1,False,True,False,False,PN-35443,ASM-5853,Field Service,transmission control unit
ECN-000015,2025-01-30,1,Jan 2025,Supplier Portal,Regulatory Compliance,Design Review,19.42,6,True,False,False,True,4,True,True,True,True,PN-82063,ASM-3705,Quality Assurance,final drive assembly
ECN-001065,2025-06-05,6,Jun 2025,MMS,Cost-Driven,Final Release,8.38,3,True,False,False,True,4,True,True,True,True,PN-83516,ASM-3773,Hydraulics Engineering,steering valve block
ECN-000493,2025-03-11,3,Mar 2025,PLM,Regulatory Compliance,Design Review,25.56,6,True,False,False,False,2,True,True,False,False,PN-16411,ASM-4028,Electrical Systems,cooling fan clutch
ECN-000380,2025-02-22,2,Feb 2025,ECN Database,Performance-Related,Design Review,12.3,3,True,False,False,False,0,False,False,False,False,PN-66139,ASM-3762,Manufacturing Engineering,final drive assembly
ECN-000188,2025-01-06,1,Jan 2025,ECN Database,Safety-Critical,Design Review,9.23,7,False,False,False,True,4,True,True,True,True,PN-32946,ASM-7846,Electrical Systems,boom cylinder
ECN-000764,2025-04-21,4,Apr 2025,Supplier Portal,Customer-Requested,Final Release,7.04,5,True,False,False,True,4,True,True,True,True,PN-14221,ASM-3279,Powertrain Engineering,exhaust aftertreatment system
ECN-000217,2025-02-21,2,Feb 2025,ECN Database,Safety-Critical,Manufacturing,29.4,2,False,True,False,False,2,True,False,False,True,PN-18908,ASM-3474,Quality Assurance,track undercarriage
ECN-000792,2025-04-03,4,Apr 2025,CAD,Regulatory Compliance,Manufacturing,11.68,5,True,False,True,True,4,True,True,True,True,PN-47401,ASM-8344,Supplier Quality,final drive assembly
ECN-001077,2025-06-12,6,Jun 2025,CAD,Cost-Driven,Design Review,4.77,3,False,True,False,True,4,True,True,True,True,PN-65758,ASM-8728,Electrical Systems,final drive assembly
ECN-000879,2025-05-18,5,May 2025,ECN Database,Customer-Requested,Quality Approval,15.8,9,True,False,False,False,3,True,False,True,True,PN-11776,ASM-1716,Powertrain Engineering,track undercarriage
ECN-000338,2025-02-06,2,Feb 2025,PLM,Cost-Driven,Final Release,12.05,3,True,False,True,True,4,True,True,True,True,PN-24943,ASM-2741,Hydraulics Engineering,transmission control unit
ECN-000720,2025-04-25,4,Apr 2025,Supplier Portal,Customer-Requested,Final Release,18.66,1,True,False,False,True,4,True,True,True,True,PN-63356,ASM-2072,Structural Engineering,fuel injection system
ECN-000296,2025-02-21,2,Feb 2025,CAD,Performance-Related,Quality Approval,27.48,3,False,False,False,True,4,True,True,True,True,PN-27884,ASM-3580,Field Service,fuel injection system
ECN-001017,2025-06-28,6,Jun 2025,Supplier Portal,Cost-Driven,Design Review,6.0,4,True,False,True,True,4,True,True,True,True,PN-87458,ASM-4547,Manufacturing Engineering,hydraulic pump
ECN-000456,2025-03-08,3,Mar 2025,Supplier Portal,Performance-Related,Manufacturing,20.8,6,True,True,False,True,4,True,True,True,True,PN-58722,ASM-7755,Electrical Systems,fuel injection system
ECN-000816,2025-05-25,5,May 2025,CAD,Cost-Driven,Final Release,9.62,2,True,False,False,True,4,True,True,True,True,PN-87340,ASM-9775,Field Service,hydraulic pump
ECN-000270,2025-02-04,2,Feb 2025,PLM,Performance-Related,Quality Approval,40.39,4,False,False,False,True,4,True,True,True,True,PN-69424,ASM-1901,Regulatory Affairs,engine control module
ECN-000996,2025-05-30,5,May 2025,ERP,Performance-Related,Quality Approval,9.21,5,True,False,False,True,4,True,True,True,True,PN-18437,ASM-2014,Regulatory Affairs,alternator
ECN-000202,2025-02-13,2,Feb 2025,ERP,Performance-Related,Final Release,22.21,3,True,True,False,True,4,True,True,True,True,PN-12979,ASM-5888,Supplier Quality,final drive assembly
ECN-000162,2025-01-29,1,Jan 2025,Supplier Portal,Customer-Requested,Design Review,16.83,4,True,False,False,False,1,True,False,False,False,PN-51553,ASM-2215,Hydraulics Engineering,track undercarriage
ECN-000730,2025-04-07,4,Apr 2025,PLM,Safety-Critical,Quality Approval,17.38,7,True,False,False,True,4,True,True,True,True,PN-57579,ASM-1602,Supplier Quality,boom cylinder
ECN-000402,2025-03-24,3,Mar 2025,ERP,Safety-Critical,Quality Approval,9.09,7,True,False,False,False,1,False,True,False,False,PN-73407,ASM-5157,Electrical Systems,fuel injection system
ECN-000703,2025-04-07,4,Apr 2025,CAD,Cost-Driven,Design Review,13.36,3,True,False,False,True,4,True,True,True,True,PN-40649,ASM-6739,Electrical Systems,steering valve block
ECN-001130,2025-06-01,6,Jun 2025,CAD,Regulatory Compliance,Quality Approval,9.42,4,True,False,True,False,1,False,False,False,True,PN-63778,ASM-4094,Regulatory Affairs,steering valve block
ECN-000566,2025-03-19,3,Mar 2025,Supplier Portal,Performance-Related,Final Release,4.06,6,True,False,False,False,1,False,False,True,False,PN-33053,ASM-3589,Powertrain Engineering,alternator
ECN-001022,2025-06-19,6,Jun 2025,CAD,Performance-Related,Manufacturing,10.6,4,True,True,False,False,1,True,False,False,False,PN-26675,ASM-4726,Field Service,cooling fan clutch
ECN-001026,2025-06-04,6,Jun 2025,Supplier Portal,Regulatory Compliance,Quality Approval,7.79,3,False,False,False,True,4,True,True,True,True,PN-58274,ASM-1730,Powertrain Engineering,exhaust aftertreatment system
ECN-001105,2025-06-21,6,Jun 2025,ERP,Regulatory Compliance,Manufacturing,4.13,2,True,False,False,True,4,True,True,True,True,PN-75529,ASM-4079,Supplier Quality,engine control module
ECN-000206,2025-02-19,2,Feb 2025,ECN Database,Cost-Driven,Design Review,26.57,3,True,False,False,True,4,True,True,True,True,PN-88370,ASM-6253,Manufacturing Engineering,boom cylinder
ECN-000035,2025-01-10,1,Jan 2025,ERP,Regulatory Compliance,Quality Approval,6.21,6,True,True,False,False,2,True,True,False,False,PN-15075,ASM-8711,Hydraulics Engineering,alternator
ECN-000776,2025-04-24,4,Apr 2025,MMS,Performance-Related,Final Release,9.55,7,True,False,False,True,4,True,True,True,True,PN-31150,ASM-3794,Structural Engineering,final drive assembly
ECN-000509,2025-03-01,3,Mar 2025,Supplier Portal,Customer-Requested,Quality Approval,27.37,6,False,False,False,True,4,True,True,True,True,PN-36287,ASM-4154,Supplier Quality,cooling fan clutch
ECN-001184,2025-06-06,6,Jun 2025,ECN Database,Customer-Requested,Design Review,11.63,7,True,False,False,True,4,True,True,True,True,PN-28690,ASM-4695,Electrical Systems,boom cylinder
ECN-000092,2025-01-01,1,Jan 2025,ECN Database,Cost-Driven,Final Release,6.33,3,True,True,False,True,4,True,True,True,True,PN-23979,ASM-4886,Regulatory Affairs,boom cylinder
ECN-000898,2025-05-20,5,May 2025,CAD,Safety-Critical,Final Release,12.33,5,True,False,True,True,4,True,True,True,True,PN-95550,ASM-7637,Structural Engineering,cab HVAC unit
ECN-000565,2025-03-02,3,Mar 2025,PLM,Performance-Related,Design Review,5.34,4,False,False,False,True,4,True,True,True,True,PN-66973,ASM-5118,Field Service,fuel injection system
ECN-000777,2025-04-29,4,Apr 2025,ECN Database,Customer-Requested,Manufacturing,8.34,3,False,False,False,True,4,True,True,True,True,PN-98785,ASM-5476,Hydraulics Engineering,final drive assembly
ECN-000242,2025-02-01,2,Feb 2025,ECN Database,Cost-Driven,Manufacturing,20.22,7,False,False,False,True,4,True,True,True,True,PN-40389,ASM-7636,Regulatory Affairs,transmission control unit
ECN-000014,2025-01-25,1,Jan 2025,Supplier Portal,Customer-Requested,Design Review,5.57,3,False,False,False,False,2,False,True,False,True,PN-17592,ASM-4946,Field Service,fuel injection system
ECN-000316,2025-02-24,2,Feb 2025,MMS,Performance-Related,Final Release,20.65,2,True,False,False,False,2,True,True,False,False,PN-94614,ASM-2462,Regulatory Affairs,cooling fan clutch
ECN-000601,2025-04-02,4,Apr 2025,CAD,Performance-Related,Final Release,18.25,3,False,False,False,True,4,True,True,True,True,PN-31344,ASM-1958,Powertrain Engineering,alternator
ECN-000388,2025-02-17,2,Feb 2025,CAD,Regulatory Compliance,Quality Approval,13.32,7,False,False,False,False,1,False,True,False,False,PN-32786,ASM-7171,Electrical Systems,cooling fan clutch
ECN-000167,2025-01-06,1,Jan 2025,MMS,Customer-Requested,Design Review,9.75,4,True,False,False,True,4,True,True,True,True,PN-73300,ASM-5012,Field Service,transmission control unit
ECN-000841,2025-05-18,5,May 2025,CAD,Performance-Related,Design Review,12.36,2,True,False,False,False,1,False,False,True,False,PN-50180,ASM-9021,Quality Assurance,engine control module
ECN-000021,2025-01-30,1,Jan 2025,ERP,Cost-Driven,Final Release,11.55,2,False,True,False,True,4,True,True,True,True,PN-22833,ASM-1828,Structural Engineering,engine control module
ECN-000647,2025-04-23,4,Apr 2025,MMS,Cost-Driven,Final Release,5.43,3,True,False,False,False,1,True,False,False,False,PN-20498,ASM-9055,Powertrain Engineering,track undercarriage
ECN-001155,2025-06-22,6,Jun 2025,ERP,Safety-Critical,Design Review,11.95,6,False,False,False,True,4,True,True,True,True,PN-30498,ASM-4144,Quality Assurance,steering valve block
ECN-000832,2025-05-14,5,May 2025,ECN Database,Cost-Driven,Final Release,5.14,3,True,False,False,True,4,True,True,True,True,PN-26884,ASM-4378,Hydraulics Engineering,fuel injection system
ECN-000563,2025-03-20,3,Mar 2025,CAD,Regulatory Compliance,Manufacturing,10.67,6,False,True,False,True,4,True,True,True,True,PN-55593,ASM-7861,Hydraulics Engineering,cab HVAC unit
ECN-001171,2025-06-07,6,Jun 2025,CAD,Customer-Requested,Design Review,14.35,7,True,False,False,True,4,True,True,True,True,PN-80788,ASM-6710,Powertrain Engineering,exhaust aftertreatment system
ECN-000687,2025-04-07,4,Apr 2025,CAD,Customer-Requested,Final Release,11.81,3,False,False,False,True,4,True,True,True,True,PN-98225,ASM-6902,Regulatory Affairs,alternator
ECN-000958,2025-05-17,5,May 2025,CAD,Cost-Driven,Final Release,3.58,4,True,False,False,False,2,False,True,True,False,PN-25509,ASM-2377,Manufacturing Engineering,cab HVAC unit
ECN-000190,2025-01-20,1,Jan 2025,ECN Database,Performance-Related,Final Release,12.07,4,True,False,False,True,4,True,True,True,True,PN-11846,ASM-6523,Field Service,cab HVAC unit
ECN-000976,2025-05-10,5,May 2025,ERP,Performance-Related,Manufacturing,23.95,5,False,False,False,True,4,True,True,True,True,PN-14212,ASM-8752,Field Service,engine control module
ECN-000700,2025-04-09,4,Apr 2025,ERP,Performance-Related,Quality Approval,10.23,5,True,False,False,True,4,True,True,True,True,PN-80882,ASM-5651,Quality Assurance,alternator
ECN-000511,2025-03-04,3,Mar 2025,MMS,Performance-Related,Manufacturing,24.37,8,True,False,False,True,4,True,True,True,True,PN-90381,ASM-6549,Hydraulics Engineering,final drive assembly
ECN-001083,2025-06-03,6,Jun 2025,MMS,Cost-Driven,Manufacturing,13.03,3,True,False,False,True,4,True,True,True,True,PN-72055,ASM-9938,Structural Engineering,cab HVAC unit
ECN-000475,2025-03-03,3,Mar 2025,ECN Database,Regulatory Compliance,Final Release,8.03,8,False,False,False,True,4,True,True,True,True,PN-13862,ASM-5590,Field Service,steering valve block
ECN-000857,2025-05-08,5,May 2025,CAD,Safety-Critical,Quality Approval,7.11,3,True,False,False,True,4,True,True,True,True,PN-20828,ASM-8027,Field Service,cooling fan clutch
ECN-000748,2025-04-13,4,Apr 2025,ECN Database,Cost-Driven,Manufacturing,14.46,4,True,True,False,True,4,True,True,True,True,PN-12817,ASM-3884,Quality Assurance,boom cylinder
ECN-000253,2025-02-05,2,Feb 2025,ECN Database,Performance-Related,Manufacturing,18.71,2,True,True,False,True,4,True,True,True,True,PN-63948,ASM-1971,Hydraulics Engineering,transmission control unit
ECN-000022,2025-01-09,1,Jan 2025,MMS,Performance-Related,Manufacturing,7.1,3,False,False,False,True,4,True,True,True,True,PN-73092,ASM-4502,Regulatory Affairs,final drive assembly
ECN-000460,2025-03-20,3,Mar 2025,ECN Database,Cost-Driven,Manufacturing,15.95,10,True,False,False,True,4,True,True,True,True,PN-62402,ASM-4562,Hydraulics Engineering,cooling fan clutch
ECN-000277,2025-02-15,2,Feb 2025,CAD,Safety-Critical,Design Review,7.19,2,True,True,False,False,1,False,False,True,False,PN-58354,ASM-4287,Structural Engineering,transmission control unit
ECN-000956,2025-05-21,5,May 2025,PLM,Customer-Requested,Final Release,8.89,3,True,False,False,True,4,True,True,True,True,PN-46416,ASM-7931,Supplier Quality,track undercarriage
ECN-000386,2025-02-13,2,Feb 2025,MMS,Safety-Critical,Design Review,14.45,2,False,False,False,True,4,True,True,True,True,PN-38681,ASM-8989,Manufacturing Engineering,cab HVAC unit
ECN-000806,2025-05-30,5,May 2025,MMS,Safety-Critical,Final Release,22.98,3,True,False,False,True,4,True,True,True,True,PN-10951,ASM-7154,Supplier Quality,engine control module
ECN-000344,2025-02-02,2,Feb 2025,PLM,Cost-Driven,Quality Approval,37.92,6,False,True,True,True,4,True,True,True,True,PN-13777,ASM-3140,Manufacturing Engineering,track undercarriage
ECN-000770,2025-04-21,4,Apr 2025,MMS,Customer-Requested,Design Review,9.3,3,False,False,False,True,4,True,True,True,True,PN-53108,ASM-9043,Supplier Quality,track undercarriage
ECN-000131,2025-01-28,1,Jan 2025,ERP,Performance-Related,Manufacturing,10.25,3,True,False,False,True,4,True,True,True,True,PN-53213,ASM-2548,Manufacturing Engineering,steering valve block
ECN-000872,2025-05-24,5,May 2025,ERP,Safety-Critical,Final Release,13.89,1,True,False,False,True,4,True,True,True,True,PN-58380,ASM-6317,Manufacturing Engineering,hydraulic pump
ECN-001124,2025-06-06,6,Jun 2025,Supplier Portal,Cost-Driven,Manufacturing,16.89,3,True,False,False,True,4,True,True,True,True,PN-48249,ASM-6166,Manufacturing Engineering,transmission control unit
ECN-000088,2025-01-17,1,Jan 2025,MMS,Regulatory Compliance,Manufacturing,13.7,1,False,False,False,False,3,True,False,True,True,PN-16028,ASM-6314,Field Service,alternator
ECN-000331,2025-02-01,2,Feb 2025,PLM,Cost-Driven,Final Release,6.92,6,True,False,False,True,4,True,True,True,True,PN-30766,ASM-9021,Quality Assurance,boom cylinder
ECN-000467,2025-03-05,3,Mar 2025,MMS,Customer-Requested,Manufacturing,16.7,5,False,False,False,True,4,True,True,True,True,PN-32184,ASM-6729,Powertrain Engineering,exhaust aftertreatment system
ECN-000122,2025-01-14,1,Jan 2025,Supplier Portal,Cost-Driven,Design Review,25.13,4,True,True,False,True,4,True,True,True,True,PN-32527,ASM-8538,Powertrain Engineering,track undercarriage
ECN-001045,2025-06-22,6,Jun 2025,PLM,Safety-Critical,Manufacturing,6.44,4,True,False,False,True,4,True,True,True,True,PN-30542,ASM-9307,Hydraulics Engineering,alternator
ECN-001096,2025-06-19,6,Jun 2025,ECN Database,Cost-Driven,Quality Approval,5.51,1,True,False,False,True,4,True,True,True,True,PN-81667,ASM-4050,Quality Assurance,cooling fan clutch
ECN-001131,2025-06-28,6,Jun 2025,ERP,Regulatory Compliance,Design Review,4.63,5,True,False,False,True,4,True,True,True,True,PN-84620,ASM-8731,Supplier Quality,exhaust aftertreatment system
ECN-000861,2025-05-02,5,May 2025,PLM,Cost-Driven,Quality Approval,6.38,3,True,True,False,True,4,True,True,True,True,PN-57654,ASM-5596,Hydraulics Engineering,cooling fan clutch
ECN-001127,2025-06-17,6,Jun 2025,Supplier Portal,Customer-Requested,Manufacturing,5.69,2,True,False,False,True,4,True,True,True,True,PN-88544,ASM-5569,Supplier Quality,fuel injection system
