change_order_id,request_date,month,month_label,source_system,ecm_class,workflow_stage,cycle_time_days,queue_depth,first_pass_approval,approval_pending,documentation_error,linked_design,linked_manufacturing,linked_quality,linked_maintenance,part_number,assembly_id,responsible_team,affected_subsystem,raw_text
ECN-001179,2025-06-16,6,Jun 2025,ERP,Cost-Driven,Quality Approval,10.43,3,True,False,False,True,True,True,True,PN-97643,ASM-3975,Electrical Systems,final drive assembly,Maintenance Log #01179: Engineering comment: value-engineering review of the final drive assembly identifies part PN-97643 as a candidate for redesign to reduce unit cost; Electrical Systems to submit change request. Additional supporting documentation has been attached to the ECN record.
ECN-000866,2025-05-16,5,May 2025,MMS,Customer-Requested,Quality Approval,10.21,5,True,False,True,True,True,True,True,PN-57973,ASM-8347,Electrical Systems,cooling fan clutch,Maintenance Log #00866: Supplier communication forwards a customer complaint about PN-57973 wear rate on the cooling fan clutch; Electrical Systems is preparing a customer-driven revision to assembly ASM-8347.
ECN-000102,2025-01-22,1,Jan 2025,ERP,Cost-Driven,Manufacturing,16.08,4,True,False,True,True,True,True,True,PN-46160,ASM-4109,Powertrain Engineering,fuel injection system,Maintenance Log #00102: Supplier communication from Northgate Castings proposes an alternate source for PN-46160 on the fuel injection system at a 12% cost reduction; Powertrain Engineering is evaluating a cost-driven engineering change to assembly ASM-4109.
ECN-000440,2025-03-28,3,Mar 2025,ECN Database,Performance-Related,Manufacturing,19.1,5,True,False,True,False,True,False,True,PN-78278,ASM-3001,Powertrain Engineering,alternator,Maintenance Log #00440: Field service report notes reduced output from the alternator; Powertrain Engineering traces the root cause to part PN-78278 tolerance drift and requests a performance-related revision to assembly ASM-3001. Cross-functional stakeholders have been notified for input.
ECN-000059,2025-01-09,1,Jan 2025,CAD,Safety-Critical,Final Release,17.53,4,True,True,False,True,True,True,True,PN-90728,ASM-9817,Electrical Systems,alternator,Engineering Comment EC-00059: Non-conformance report: PN-90728 on the alternator exhibited a crack during fatigue testing. Electrical Systems recommends immediate containment and a safety-critical engineering change to assembly ASM-9817.
ECN-001121,2025-06-18,6,Jun 2025,MMS,Cost-Driven,Final Release,7.55,6,True,False,False,True,True,True,True,PN-39468,ASM-1296,Hydraulics Engineering,fuel injection system,Field Service Report FSR-01121: Procurement flags rising cost of PN-39468 used in the fuel injection system; Hydraulics Engineering requests a cost-driven change to qualify a second source for assembly ASM-1296. Test bench data shows the cooling fan clutch missing target cycle times; Structural Engineering is submitting a change request against part PN-39468 to restore rated performance. A follow-up review is scheduled for the next engineering change meeting.
ECN-000324,2025-02-21,2,Feb 2025,MMS,Safety-Critical,Quality Approval,17.25,9,True,False,False,False,False,True,True,PN-44229,ASM-5895,Manufacturing Engineering,cooling fan clutch,"Maintenance Log #00324: Field service report flags a potential failure mode in the cooling fan clutch (assembly ASM-5895, part PN-44229) that could compromise operator safety under high-load conditions; Manufacturing Engineering has requested an urgent design review. Regulatory bulletin requires updated emissions documentation for the exhaust aftertreatment system (part PN-44229); Regulatory Affairs is initiating a compliance-driven engineering change to assembly ASM-5895."
ECN-000975,2025-05-14,5,May 2025,Supplier Portal,Safety-Critical,Quality Approval,14.7,4,False,False,False,True,True,True,True,PN-75797,ASM-3540,Manufacturing Engineering,final drive assembly,"Non-Conformance Report NCR-00975: Field service report flags a potential failure mode in the final drive assembly (assembly ASM-3540, part PN-75797) that could compromise operator safety under high-load conditions; Manufacturing Engineering has requested an urgent design review. Impact assessment on related assemblies is still in progress."
ECN-000412,2025-03-06,3,Mar 2025,ECN Database,Safety-Critical,Final Release,20.69,3,False,False,False,True,False,False,True,PN-19965,ASM-3924,Regulatory Affairs,engine control module,Field Service Report FSR-00412: Non-conformance report: PN-19965 on the engine control module exhibited a crack during fatigue testing. Regulatory Affairs recommends immediate containment and a safety-critical engineering change to assembly ASM-3924. A follow-up review is scheduled for the next engineering change meeting.
ECN-000856,2025-05-14,5,May 2025,MMS,Performance-Related,Quality Approval,8.75,4,True,False,False,True,True,True,True,PN-30387,ASM-6638,Powertrain Engineering,engine control module,Maintenance Log #00856: Test bench data shows the engine control module missing target cycle times; Powertrain Engineering is submitting a change request against part PN-30387 to restore rated performance. Supplier communication from Northgate Castings proposes an alternate source for PN-30387 on the steering valve block at a 12% cost reduction; Manufacturing Engineering is evaluating a cost-driven engineering change to assembly ASM-6638.
ECN-000821,2025-05-10,5,May 2025,ECN Database,Regulatory Compliance,Design Review,5.06,3,True,False,False,True,True,True,True,PN-98853,ASM-8756,Manufacturing Engineering,track undercarriage,Field Service Report FSR-00821: Non-conformance report: PN-98853 on the track undercarriage does not meet the revised safety standard; Manufacturing Engineering has opened a regulatory compliance change request for assembly ASM-8756. A follow-up review is scheduled for the next engineering change meeting.
ECN-000045,2025-01-18,1,Jan 2025,Supplier Portal,Customer-Requested,Manufacturing,19.37,4,False,False,False,True,True,True,True,PN-23970,ASM-7965,Quality Assurance,boom cylinder,Engineering Comment EC-00045: Customer feedback log: fleet operator requests an enhancement to the boom cylinder (part PN-23970) for improved serviceability; Quality Assurance is drafting a customer-requested change to assembly ASM-7965. Supplier communication from Meridian Hydraulics Inc. proposes an alternate source for PN-23970 on the transmission control unit at a 12% cost reduction; Supplier Quality is evaluating a cost-driven engineering change to assembly ASM-7965. The change request has been logged in the PLM system for tracking.
ECN-000050,2025-01-18,1,Jan 2025,ECN Database,Safety-Critical,Quality Approval,28.02,6,True,False,False,False,False,True,False,PN-56105,ASM-5892,Structural Engineering,track undercarriage,Supplier Communication SC-00050: Non-conformance report: PN-56105 on the track undercarriage exhibited a crack during fatigue testing. Structural Engineering recommends immediate containment and a safety-critical engineering change to assembly ASM-5892.
ECN-000850,2025-05-10,5,May 2025,CAD,Customer-Requested,Quality Approval,8.97,4,False,True,True,True,True,True,True,PN-70693,ASM-8999,Electrical Systems,cooling fan clutch,Field Service Report FSR-00850: Customer feedback log: fleet operator requests an enhancement to the cooling fan clutch (part PN-70693) for improved serviceability; Electrical Systems is drafting a customer-requested change to assembly ASM-8999.
ECN-000241,2025-02-06,2,Feb 2025,CAD,Cost-Driven,Manufacturing,32.88,6,True,False,True,True,True,True,True,PN-49356,ASM-1732,Manufacturing Engineering,cab HVAC unit,Engineering Comment EC-00241: Procurement flags rising cost of PN-49356 used in the cab HVAC unit; Manufacturing Engineering requests a cost-driven change to qualify a second source for assembly ASM-1732. Supplier communication forwards a customer complaint about PN-49356 wear rate on the engine control module; Quality Assurance is preparing a customer-driven revision to assembly ASM-1732.
ECN-000171,2025-01-29,1,Jan 2025,ECN Database,Performance-Related,Final Release,25.78,2,True,False,True,True,True,True,True,PN-41552,ASM-4524,Electrical Systems,track undercarriage,Engineering Comment EC-00171: Test bench data shows the track undercarriage missing target cycle times; Electrical Systems is submitting a change request against part PN-41552 to restore rated performance. The change request has been logged in the PLM system for tracking.
ECN-000524,2025-03-01,3,Mar 2025,ECN Database,Performance-Related,Design Review,18.52,6,False,False,True,True,True,True,True,PN-26718,ASM-5819,Electrical Systems,exhaust aftertreatment system,"Maintenance Log #00524: Engineering comment: exhaust aftertreatment system (part PN-26718, assembly ASM-5819) is underperforming relative to spec by ~8%; Electrical Systems proposes a performance tuning change to improve efficiency."
ECN-000766,2025-04-16,4,Apr 2025,PLM,Performance-Related,Design Review,14.32,4,True,False,False,False,False,True,True,PN-32468,ASM-2709,Field Service,steering valve block,Engineering Comment EC-00766: Test bench data shows the steering valve block missing target cycle times; Field Service is submitting a change request against part PN-32468 to restore rated performance. Impact assessment on related assemblies is still in progress.
ECN-000839,2025-05-12,5,May 2025,CAD,Customer-Requested,Design Review,15.1,4,False,False,False,True,True,True,True,PN-26334,ASM-9707,Hydraulics Engineering,boom cylinder,Maintenance Log #00839: Customer feedback log: fleet operator requests an enhancement to the boom cylinder (part PN-26334) for improved serviceability; Hydraulics Engineering is drafting a customer-requested change to assembly ASM-9707. Cross-functional stakeholders have been notified for input.
ECN-000424,2025-03-21,3,Mar 2025,MMS,Regulatory Compliance,Manufacturing,12.11,4,True,True,False,True,True,True,True,PN-92742,ASM-7631,Manufacturing Engineering,steering valve block,"Engineering Comment EC-00424: Regulatory bulletin requires updated emissions documentation for the steering valve block (part PN-92742); Manufacturing Engineering is initiating a compliance-driven engineering change to assembly ASM-7631. Field service report flags a potential failure mode in the fuel injection system (assembly ASM-7631, part PN-92742) that could compromise operator safety under high-load conditions; Manufacturing Engineering has requested an urgent design review."
ECN-000381,2025-02-03,2,Feb 2025,CAD,Cost-Driven,Manufacturing,26.43,6,True,True,False,True,True,True,True,PN-68373,ASM-6877,Structural Engineering,fuel injection system,Engineering Comment EC-00381: Engineering comment: value-engineering review of the fuel injection system identifies part PN-68373 as a candidate for redesign to reduce unit cost; Structural Engineering to submit change request. Impact assessment on related assemblies is still in progress.
ECN-000610,2025-04-08,4,Apr 2025,Supplier Portal,Performance-Related,Manufacturing,14.77,2,True,False,False,True,True,False,True,PN-55591,ASM-6770,Field Service,alternator,"Engineering Comment EC-00610: Engineering comment: alternator (part PN-55591, assembly ASM-6770) is underperforming relative to spec by ~8%; Field Service proposes a performance tuning change to improve efficiency."
ECN-000677,2025-04-23,4,Apr 2025,MMS,Performance-Related,Quality Approval,12.26,1,True,False,False,True,True,True,True,PN-89174,ASM-5248,Quality Assurance,boom cylinder,Supplier Communication SC-00677: Test bench data shows the boom cylinder missing target cycle times; Quality Assurance is submitting a change request against part PN-89174 to restore rated performance. Supplier communication from Meridian Hydraulics Inc. proposes an alternate source for PN-89174 on the track undercarriage at a 12% cost reduction; Hydraulics Engineering is evaluating a cost-driven engineering change to assembly ASM-5248. The change request has been logged in the PLM system for tracking.
ECN-000345,2025-02-17,2,Feb 2025,Supplier Portal,Regulatory Compliance,Quality Approval,18.97,8,False,True,False,True,True,True,True,PN-98857,ASM-9598,Manufacturing Engineering,cooling fan clutch,Field Service Report FSR-00345: Supplier communication from Meridian Hydraulics Inc. indicates a material certification gap on PN-98857; Manufacturing Engineering requests a compliance change to the cooling fan clutch.
ECN-000110,2025-01-14,1,Jan 2025,ECN Database,Customer-Requested,Design Review,16.21,1,True,False,False,True,True,False,False,PN-66370,ASM-8398,Electrical Systems,engine control module,Supplier Communication SC-00110: Customer feedback log: fleet operator requests an enhancement to the engine control module (part PN-66370) for improved serviceability; Electrical Systems is drafting a customer-requested change to assembly ASM-8398.
ECN-000278,2025-02-11,2,Feb 2025,PLM,Cost-Driven,Manufacturing,13.07,3,False,False,True,False,True,False,False,PN-81638,ASM-5016,Structural Engineering,exhaust aftertreatment system,Maintenance Log #00278: Supplier communication from Continental Driveline Systems proposes an alternate source for PN-81638 on the exhaust aftertreatment system at a 12% cost reduction; Structural Engineering is evaluating a cost-driven engineering change to assembly ASM-5016. Customer feedback log: fleet operator requests an enhancement to the boom cylinder (part PN-81638) for improved serviceability; Electrical Systems is drafting a customer-requested change to assembly ASM-5016.
ECN-000678,2025-04-26,4,Apr 2025,CAD,Cost-Driven,Manufacturing,16.17,6,False,True,False,True,True,True,True,PN-91067,ASM-6910,Structural Engineering,steering valve block,Supplier Communication SC-00678: Procurement flags rising cost of PN-91067 used in the steering valve block; Structural Engineering requests a cost-driven change to qualify a second source for assembly ASM-6910.
ECN-000571,2025-03-19,3,Mar 2025,MMS,Cost-Driven,Design Review,10.04,2,False,False,False,True,True,True,True,PN-82450,ASM-4763,Quality Assurance,exhaust aftertreatment system,Non-Conformance Report NCR-00571: Supplier communication from Vantage Electronics proposes an alternate source for PN-82450 on the exhaust aftertreatment system at a 12% cost reduction; Quality Assurance is evaluating a cost-driven engineering change to assembly ASM-4763.
ECN-000359,2025-02-16,2,Feb 2025,Supplier Portal,Cost-Driven,Manufacturing,32.23,3,False,True,False,True,True,True,True,PN-48086,ASM-6657,Supplier Quality,boom cylinder,Engineering Comment EC-00359: Procurement flags rising cost of PN-48086 used in the boom cylinder; Supplier Quality requests a cost-driven change to qualify a second source for assembly ASM-6657. Test bench data shows the transmission control unit missing target cycle times; Manufacturing Engineering is submitting a change request against part PN-48086 to restore rated performance.
ECN-000599,2025-03-20,3,Mar 2025,ECN Database,Performance-Related,Final Release,12.65,4,True,False,False,True,True,True,True,PN-95696,ASM-5713,Structural Engineering,steering valve block,Maintenance Log #00599: Field service report notes reduced output from the steering valve block; Structural Engineering traces the root cause to part PN-95696 tolerance drift and requests a performance-related revision to assembly ASM-5713. Supplier communication from Northgate Castings proposes an alternate source for PN-95696 on the engine control module at a 12% cost reduction; Field Service is evaluating a cost-driven engineering change to assembly ASM-5713.
ECN-000391,2025-02-21,2,Feb 2025,MMS,Safety-Critical,Design Review,14.81,6,False,False,False,True,True,True,True,PN-53283,ASM-2856,Supplier Quality,engine control module,Non-Conformance Report NCR-00391: Non-conformance report: PN-53283 on the engine control module exhibited a crack during fatigue testing. Supplier Quality recommends immediate containment and a safety-critical engineering change to assembly ASM-2856. A follow-up review is scheduled for the next engineering change meeting.
ECN-000894,2025-05-10,5,May 2025,PLM,Cost-Driven,Final Release,6.82,5,True,False,False,True,True,True,True,PN-49257,ASM-8703,Quality Assurance,cab HVAC unit,Maintenance Log #00894: Engineering comment: value-engineering review of the cab HVAC unit identifies part PN-49257 as a candidate for redesign to reduce unit cost; Quality Assurance to submit change request. Impact assessment on related assemblies is still in progress.
ECN-000693,2025-04-14,4,Apr 2025,PLM,Cost-Driven,Quality Approval,16.26,6,True,False,False,True,True,True,True,PN-94815,ASM-6959,Hydraulics Engineering,cab HVAC unit,Supplier Communication SC-00693: Engineering comment: value-engineering review of the cab HVAC unit identifies part PN-94815 as a candidate for redesign to reduce unit cost; Hydraulics Engineering to submit change request. Additional supporting documentation has been attached to the ECN record.
ECN-000728,2025-04-04,4,Apr 2025,MMS,Customer-Requested,Design Review,8.99,2,True,False,True,True,True,False,True,PN-56919,ASM-7336,Regulatory Affairs,fuel injection system,Maintenance Log #00728: Customer feedback log: fleet operator requests an enhancement to the fuel injection system (part PN-56919) for improved serviceability; Regulatory Affairs is drafting a customer-requested change to assembly ASM-7336.
ECN-000363,2025-02-25,2,Feb 2025,Supplier Portal,Regulatory Compliance,Design Review,10.52,1,False,False,False,True,True,True,True,PN-64600,ASM-6122,Regulatory Affairs,hydraulic pump,"Field Service Report FSR-00363: Supplier communication from Northgate Castings indicates a material certification gap on PN-64600; Regulatory Affairs requests a compliance change to the hydraulic pump. Field service report flags a potential failure mode in the exhaust aftertreatment system (assembly ASM-6122, part PN-64600) that could compromise operator safety under high-load conditions; Structural Engineering has requested an urgent design review."
ECN-000597,2025-03-18,3,Mar 2025,MMS,Cost-Driven,Quality Approval,26.64,4,True,False,False,True,True,True,True,PN-63668,ASM-5478,Hydraulics Engineering,track undercarriage,Field Service Report FSR-00597: Engineering comment: value-engineering review of the track undercarriage identifies part PN-63668 as a candidate for redesign to reduce unit cost; Hydraulics Engineering to submit change request. Supplier communication forwards a customer complaint about PN-63668 wear rate on the exhaust aftertreatment system; Quality Assurance is preparing a customer-driven revision to assembly ASM-5478. The change request has been logged in the PLM system for tracking.
ECN-000428,2025-03-15,3,Mar 2025,ERP,Cost-Driven,Design Review,13.91,3,True,False,False,True,True,True,True,PN-79041,ASM-3795,Quality Assurance,cab HVAC unit,Engineering Comment EC-00428: Supplier communication from Continental Driveline Systems proposes an alternate source for PN-79041 on the cab HVAC unit at a 12% cost reduction; Quality Assurance is evaluating a cost-driven engineering change to assembly ASM-3795. Field service report: customer has asked for a configuration change to the cab HVAC unit to support a new attachment; Structural Engineering opens a customer-requested engineering change against part PN-79041.
ECN-000071,2025-01-26,1,Jan 2025,ECN Database,Performance-Related,Manufacturing,16.72,4,False,False,False,True,True,True,True,PN-87832,ASM-8699,Regulatory Affairs,hydraulic pump,Field Service Report FSR-00071: Field service report notes reduced output from the hydraulic pump; Regulatory Affairs traces the root cause to part PN-87832 tolerance drift and requests a performance-related revision to assembly ASM-8699. Supplier communication forwards a customer complaint about PN-87832 wear rate on the cooling fan clutch; Structural Engineering is preparing a customer-driven revision to assembly ASM-8699.
ECN-000322,2025-02-09,2,Feb 2025,ERP,Cost-Driven,Final Release,13.14,4,False,True,False,False,False,True,False,PN-50037,ASM-5511,Field Service,boom cylinder,Supplier Communication SC-00322: Engineering comment: value-engineering review of the boom cylinder identifies part PN-50037 as a candidate for redesign to reduce unit cost; Field Service to submit change request.
ECN-000653,2025-04-01,4,Apr 2025,ECN Database,Customer-Requested,Final Release,8.97,4,True,False,False,True,True,True,True,PN-44099,ASM-3445,Regulatory Affairs,exhaust aftertreatment system,Maintenance Log #00653: Customer feedback log: fleet operator requests an enhancement to the exhaust aftertreatment system (part PN-44099) for improved serviceability; Regulatory Affairs is drafting a customer-requested change to assembly ASM-3445. A follow-up review is scheduled for the next engineering change meeting.
ECN-001066,2025-06-27,6,Jun 2025,ERP,Performance-Related,Manufacturing,7.71,5,True,False,False,True,True,True,True,PN-84270,ASM-4808,Structural Engineering,exhaust aftertreatment system,"Field Service Report FSR-01066: Engineering comment: exhaust aftertreatment system (part PN-84270, assembly ASM-4808) is underperforming relative to spec by ~8%; Structural Engineering proposes a performance tuning change to improve efficiency. Cross-functional stakeholders have been notified for input."
ECN-000108,2025-01-21,1,Jan 2025,Supplier Portal,Performance-Related,Design Review,12.82,2,True,False,True,True,True,True,True,PN-19632,ASM-2323,Structural Engineering,engine control module,Engineering Comment EC-00108: Field service report notes reduced output from the engine control module; Structural Engineering traces the root cause to part PN-19632 tolerance drift and requests a performance-related revision to assembly ASM-2323. Cross-functional stakeholders have been notified for input.
ECN-001109,2025-06-12,6,Jun 2025,MMS,Customer-Requested,Manufacturing,7.7,4,True,False,False,True,True,True,True,PN-93115,ASM-2899,Regulatory Affairs,cooling fan clutch,Engineering Comment EC-01109: Supplier communication forwards a customer complaint about PN-93115 wear rate on the cooling fan clutch; Regulatory Affairs is preparing a customer-driven revision to assembly ASM-2899.
ECN-000356,2025-02-20,2,Feb 2025,CAD,Cost-Driven,Design Review,7.79,7,True,False,True,False,False,False,False,PN-33226,ASM-3845,Structural Engineering,exhaust aftertreatment system,Engineering Comment EC-00356: Procurement flags rising cost of PN-33226 used in the exhaust aftertreatment system; Structural Engineering requests a cost-driven change to qualify a second source for assembly ASM-3845. Impact assessment on related assemblies is still in progress.
ECN-000951,2025-05-29,5,May 2025,MMS,Cost-Driven,Manufacturing,11.42,4,False,False,False,True,True,True,True,PN-32326,ASM-3257,Regulatory Affairs,fuel injection system,Engineering Comment EC-00951: Procurement flags rising cost of PN-32326 used in the fuel injection system; Regulatory Affairs requests a cost-driven change to qualify a second source for assembly ASM-3257. Additional supporting documentation has been attached to the ECN record.
ECN-000343,2025-02-06,2,Feb 2025,Supplier Portal,Regulatory Compliance,Design Review,20.81,7,False,False,False,True,True,True,True,PN-95045,ASM-3732,Structural Engineering,alternator,"Supplier Communication SC-00343: Regulatory bulletin requires updated emissions documentation for the alternator (part PN-95045); Structural Engineering is initiating a compliance-driven engineering change to assembly ASM-3732. Field service report flags a potential failure mode in the engine control module (assembly ASM-3732, part PN-95045) that could compromise operator safety under high-load conditions; Regulatory Affairs has requested an urgent design review. A follow-up review is scheduled for the next engineering change meeting."
ECN-000355,2025-02-18,2,Feb 2025,MMS,Cost-Driven,Quality Approval,28.73,4,True,True,False,True,True,True,True,PN-69950,ASM-9260,Hydraulics Engineering,hydraulic pump,Maintenance Log #00355: Supplier communication from Northgate Castings proposes an alternate source for PN-69950 on the hydraulic pump at a 12% cost reduction; Hydraulics Engineering is evaluating a cost-driven engineering change to assembly ASM-9260. Impact assessment on related assemblies is still in progress.
ECN-000024,2025-01-19,1,Jan 2025,Supplier Portal,Customer-Requested,Manufacturing,18.21,5,False,True,False,True,True,True,True,PN-30635,ASM-1931,Electrical Systems,cab HVAC unit,"Non-Conformance Report NCR-00024: Supplier communication forwards a customer complaint about PN-30635 wear rate on the cab HVAC unit; Electrical Systems is preparing a customer-driven revision to assembly ASM-1931. Engineering comment: exhaust aftertreatment system (part PN-30635, assembly ASM-1931) is underperforming relative to spec by ~8%; Hydraulics Engineering proposes a performance tuning change to improve efficiency. A follow-up review is scheduled for the next engineering change meeting."
ECN-000044,2025-01-16,1,Jan 2025,MMS,Performance-Related,Quality Approval,30.36,4,False,False,False,True,False,True,False,PN-19545,ASM-8461,Structural Engineering,boom cylinder,Supplier Communication SC-00044: Field service report notes reduced output from the boom cylinder; Structural Engineering traces the root cause to part PN-19545 tolerance drift and requests a performance-related revision to assembly ASM-8461.
ECN-000244,2025-02-20,2,Feb 2025,Supplier Portal,Customer-Requested,Final Release,20.89,3,True,True,False,True,False,True,True,PN-61451,ASM-2871,Regulatory Affairs,fuel injection system,Field Service Report FSR-00244: Field service report: customer has asked for a configuration change to the fuel injection system to support a new attachment; Regulatory Affairs opens a customer-requested engineering change against part PN-61451. Additional supporting documentation has been attached to the ECN record.
ECN-000738,2025-04-08,4,Apr 2025,Supplier Portal,Performance-Related,Design Review,8.55,4,True,True,False,False,False,False,False,PN-92075,ASM-8075,Field Service,hydraulic pump,"Supplier Communication SC-00738: Engineering comment: hydraulic pump (part PN-92075, assembly ASM-8075) is underperforming relative to spec by ~8%; Field Service proposes a performance tuning change to improve efficiency. Procurement flags rising cost of PN-92075 used in the hydraulic pump; Field Service requests a cost-driven change to qualify a second source for assembly ASM-8075. A follow-up review is scheduled for the next engineering change meeting."
ECN-001136,2025-06-12,6,Jun 2025,MMS,Customer-Requested,Design Review,13.58,4,True,False,True,True,True,True,True,PN-73020,ASM-1979,Powertrain Engineering,alternator,Maintenance Log #01136: Field service report: customer has asked for a configuration change to the alternator to support a new attachment; Powertrain Engineering opens a customer-requested engineering change against part PN-73020.
ECN-000368,2025-02-13,2,Feb 2025,CAD,Performance-Related,Design Review,5.99,3,False,False,False,False,True,True,True,PN-97679,ASM-6668,Powertrain Engineering,transmission control unit,Maintenance Log #00368: Field service report notes reduced output from the transmission control unit; Powertrain Engineering traces the root cause to part PN-97679 tolerance drift and requests a performance-related revision to assembly ASM-6668. Supplier communication from Northgate Castings proposes an alternate source for PN-97679 on the steering valve block at a 12% cost reduction; Manufacturing Engineering is evaluating a cost-driven engineering change to assembly ASM-6668.
ECN-000164,2025-01-09,1,Jan 2025,ERP,Safety-Critical,Design Review,12.86,7,True,False,False,True,True,True,True,PN-78012,ASM-5653,Supplier Quality,fuel injection system,"Engineering Comment EC-00164: Field service report flags a potential failure mode in the fuel injection system (assembly ASM-5653, part PN-78012) that could compromise operator safety under high-load conditions; Supplier Quality has requested an urgent design review."
ECN-001116,2025-06-13,6,Jun 2025,Supplier Portal,Customer-Requested,Final Release,9.33,5,True,False,False,True,True,True,True,PN-58863,ASM-1627,Hydraulics Engineering,hydraulic pump,Maintenance Log #01116: Customer feedback log: fleet operator requests an enhancement to the hydraulic pump (part PN-58863) for improved serviceability; Hydraulics Engineering is drafting a customer-requested change to assembly ASM-1627.
ECN-000333,2025-02-14,2,Feb 2025,ECN Database,Cost-Driven,Design Review,12.3,5,False,True,False,True,True,True,True,PN-87158,ASM-6015,Regulatory Affairs,engine control module,Field Service Report FSR-00333: Supplier communication from Vantage Electronics proposes an alternate source for PN-87158 on the engine control module at a 12% cost reduction; Regulatory Affairs is evaluating a cost-driven engineering change to assembly ASM-6015. Field service report notes reduced output from the cooling fan clutch; Structural Engineering traces the root cause to part PN-87158 tolerance drift and requests a performance-related revision to assembly ASM-6015.
ECN-000989,2025-05-01,5,May 2025,CAD,Customer-Requested,Final Release,7.95,3,True,False,False,True,True,True,True,PN-61273,ASM-7321,Manufacturing Engineering,cab HVAC unit,Non-Conformance Report NCR-00989: Supplier communication forwards a customer complaint about PN-61273 wear rate on the cab HVAC unit; Manufacturing Engineering is preparing a customer-driven revision to assembly ASM-7321. The change request has been logged in the PLM system for tracking.
ECN-001173,2025-06-30,6,Jun 2025,Supplier Portal,Cost-Driven,Design Review,8.38,4,True,False,False,True,True,True,True,PN-36035,ASM-4369,Structural Engineering,cab HVAC unit,Engineering Comment EC-01173: Engineering comment: value-engineering review of the cab HVAC unit identifies part PN-36035 as a candidate for redesign to reduce unit cost; Structural Engineering to submit change request. Additional supporting documentation has been attached to the ECN record.
ECN-001002,2025-06-10,6,Jun 2025,PLM,Customer-Requested,Quality Approval,9.41,3,True,False,False,True,True,True,True,PN-88838,ASM-9856,Supplier Quality,cab HVAC unit,Non-Conformance Report NCR-01002: Field service report: customer has asked for a configuration change to the cab HVAC unit to support a new attachment; Supplier Quality opens a customer-requested engineering change against part PN-88838. Engineering comment: value-engineering review of the track undercarriage identifies part PN-88838 as a candidate for redesign to reduce unit cost; Manufacturing Engineering to submit change request.
ECN-000378,2025-02-16,2,Feb 2025,CAD,Performance-Related,Design Review,13.41,6,False,False,False,True,True,True,True,PN-94498,ASM-2198,Electrical Systems,hydraulic pump,Engineering Comment EC-00378: Field service report notes reduced output from the hydraulic pump; Electrical Systems traces the root cause to part PN-94498 tolerance drift and requests a performance-related revision to assembly ASM-2198. Additional supporting documentation has been attached to the ECN record.
ECN-000310,2025-02-22,2,Feb 2025,MMS,Cost-Driven,Design Review,14.04,6,False,False,False,True,True,False,False,PN-32659,ASM-3738,Hydraulics Engineering,final drive assembly,Maintenance Log #00310: Supplier communication from Northgate Castings proposes an alternate source for PN-32659 on the final drive assembly at a 12% cost reduction; Hydraulics Engineering is evaluating a cost-driven engineering change to assembly ASM-3738. The change request has been logged in the PLM system for tracking.
ECN-000156,2025-01-11,1,Jan 2025,ECN Database,Cost-Driven,Manufacturing,12.95,6,True,True,True,True,True,True,True,PN-58760,ASM-8273,Structural Engineering,final drive assembly,Supplier Communication SC-00156: Supplier communication from Apex Sensor Technologies proposes an alternate source for PN-58760 on the final drive assembly at a 12% cost reduction; Structural Engineering is evaluating a cost-driven engineering change to assembly ASM-8273.
ECN-000211,2025-02-01,2,Feb 2025,ERP,Safety-Critical,Manufacturing,25.57,4,True,False,False,True,True,True,True,PN-34662,ASM-4555,Powertrain Engineering,exhaust aftertreatment system,Field Service Report FSR-00211: Non-conformance report: PN-34662 on the exhaust aftertreatment system exhibited a crack during fatigue testing. Powertrain Engineering recommends immediate containment and a safety-critical engineering change to assembly ASM-4555.
ECN-000087,2025-01-15,1,Jan 2025,ERP,Cost-Driven,Quality Approval,7.77,8,False,False,True,True,True,True,True,PN-92727,ASM-5708,Hydraulics Engineering,hydraulic pump,Maintenance Log #00087: Supplier communication from Continental Driveline Systems proposes an alternate source for PN-92727 on the hydraulic pump at a 12% cost reduction; Hydraulics Engineering is evaluating a cost-driven engineering change to assembly ASM-5708. This item is currently pending review by the change control board.
ECN-000169,2025-01-30,1,Jan 2025,Supplier Portal,Performance-Related,Manufacturing,11.06,5,True,True,False,True,True,True,True,PN-26059,ASM-5382,Supplier Quality,fuel injection system,Field Service Report FSR-00169: Field service report notes reduced output from the fuel injection system; Supplier Quality traces the root cause to part PN-26059 tolerance drift and requests a performance-related revision to assembly ASM-5382. Supplier communication from Vantage Electronics proposes an alternate source for PN-26059 on the cooling fan clutch at a 12% cost reduction; Regulatory Affairs is evaluating a cost-driven engineering change to assembly ASM-5382. Additional supporting documentation has been attached to the ECN record.
ECN-000995,2025-05-04,5,May 2025,ERP,Safety-Critical,Final Release,9.46,1,True,False,False,True,True,True,True,PN-97197,ASM-2740,Supplier Quality,final drive assembly,Non-Conformance Report NCR-00995: Non-conformance report: PN-97197 on the final drive assembly exhibited a crack during fatigue testing. Supplier Quality recommends immediate containment and a safety-critical engineering change to assembly ASM-2740. Additional supporting documentation has been attached to the ECN record.
ECN-000052,2025-01-02,1,Jan 2025,CAD,Safety-Critical,Final Release,8.24,2,True,True,True,True,True,True,True,PN-61645,ASM-1444,Electrical Systems,exhaust aftertreatment system,"Non-Conformance Report NCR-00052: Field service report flags a potential failure mode in the exhaust aftertreatment system (assembly ASM-1444, part PN-61645) that could compromise operator safety under high-load conditions; Electrical Systems has requested an urgent design review. The change request has been logged in the PLM system for tracking."
ECN-000439,2025-03-06,3,Mar 2025,ECN Database,Cost-Driven,Manufacturing,18.1,7,True,False,True,True,False,True,True,PN-97294,ASM-4415,Hydraulics Engineering,alternator,Field Service Report FSR-00439: Engineering comment: value-engineering review of the alternator identifies part PN-97294 as a candidate for redesign to reduce unit cost; Hydraulics Engineering to submit change request.
ECN-000550,2025-03-14,3,Mar 2025,MMS,Regulatory Compliance,Final Release,12.27,4,False,False,False,True,False,False,False,PN-85319,ASM-1060,Manufacturing Engineering,alternator,Supplier Communication SC-00550: Supplier communication from Northgate Castings indicates a material certification gap on PN-85319; Manufacturing Engineering requests a compliance change to the alternator.
ECN-000491,2025-03-29,3,Mar 2025,MMS,Safety-Critical,Final Release,6.35,3,True,False,True,False,True,True,False,PN-43175,ASM-1200,Powertrain Engineering,boom cylinder,Engineering Comment EC-00491: Non-conformance report: PN-43175 on the boom cylinder exhibited a crack during fatigue testing. Powertrain Engineering recommends immediate containment and a safety-critical engineering change to assembly ASM-1200. This item is currently pending review by the change control board.
ECN-000426,2025-03-25,3,Mar 2025,PLM,Performance-Related,Manufacturing,12.59,8,True,True,False,True,True,True,True,PN-37600,ASM-3734,Field Service,steering valve block,Engineering Comment EC-00426: Field service report notes reduced output from the steering valve block; Field Service traces the root cause to part PN-37600 tolerance drift and requests a performance-related revision to assembly ASM-3734. Engineering comment: value-engineering review of the transmission control unit identifies part PN-37600 as a candidate for redesign to reduce unit cost; Powertrain Engineering to submit change request.
ECN-000136,2025-01-10,1,Jan 2025,ECN Database,Safety-Critical,Design Review,19.02,5,False,False,False,False,True,False,True,PN-63852,ASM-6968,Structural Engineering,alternator,Engineering Comment EC-00136: Maintenance log entry: repeated overheating observed on alternator (part PN-63852) across three units in the field; escalated to Structural Engineering as a safety-critical change request.
ECN-001192,2025-06-12,6,Jun 2025,ERP,Customer-Requested,Final Release,6.73,3,True,False,True,True,True,True,True,PN-57534,ASM-9838,Powertrain Engineering,transmission control unit,Non-Conformance Report NCR-01192: Customer feedback log: fleet operator requests an enhancement to the transmission control unit (part PN-57534) for improved serviceability; Powertrain Engineering is drafting a customer-requested change to assembly ASM-9838.
ECN-000055,2025-01-20,1,Jan 2025,Supplier Portal,Cost-Driven,Manufacturing,12.48,2,True,False,False,False,True,True,False,PN-91439,ASM-3496,Supplier Quality,boom cylinder,Non-Conformance Report NCR-00055: Supplier communication from Meridian Hydraulics Inc. proposes an alternate source for PN-91439 on the boom cylinder at a 12% cost reduction; Supplier Quality is evaluating a cost-driven engineering change to assembly ASM-3496. Test bench data shows the boom cylinder missing target cycle times; Structural Engineering is submitting a change request against part PN-91439 to restore rated performance.
ECN-000079,2025-01-31,1,Jan 2025,PLM,Cost-Driven,Manufacturing,12.74,4,True,False,True,True,True,False,False,PN-50730,ASM-1224,Supplier Quality,exhaust aftertreatment system,Supplier Communication SC-00079: Procurement flags rising cost of PN-50730 used in the exhaust aftertreatment system; Supplier Quality requests a cost-driven change to qualify a second source for assembly ASM-1224. This item is currently pending review by the change control board.
ECN-000431,2025-03-01,3,Mar 2025,MMS,Customer-Requested,Manufacturing,15.18,4,False,True,True,False,True,False,True,PN-71498,ASM-9767,Manufacturing Engineering,final drive assembly,Field Service Report FSR-00431: Customer feedback log: fleet operator requests an enhancement to the final drive assembly (part PN-71498) for improved serviceability; Manufacturing Engineering is drafting a customer-requested change to assembly ASM-9767. The change request has been logged in the PLM system for tracking.
ECN-000185,2025-01-02,1,Jan 2025,ECN Database,Cost-Driven,Quality Approval,21.81,7,False,False,True,True,True,False,True,PN-45601,ASM-3249,Field Service,transmission control unit,Non-Conformance Report NCR-00185: Supplier communication from Vantage Electronics proposes an alternate source for PN-45601 on the transmission control unit at a 12% cost reduction; Field Service is evaluating a cost-driven engineering change to assembly ASM-3249.
ECN-000057,2025-01-03,1,Jan 2025,Supplier Portal,Regulatory Compliance,Design Review,20.04,3,True,True,False,True,True,True,False,PN-49529,ASM-2983,Supplier Quality,alternator,Field Service Report FSR-00057: Supplier communication from Meridian Hydraulics Inc. indicates a material certification gap on PN-49529; Supplier Quality requests a compliance change to the alternator. The change request has been logged in the PLM system for tracking.
ECN-000943,2025-05-18,5,May 2025,PLM,Performance-Related,Manufacturing,8.09,2,True,True,False,True,True,True,True,PN-51758,ASM-1178,Hydraulics Engineering,fuel injection system,Non-Conformance Report NCR-00943: Test bench data shows the fuel injection system missing target cycle times; Hydraulics Engineering is submitting a change request against part PN-51758 to restore rated performance. Cross-functional stakeholders have been notified for input.
ECN-000851,2025-05-14,5,May 2025,PLM,Customer-Requested,Final Release,11.01,2,False,False,False,True,True,True,True,PN-34400,ASM-7587,Powertrain Engineering,engine control module,Non-Conformance Report NCR-00851: Field service report: customer has asked for a configuration change to the engine control module to support a new attachment; Powertrain Engineering opens a customer-requested engineering change against part PN-34400. Engineering comment: value-engineering review of the boom cylinder identifies part PN-34400 as a candidate for redesign to reduce unit cost; Hydraulics Engineering to submit change request.
ECN-001164,2025-06-05,6,Jun 2025,PLM,Customer-Requested,Final Release,11.73,4,True,False,False,True,True,True,True,PN-53648,ASM-4260,Structural Engineering,boom cylinder,Maintenance Log #01164: Supplier communication forwards a customer complaint about PN-53648 wear rate on the boom cylinder; Structural Engineering is preparing a customer-driven revision to assembly ASM-4260. A follow-up review is scheduled for the next engineering change meeting.
ECN-000219,2025-02-09,2,Feb 2025,CAD,Performance-Related,Design Review,16.38,4,True,False,False,True,True,True,True,PN-33496,ASM-2753,Electrical Systems,hydraulic pump,"Engineering Comment EC-00219: Engineering comment: hydraulic pump (part PN-33496, assembly ASM-2753) is underperforming relative to spec by ~8%; Electrical Systems proposes a performance tuning change to improve efficiency. A follow-up review is scheduled for the next engineering change meeting."
ECN-000845,2025-05-19,5,May 2025,PLM,Cost-Driven,Final Release,14.22,2,True,False,False,False,True,False,False,PN-93188,ASM-2302,Manufacturing Engineering,track undercarriage,Non-Conformance Report NCR-00845: Supplier communication from Meridian Hydraulics Inc. proposes an alternate source for PN-93188 on the track undercarriage at a 12% cost reduction; Manufacturing Engineering is evaluating a cost-driven engineering change to assembly ASM-2302.
ECN-000114,2025-01-28,1,Jan 2025,Supplier Portal,Cost-Driven,Final Release,12.29,3,False,False,False,False,False,True,True,PN-55890,ASM-7022,Supplier Quality,cab HVAC unit,Supplier Communication SC-00114: Supplier communication from Meridian Hydraulics Inc. proposes an alternate source for PN-55890 on the cab HVAC unit at a 12% cost reduction; Supplier Quality is evaluating a cost-driven engineering change to assembly ASM-7022.
ECN-000549,2025-03-09,3,Mar 2025,ERP,Safety-Critical,Final Release,10.45,0,False,False,False,True,True,True,True,PN-75234,ASM-3438,Structural Engineering,cooling fan clutch,Supplier Communication SC-00549: Maintenance log entry: repeated overheating observed on cooling fan clutch (part PN-75234) across three units in the field; escalated to Structural Engineering as a safety-critical change request.
ECN-001019,2025-06-09,6,Jun 2025,ECN Database,Customer-Requested,Design Review,11.28,4,True,False,False,True,True,True,True,PN-81146,ASM-5846,Hydraulics Engineering,cooling fan clutch,Field Service Report FSR-01019: Field service report: customer has asked for a configuration change to the cooling fan clutch to support a new attachment; Hydraulics Engineering opens a customer-requested engineering change against part PN-81146. Cross-functional stakeholders have been notified for input.
ECN-001073,2025-06-24,6,Jun 2025,CAD,Cost-Driven,Final Release,5.62,5,True,False,False,True,True,True,True,PN-71432,ASM-3563,Powertrain Engineering,engine control module,Engineering Comment EC-01073: Supplier communication from Vantage Electronics proposes an alternate source for PN-71432 on the engine control module at a 12% cost reduction; Powertrain Engineering is evaluating a cost-driven engineering change to assembly ASM-3563. Field service report notes reduced output from the steering valve block; Powertrain Engineering traces the root cause to part PN-71432 tolerance drift and requests a performance-related revision to assembly ASM-3563. The change request has been logged in the PLM system for tracking.
ECN-000175,2025-01-05,1,Jan 2025,CAD,Safety-Critical,Design Review,10.84,1,True,False,False,True,True,True,True,PN-15276,ASM-1742,Regulatory Affairs,transmission control unit,"Engineering Comment EC-00175: Field service report flags a potential failure mode in the transmission control unit (assembly ASM-1742, part PN-15276) that could compromise operator safety under high-load conditions; Regulatory Affairs has requested an urgent design review. Non-conformance report: PN-15276 on the transmission control unit does not meet the revised safety standard; Structural Engineering has opened a regulatory compliance change request for assembly ASM-1742."
ECN-001023,2025-06-17,6,Jun 2025,MMS,Cost-Driven,Quality Approval,13.51,3,True,False,True,True,True,True,True,PN-17970,ASM-5244,Electrical Systems,hydraulic pump,Maintenance Log #01023: Engineering comment: value-engineering review of the hydraulic pump identifies part PN-17970 as a candidate for redesign to reduce unit cost; Electrical Systems to submit change request. Supplier communication forwards a customer complaint about PN-17970 wear rate on the alternator; Powertrain Engineering is preparing a customer-driven revision to assembly ASM-5244. This item is currently pending review by the change control board.
ECN-000616,2025-04-04,4,Apr 2025,ERP,Performance-Related,Manufacturing,7.14,6,False,True,False,True,True,True,True,PN-98092,ASM-2723,Powertrain Engineering,final drive assembly,Maintenance Log #00616: Field service report notes reduced output from the final drive assembly; Powertrain Engineering traces the root cause to part PN-98092 tolerance drift and requests a performance-related revision to assembly ASM-2723.
ECN-000514,2025-03-08,3,Mar 2025,ERP,Cost-Driven,Manufacturing,31.9,5,True,False,True,True,True,True,True,PN-69714,ASM-6085,Structural Engineering,engine control module,Supplier Communication SC-00514: Procurement flags rising cost of PN-69714 used in the engine control module; Structural Engineering requests a cost-driven change to qualify a second source for assembly ASM-6085.
ECN-000462,2025-03-15,3,Mar 2025,Supplier Portal,Regulatory Compliance,Final Release,10.44,4,True,False,False,True,True,True,True,PN-17094,ASM-5993,Powertrain Engineering,boom cylinder,Supplier Communication SC-00462: Supplier communication from Northgate Castings indicates a material certification gap on PN-17094; Powertrain Engineering requests a compliance change to the boom cylinder. Non-conformance report: PN-17094 on the transmission control unit exhibited a crack during fatigue testing. Supplier Quality recommends immediate containment and a safety-critical engineering change to assembly ASM-5993. Impact assessment on related assemblies is still in progress.
ECN-000287,2025-02-02,2,Feb 2025,MMS,Cost-Driven,Final Release,14.93,3,False,False,True,True,True,True,True,PN-86823,ASM-5240,Hydraulics Engineering,fuel injection system,"Maintenance Log #00287: Supplier communication from Vantage Electronics proposes an alternate source for PN-86823 on the fuel injection system at a 12% cost reduction; Hydraulics Engineering is evaluating a cost-driven engineering change to assembly ASM-5240. Engineering comment: steering valve block (part PN-86823, assembly ASM-5240) is underperforming relative to spec by ~8%; Structural Engineering proposes a performance tuning change to improve efficiency. Cross-functional stakeholders have been notified for input."
ECN-000382,2025-02-07,2,Feb 2025,PLM,Regulatory Compliance,Quality Approval,18.48,4,True,False,True,True,False,True,False,PN-44502,ASM-2252,Electrical Systems,final drive assembly,Engineering Comment EC-00382: Supplier communication from Continental Driveline Systems indicates a material certification gap on PN-44502; Electrical Systems requests a compliance change to the final drive assembly. Maintenance log entry: repeated overheating observed on steering valve block (part PN-44502) across three units in the field; escalated to Powertrain Engineering as a safety-critical change request.
ECN-001008,2025-06-14,6,Jun 2025,PLM,Cost-Driven,Design Review,14.19,2,False,True,False,True,True,True,True,PN-67403,ASM-2933,Quality Assurance,transmission control unit,Field Service Report FSR-01008: Procurement flags rising cost of PN-67403 used in the transmission control unit; Quality Assurance requests a cost-driven change to qualify a second source for assembly ASM-2933. Additional supporting documentation has been attached to the ECN record.
ECN-000671,2025-04-06,4,Apr 2025,MMS,Customer-Requested,Manufacturing,11.51,4,True,False,False,True,False,False,True,PN-45190,ASM-7931,Regulatory Affairs,cab HVAC unit,Engineering Comment EC-00671: Customer feedback log: fleet operator requests an enhancement to the cab HVAC unit (part PN-45190) for improved serviceability; Regulatory Affairs is drafting a customer-requested change to assembly ASM-7931.
ECN-000535,2025-03-16,3,Mar 2025,ERP,Safety-Critical,Manufacturing,18.61,7,True,False,False,True,True,True,True,PN-29809,ASM-8317,Quality Assurance,exhaust aftertreatment system,Non-Conformance Report NCR-00535: Non-conformance report: PN-29809 on the exhaust aftertreatment system exhibited a crack during fatigue testing. Quality Assurance recommends immediate containment and a safety-critical engineering change to assembly ASM-8317. Impact assessment on related assemblies is still in progress.
ECN-000910,2025-05-03,5,May 2025,ERP,Cost-Driven,Final Release,19.98,3,True,False,False,True,True,True,True,PN-71063,ASM-8675,Hydraulics Engineering,cab HVAC unit,Maintenance Log #00910: Procurement flags rising cost of PN-71063 used in the cab HVAC unit; Hydraulics Engineering requests a cost-driven change to qualify a second source for assembly ASM-8675.
ECN-000293,2025-02-18,2,Feb 2025,CAD,Safety-Critical,Manufacturing,17.4,4,True,False,False,True,True,True,True,PN-51681,ASM-6878,Supplier Quality,final drive assembly,Supplier Communication SC-00293: Maintenance log entry: repeated overheating observed on final drive assembly (part PN-51681) across three units in the field; escalated to Supplier Quality as a safety-critical change request. Supplier communication from Vantage Electronics indicates a material certification gap on PN-51681; Quality Assurance requests a compliance change to the exhaust aftertreatment system.
ECN-000124,2025-01-08,1,Jan 2025,PLM,Regulatory Compliance,Final Release,9.02,1,True,False,False,True,False,True,True,PN-35415,ASM-6724,Electrical Systems,engine control module,Non-Conformance Report NCR-00124: Non-conformance report: PN-35415 on the engine control module does not meet the revised safety standard; Electrical Systems has opened a regulatory compliance change request for assembly ASM-6724.
ECN-000583,2025-03-10,3,Mar 2025,ERP,Cost-Driven,Manufacturing,21.35,6,False,True,False,True,False,False,False,PN-99443,ASM-9870,Field Service,hydraulic pump,Maintenance Log #00583: Supplier communication from Northgate Castings proposes an alternate source for PN-99443 on the hydraulic pump at a 12% cost reduction; Field Service is evaluating a cost-driven engineering change to assembly ASM-9870. Impact assessment on related assemblies is still in progress.
ECN-000141,2025-01-11,1,Jan 2025,PLM,Regulatory Compliance,Manufacturing,18.39,3,False,False,False,False,True,False,True,PN-75799,ASM-7126,Powertrain Engineering,track undercarriage,Maintenance Log #00141: Regulatory bulletin requires updated emissions documentation for the track undercarriage (part PN-75799); Powertrain Engineering is initiating a compliance-driven engineering change to assembly ASM-7126. Additional supporting documentation has been attached to the ECN record.
ECN-000736,2025-04-17,4,Apr 2025,ERP,Customer-Requested,Design Review,21.38,3,True,False,False,True,True,True,True,PN-24134,ASM-8759,Field Service,fuel injection system,Field Service Report FSR-00736: Customer feedback log: fleet operator requests an enhancement to the fuel injection system (part PN-24134) for improved serviceability; Field Service is drafting a customer-requested change to assembly ASM-8759.
ECN-000082,2025-01-23,1,Jan 2025,ERP,Regulatory Compliance,Final Release,14.44,3,True,False,False,False,False,True,True,PN-55236,ASM-6446,Electrical Systems,cab HVAC unit,Non-Conformance Report NCR-00082: Supplier communication from Northgate Castings indicates a material certification gap on PN-55236; Electrical Systems requests a compliance change to the cab HVAC unit. Cross-functional stakeholders have been notified for input.
ECN-000882,2025-05-22,5,May 2025,ECN Database,Safety-Critical,Manufacturing,8.72,5,False,True,False,True,True,True,True,PN-28590,ASM-1019,Electrical Systems,engine control module,"Supplier Communication SC-00882: Field service report flags a potential failure mode in the engine control module (assembly ASM-1019, part PN-28590) that could compromise operator safety under high-load conditions; Electrical Systems has requested an urgent design review. Non-conformance report: PN-28590 on the final drive assembly does not meet the revised safety standard; Manufacturing Engineering has opened a regulatory compliance change request for assembly ASM-1019. Impact assessment on related assemblies is still in progress."
ECN-000740,2025-04-24,4,Apr 2025,Supplier Portal,Cost-Driven,Manufacturing,15.11,4,False,True,False,True,True,True,True,PN-53017,ASM-4153,Structural Engineering,hydraulic pump,Supplier Communication SC-00740: Supplier communication from Vantage Electronics proposes an alternate source for PN-53017 on the hydraulic pump at a 12% cost reduction; Structural Engineering is evaluating a cost-driven engineering change to assembly ASM-4153. Test bench data shows the boom cylinder missing target cycle times; Quality Assurance is submitting a change request against part PN-53017 to restore rated performance. The change request has been logged in the PLM system for tracking.
ECN-001102,2025-06-13,6,Jun 2025,ERP,Customer-Requested,Manufacturing,6.4,3,True,False,False,True,True,True,True,PN-97613,ASM-7165,Supplier Quality,alternator,Maintenance Log #01102: Field service report: customer has asked for a configuration change to the alternator to support a new attachment; Supplier Quality opens a customer-requested engineering change against part PN-97613.
ECN-000909,2025-05-08,5,May 2025,MMS,Performance-Related,Manufacturing,7.31,1,False,False,False,True,True,True,True,PN-30258,ASM-2725,Electrical Systems,alternator,Maintenance Log #00909: Field service report notes reduced output from the alternator; Electrical Systems traces the root cause to part PN-30258 tolerance drift and requests a performance-related revision to assembly ASM-2725.
ECN-001167,2025-06-25,6,Jun 2025,PLM,Regulatory Compliance,Final Release,5.54,1,True,False,False,True,True,True,True,PN-30738,ASM-9413,Hydraulics Engineering,transmission control unit,Non-Conformance Report NCR-01167: Regulatory bulletin requires updated emissions documentation for the transmission control unit (part PN-30738); Hydraulics Engineering is initiating a compliance-driven engineering change to assembly ASM-9413. Impact assessment on related assemblies is still in progress.
ECN-000937,2025-05-23,5,May 2025,Supplier Portal,Cost-Driven,Quality Approval,15.29,7,True,False,False,True,True,True,True,PN-52931,ASM-3270,Supplier Quality,engine control module,Field Service Report FSR-00937: Supplier communication from Meridian Hydraulics Inc. proposes an alternate source for PN-52931 on the engine control module at a 12% cost reduction; Supplier Quality is evaluating a cost-driven engineering change to assembly ASM-3270. Field service report notes reduced output from the cooling fan clutch; Structural Engineering traces the root cause to part PN-52931 tolerance drift and requests a performance-related revision to assembly ASM-3270.
ECN-000372,2025-02-09,2,Feb 2025,MMS,Safety-Critical,Design Review,8.71,3,False,False,False,True,True,True,True,PN-70191,ASM-6434,Quality Assurance,alternator,"Non-Conformance Report NCR-00372: Field service report flags a potential failure mode in the alternator (assembly ASM-6434, part PN-70191) that could compromise operator safety under high-load conditions; Quality Assurance has requested an urgent design review. Regulatory bulletin requires updated emissions documentation for the cooling fan clutch (part PN-70191); Electrical Systems is initiating a compliance-driven engineering change to assembly ASM-6434."
ECN-000890,2025-05-02,5,May 2025,CAD,Cost-Driven,Manufacturing,7.14,11,True,False,False,True,True,True,True,PN-36644,ASM-1281,Manufacturing Engineering,boom cylinder,Maintenance Log #00890: Engineering comment: value-engineering review of the boom cylinder identifies part PN-36644 as a candidate for redesign to reduce unit cost; Manufacturing Engineering to submit change request.
ECN-000157,2025-01-09,1,Jan 2025,CAD,Performance-Related,Manufacturing,21.57,6,True,True,False,True,True,True,True,PN-13396,ASM-4048,Supplier Quality,cooling fan clutch,Maintenance Log #00157: Field service report notes reduced output from the cooling fan clutch; Supplier Quality traces the root cause to part PN-13396 tolerance drift and requests a performance-related revision to assembly ASM-4048.
ECN-000992,2025-05-11,5,May 2025,MMS,Regulatory Compliance,Manufacturing,19.81,4,True,False,False,True,True,True,True,PN-18226,ASM-3858,Regulatory Affairs,transmission control unit,Engineering Comment EC-00992: Supplier communication from Vantage Electronics indicates a material certification gap on PN-18226; Regulatory Affairs requests a compliance change to the transmission control unit.
ECN-000622,2025-04-18,4,Apr 2025,PLM,Cost-Driven,Manufacturing,4.37,6,True,False,False,True,True,True,True,PN-74258,ASM-9270,Field Service,boom cylinder,Engineering Comment EC-00622: Engineering comment: value-engineering review of the boom cylinder identifies part PN-74258 as a candidate for redesign to reduce unit cost; Field Service to submit change request.
ECN-001038,2025-06-10,6,Jun 2025,CAD,Cost-Driven,Final Release,6.15,6,True,False,False,True,True,True,True,PN-87080,ASM-5576,Quality Assurance,cab HVAC unit,Supplier Communication SC-01038: Supplier communication from Vantage Electronics proposes an alternate source for PN-87080 on the cab HVAC unit at a 12% cost reduction; Quality Assurance is evaluating a cost-driven engineering change to assembly ASM-5576. Field service report: customer has asked for a configuration change to the hydraulic pump to support a new attachment; Electrical Systems opens a customer-requested engineering change against part PN-87080.
ECN-000245,2025-02-13,2,Feb 2025,MMS,Cost-Driven,Design Review,36.98,1,True,False,False,True,True,True,True,PN-25448,ASM-4908,Quality Assurance,engine control module,Engineering Comment EC-00245: Engineering comment: value-engineering review of the engine control module identifies part PN-25448 as a candidate for redesign to reduce unit cost; Quality Assurance to submit change request. Supplier communication forwards a customer complaint about PN-25448 wear rate on the final drive assembly; Electrical Systems is preparing a customer-driven revision to assembly ASM-4908. Additional supporting documentation has been attached to the ECN record.
ECN-000159,2025-01-26,1,Jan 2025,CAD,Cost-Driven,Final Release,8.05,5,True,True,False,True,True,True,True,PN-21506,ASM-6236,Quality Assurance,cab HVAC unit,Non-Conformance Report NCR-00159: Procurement flags rising cost of PN-21506 used in the cab HVAC unit; Quality Assurance requests a cost-driven change to qualify a second source for assembly ASM-6236. Test bench data shows the transmission control unit missing target cycle times; Field Service is submitting a change request against part PN-21506 to restore rated performance.
ECN-000746,2025-04-10,4,Apr 2025,MMS,Customer-Requested,Design Review,18.29,3,True,False,False,True,True,True,True,PN-59271,ASM-4363,Structural Engineering,boom cylinder,Non-Conformance Report NCR-00746: Field service report: customer has asked for a configuration change to the boom cylinder to support a new attachment; Structural Engineering opens a customer-requested engineering change against part PN-59271. Field service report notes reduced output from the hydraulic pump; Hydraulics Engineering traces the root cause to part PN-59271 tolerance drift and requests a performance-related revision to assembly ASM-4363. This item is currently pending review by the change control board.
ECN-000193,2025-01-23,1,Jan 2025,PLM,Safety-Critical,Design Review,22.79,7,False,False,True,True,True,True,True,PN-18142,ASM-2936,Manufacturing Engineering,steering valve block,Field Service Report FSR-00193: Non-conformance report: PN-18142 on the steering valve block exhibited a crack during fatigue testing. Manufacturing Engineering recommends immediate containment and a safety-critical engineering change to assembly ASM-2936. A follow-up review is scheduled for the next engineering change meeting.
ECN-000534,2025-03-24,3,Mar 2025,PLM,Safety-Critical,Quality Approval,23.2,5,False,False,False,True,True,True,True,PN-13578,ASM-5699,Field Service,hydraulic pump,Maintenance Log #00534: Non-conformance report: PN-13578 on the hydraulic pump exhibited a crack during fatigue testing. Field Service recommends immediate containment and a safety-critical engineering change to assembly ASM-5699. Non-conformance report: PN-13578 on the cooling fan clutch does not meet the revised safety standard; Quality Assurance has opened a regulatory compliance change request for assembly ASM-5699. Cross-functional stakeholders have been notified for input.
ECN-000904,2025-05-26,5,May 2025,PLM,Cost-Driven,Design Review,16.23,6,True,True,False,True,True,True,True,PN-37370,ASM-2228,Regulatory Affairs,hydraulic pump,Maintenance Log #00904: Supplier communication from Continental Driveline Systems proposes an alternate source for PN-37370 on the hydraulic pump at a 12% cost reduction; Regulatory Affairs is evaluating a cost-driven engineering change to assembly ASM-2228.
ECN-001004,2025-06-08,6,Jun 2025,MMS,Customer-Requested,Manufacturing,15.29,4,True,True,False,True,True,True,True,PN-54308,ASM-7904,Powertrain Engineering,cooling fan clutch,"Maintenance Log #01004: Field service report: customer has asked for a configuration change to the cooling fan clutch to support a new attachment; Powertrain Engineering opens a customer-requested engineering change against part PN-54308. Engineering comment: boom cylinder (part PN-54308, assembly ASM-7904) is underperforming relative to spec by ~8%; Electrical Systems proposes a performance tuning change to improve efficiency."
ECN-001070,2025-06-26,6,Jun 2025,Supplier Portal,Cost-Driven,Final Release,9.37,5,True,False,False,True,True,True,True,PN-48564,ASM-5441,Hydraulics Engineering,cooling fan clutch,Non-Conformance Report NCR-01070: Procurement flags rising cost of PN-48564 used in the cooling fan clutch; Hydraulics Engineering requests a cost-driven change to qualify a second source for assembly ASM-5441. Supplier communication forwards a customer complaint about PN-48564 wear rate on the steering valve block; Quality Assurance is preparing a customer-driven revision to assembly ASM-5441. Impact assessment on related assemblies is still in progress.
ECN-000414,2025-03-20,3,Mar 2025,CAD,Cost-Driven,Final Release,9.81,4,True,False,False,True,True,True,True,PN-90455,ASM-1108,Hydraulics Engineering,engine control module,Field Service Report FSR-00414: Procurement flags rising cost of PN-90455 used in the engine control module; Hydraulics Engineering requests a cost-driven change to qualify a second source for assembly ASM-1108.
ECN-001187,2025-06-24,6,Jun 2025,CAD,Customer-Requested,Final Release,14.06,7,True,False,False,True,True,True,True,PN-73016,ASM-8927,Powertrain Engineering,fuel injection system,Maintenance Log #01187: Field service report: customer has asked for a configuration change to the fuel injection system to support a new attachment; Powertrain Engineering opens a customer-requested engineering change against part PN-73016. Engineering comment: value-engineering review of the boom cylinder identifies part PN-73016 as a candidate for redesign to reduce unit cost; Structural Engineering to submit change request. The change request has been logged in the PLM system for tracking.
ECN-000328,2025-02-17,2,Feb 2025,CAD,Regulatory Compliance,Final Release,19.91,3,True,False,False,False,True,False,False,PN-86062,ASM-2166,Powertrain Engineering,cab HVAC unit,Supplier Communication SC-00328: Non-conformance report: PN-86062 on the cab HVAC unit does not meet the revised safety standard; Powertrain Engineering has opened a regulatory compliance change request for assembly ASM-2166.
ECN-000129,2025-01-17,1,Jan 2025,Supplier Portal,Safety-Critical,Final Release,8.81,4,True,False,False,True,True,True,True,PN-94689,ASM-3827,Hydraulics Engineering,fuel injection system,"Engineering Comment EC-00129: Field service report flags a potential failure mode in the fuel injection system (assembly ASM-3827, part PN-94689) that could compromise operator safety under high-load conditions; Hydraulics Engineering has requested an urgent design review. The change request has been logged in the PLM system for tracking."
ECN-000695,2025-04-05,4,Apr 2025,PLM,Cost-Driven,Final Release,9.92,4,True,False,False,True,False,True,False,PN-63648,ASM-8516,Regulatory Affairs,final drive assembly,Supplier Communication SC-00695: Procurement flags rising cost of PN-63648 used in the final drive assembly; Regulatory Affairs requests a cost-driven change to qualify a second source for assembly ASM-8516. This item is currently pending review by the change control board.
ECN-000631,2025-04-07,4,Apr 2025,CAD,Cost-Driven,Final Release,6.49,4,True,False,False,False,False,True,False,PN-36444,ASM-9142,Manufacturing Engineering,cooling fan clutch,Engineering Comment EC-00631: Procurement flags rising cost of PN-36444 used in the cooling fan clutch; Manufacturing Engineering requests a cost-driven change to qualify a second source for assembly ASM-9142.
ECN-000275,2025-02-09,2,Feb 2025,PLM,Safety-Critical,Quality Approval,26.1,2,True,True,True,True,True,True,True,PN-82465,ASM-7870,Quality Assurance,final drive assembly,"Field Service Report FSR-00275: Field service report flags a potential failure mode in the final drive assembly (assembly ASM-7870, part PN-82465) that could compromise operator safety under high-load conditions; Quality Assurance has requested an urgent design review. Impact assessment on related assemblies is still in progress."
ECN-001148,2025-06-17,6,Jun 2025,CAD,Performance-Related,Manufacturing,10.11,6,False,False,False,True,True,True,True,PN-33256,ASM-1659,Supplier Quality,boom cylinder,Non-Conformance Report NCR-01148: Test bench data shows the boom cylinder missing target cycle times; Supplier Quality is submitting a change request against part PN-33256 to restore rated performance. Customer feedback log: fleet operator requests an enhancement to the alternator (part PN-33256) for improved serviceability; Supplier Quality is drafting a customer-requested change to assembly ASM-1659.
ECN-000309,2025-02-22,2,Feb 2025,Supplier Portal,Cost-Driven,Final Release,16.72,4,True,False,False,True,False,False,True,PN-61747,ASM-1568,Field Service,cab HVAC unit,Engineering Comment EC-00309: Procurement flags rising cost of PN-61747 used in the cab HVAC unit; Field Service requests a cost-driven change to qualify a second source for assembly ASM-1568.
ECN-000234,2025-02-23,2,Feb 2025,MMS,Regulatory Compliance,Quality Approval,11.17,5,True,True,False,False,True,False,False,PN-67469,ASM-5773,Structural Engineering,hydraulic pump,Non-Conformance Report NCR-00234: Supplier communication from Continental Driveline Systems indicates a material certification gap on PN-67469; Structural Engineering requests a compliance change to the hydraulic pump. Maintenance log entry: repeated overheating observed on cab HVAC unit (part PN-67469) across three units in the field; escalated to Quality Assurance as a safety-critical change request. Impact assessment on related assemblies is still in progress.
ECN-001048,2025-06-01,6,Jun 2025,MMS,Cost-Driven,Final Release,10.54,4,False,False,False,True,True,True,True,PN-27274,ASM-4253,Structural Engineering,alternator,Non-Conformance Report NCR-01048: Procurement flags rising cost of PN-27274 used in the alternator; Structural Engineering requests a cost-driven change to qualify a second source for assembly ASM-4253.
ECN-000623,2025-04-06,4,Apr 2025,Supplier Portal,Safety-Critical,Manufacturing,9.62,4,True,False,False,True,True,True,True,PN-60283,ASM-8374,Regulatory Affairs,hydraulic pump,Maintenance Log #00623: Non-conformance report: PN-60283 on the hydraulic pump exhibited a crack during fatigue testing. Regulatory Affairs recommends immediate containment and a safety-critical engineering change to assembly ASM-8374. This item is currently pending review by the change control board.
ECN-000644,2025-04-09,4,Apr 2025,Supplier Portal,Safety-Critical,Manufacturing,13.55,5,True,False,False,True,True,True,True,PN-12762,ASM-1570,Manufacturing Engineering,alternator,Non-Conformance Report NCR-00644: Maintenance log entry: repeated overheating observed on alternator (part PN-12762) across three units in the field; escalated to Manufacturing Engineering as a safety-critical change request.
ECN-000479,2025-03-20,3,Mar 2025,ERP,Performance-Related,Design Review,20.25,0,True,False,False,False,False,True,False,PN-29917,ASM-4079,Structural Engineering,cooling fan clutch,"Non-Conformance Report NCR-00479: Engineering comment: cooling fan clutch (part PN-29917, assembly ASM-4079) is underperforming relative to spec by ~8%; Structural Engineering proposes a performance tuning change to improve efficiency. Procurement flags rising cost of PN-29917 used in the exhaust aftertreatment system; Field Service requests a cost-driven change to qualify a second source for assembly ASM-4079."
ECN-000472,2025-03-23,3,Mar 2025,PLM,Safety-Critical,Quality Approval,25.73,5,False,False,False,True,True,True,True,PN-12500,ASM-5792,Manufacturing Engineering,cooling fan clutch,Engineering Comment EC-00472: Maintenance log entry: repeated overheating observed on cooling fan clutch (part PN-12500) across three units in the field; escalated to Manufacturing Engineering as a safety-critical change request.
ECN-000926,2025-05-22,5,May 2025,ERP,Cost-Driven,Manufacturing,17.1,2,True,False,False,True,True,True,True,PN-45076,ASM-5333,Electrical Systems,boom cylinder,Supplier Communication SC-00926: Engineering comment: value-engineering review of the boom cylinder identifies part PN-45076 as a candidate for redesign to reduce unit cost; Electrical Systems to submit change request.
ECN-001098,2025-06-17,6,Jun 2025,ERP,Performance-Related,Design Review,16.73,7,True,False,False,True,True,True,True,PN-65179,ASM-7977,Electrical Systems,boom cylinder,Non-Conformance Report NCR-01098: Field service report notes reduced output from the boom cylinder; Electrical Systems traces the root cause to part PN-65179 tolerance drift and requests a performance-related revision to assembly ASM-7977. This item is currently pending review by the change control board.
ECN-000627,2025-04-22,4,Apr 2025,ERP,Regulatory Compliance,Quality Approval,17.74,2,True,False,False,True,True,True,True,PN-59882,ASM-2594,Powertrain Engineering,fuel injection system,Maintenance Log #00627: Non-conformance report: PN-59882 on the fuel injection system does not meet the revised safety standard; Powertrain Engineering has opened a regulatory compliance change request for assembly ASM-2594. Cross-functional stakeholders have been notified for input.
ECN-000395,2025-02-05,2,Feb 2025,PLM,Cost-Driven,Design Review,6.61,2,True,False,False,False,True,False,False,PN-99861,ASM-6614,Field Service,transmission control unit,Supplier Communication SC-00395: Engineering comment: value-engineering review of the transmission control unit identifies part PN-99861 as a candidate for redesign to reduce unit cost; Field Service to submit change request. The change request has been logged in the PLM system for tracking.
ECN-000637,2025-04-14,4,Apr 2025,ECN Database,Cost-Driven,Quality Approval,8.36,7,True,False,False,True,True,True,True,PN-43612,ASM-4868,Field Service,cooling fan clutch,"Supplier Communication SC-00637: Engineering comment: value-engineering review of the cooling fan clutch identifies part PN-43612 as a candidate for redesign to reduce unit cost; Field Service to submit change request. Engineering comment: hydraulic pump (part PN-43612, assembly ASM-4868) is underperforming relative to spec by ~8%; Supplier Quality proposes a performance tuning change to improve efficiency. A follow-up review is scheduled for the next engineering change meeting."
ECN-000768,2025-04-06,4,Apr 2025,Supplier Portal,Performance-Related,Quality Approval,13.51,5,True,False,False,True,True,True,True,PN-64842,ASM-8835,Quality Assurance,engine control module,Supplier Communication SC-00768: Test bench data shows the engine control module missing target cycle times; Quality Assurance is submitting a change request against part PN-64842 to restore rated performance. Supplier communication from Northgate Castings proposes an alternate source for PN-64842 on the boom cylinder at a 12% cost reduction; Field Service is evaluating a cost-driven engineering change to assembly ASM-8835.
ECN-000533,2025-03-06,3,Mar 2025,Supplier Portal,Regulatory Compliance,Manufacturing,25.08,3,True,False,False,True,True,True,True,PN-48616,ASM-5738,Regulatory Affairs,fuel injection system,Engineering Comment EC-00533: Regulatory bulletin requires updated emissions documentation for the fuel injection system (part PN-48616); Regulatory Affairs is initiating a compliance-driven engineering change to assembly ASM-5738. Maintenance log entry: repeated overheating observed on exhaust aftertreatment system (part PN-48616) across three units in the field; escalated to Field Service as a safety-critical change request.
ECN-000718,2025-04-13,4,Apr 2025,PLM,Performance-Related,Final Release,6.38,4,True,False,True,True,True,True,True,PN-49062,ASM-7388,Powertrain Engineering,final drive assembly,"Field Service Report FSR-00718: Engineering comment: final drive assembly (part PN-49062, assembly ASM-7388) is underperforming relative to spec by ~8%; Powertrain Engineering proposes a performance tuning change to improve efficiency. Cross-functional stakeholders have been notified for input."
ECN-000667,2025-04-05,4,Apr 2025,ERP,Regulatory Compliance,Design Review,9.36,7,True,False,False,True,True,True,True,PN-15747,ASM-8423,Powertrain Engineering,cooling fan clutch,Engineering Comment EC-00667: Non-conformance report: PN-15747 on the cooling fan clutch does not meet the revised safety standard; Powertrain Engineering has opened a regulatory compliance change request for assembly ASM-8423.
ECN-000598,2025-03-09,3,Mar 2025,CAD,Cost-Driven,Manufacturing,25.12,2,True,False,False,True,True,True,True,PN-49834,ASM-9095,Field Service,hydraulic pump,Non-Conformance Report NCR-00598: Procurement flags rising cost of PN-49834 used in the hydraulic pump; Field Service requests a cost-driven change to qualify a second source for assembly ASM-9095. This item is currently pending review by the change control board.
ECN-000482,2025-03-24,3,Mar 2025,CAD,Cost-Driven,Final Release,21.24,3,False,False,False,True,True,True,True,PN-69971,ASM-5043,Structural Engineering,exhaust aftertreatment system,Supplier Communication SC-00482: Engineering comment: value-engineering review of the exhaust aftertreatment system identifies part PN-69971 as a candidate for redesign to reduce unit cost; Structural Engineering to submit change request. Impact assessment on related assemblies is still in progress.
ECN-001103,2025-06-03,6,Jun 2025,CAD,Performance-Related,Quality Approval,5.74,2,True,False,False,True,True,True,True,PN-52875,ASM-5639,Quality Assurance,fuel injection system,Engineering Comment EC-01103: Test bench data shows the fuel injection system missing target cycle times; Quality Assurance is submitting a change request against part PN-52875 to restore rated performance. The change request has been logged in the PLM system for tracking.
ECN-000315,2025-02-25,2,Feb 2025,CAD,Performance-Related,Design Review,19.0,2,False,True,True,True,True,True,True,PN-12651,ASM-6535,Field Service,cab HVAC unit,Supplier Communication SC-00315: Field service report notes reduced output from the cab HVAC unit; Field Service traces the root cause to part PN-12651 tolerance drift and requests a performance-related revision to assembly ASM-6535. Supplier communication forwards a customer complaint about PN-12651 wear rate on the steering valve block; Hydraulics Engineering is preparing a customer-driven revision to assembly ASM-6535. Impact assessment on related assemblies is still in progress.
ECN-000729,2025-04-26,4,Apr 2025,ECN Database,Cost-Driven,Final Release,7.3,3,False,False,False,True,True,True,True,PN-11227,ASM-4629,Supplier Quality,fuel injection system,Field Service Report FSR-00729: Procurement flags rising cost of PN-11227 used in the fuel injection system; Supplier Quality requests a cost-driven change to qualify a second source for assembly ASM-4629. Supplier communication forwards a customer complaint about PN-11227 wear rate on the alternator; Manufacturing Engineering is preparing a customer-driven revision to assembly ASM-4629. A follow-up review is scheduled for the next engineering change meeting.
ECN-000210,2025-02-22,2,Feb 2025,Supplier Portal,Safety-Critical,Manufacturing,23.97,2,True,False,False,True,True,True,True,PN-58637,ASM-2514,Hydraulics Engineering,steering valve block,Supplier Communication SC-00210: Maintenance log entry: repeated overheating observed on steering valve block (part PN-58637) across three units in the field; escalated to Hydraulics Engineering as a safety-critical change request. Cross-functional stakeholders have been notified for input.
ECN-000934,2025-05-07,5,May 2025,ECN Database,Performance-Related,Manufacturing,8.74,5,True,False,False,True,True,True,True,PN-61222,ASM-2649,Manufacturing Engineering,cab HVAC unit,Maintenance Log #00934: Field service report notes reduced output from the cab HVAC unit; Manufacturing Engineering traces the root cause to part PN-61222 tolerance drift and requests a performance-related revision to assembly ASM-2649. The change request has been logged in the PLM system for tracking.
ECN-000434,2025-03-16,3,Mar 2025,ERP,Performance-Related,Design Review,6.1,5,True,False,False,False,True,True,False,PN-64120,ASM-4080,Electrical Systems,alternator,"Engineering Comment EC-00434: Engineering comment: alternator (part PN-64120, assembly ASM-4080) is underperforming relative to spec by ~8%; Electrical Systems proposes a performance tuning change to improve efficiency. Customer feedback log: fleet operator requests an enhancement to the steering valve block (part PN-64120) for improved serviceability; Structural Engineering is drafting a customer-requested change to assembly ASM-4080. Impact assessment on related assemblies is still in progress."
ECN-000329,2025-02-05,2,Feb 2025,CAD,Regulatory Compliance,Manufacturing,27.07,5,False,True,False,True,True,True,True,PN-28004,ASM-4281,Powertrain Engineering,track undercarriage,Supplier Communication SC-00329: Non-conformance report: PN-28004 on the track undercarriage does not meet the revised safety standard; Powertrain Engineering has opened a regulatory compliance change request for assembly ASM-4281.
ECN-000261,2025-02-13,2,Feb 2025,ERP,Performance-Related,Quality Approval,13.38,6,True,False,False,True,True,True,True,PN-65353,ASM-3165,Manufacturing Engineering,alternator,Non-Conformance Report NCR-00261: Field service report notes reduced output from the alternator; Manufacturing Engineering traces the root cause to part PN-65353 tolerance drift and requests a performance-related revision to assembly ASM-3165. Customer feedback log: fleet operator requests an enhancement to the alternator (part PN-65353) for improved serviceability; Hydraulics Engineering is drafting a customer-requested change to assembly ASM-3165. Cross-functional stakeholders have been notified for input.
ECN-001117,2025-06-24,6,Jun 2025,ECN Database,Performance-Related,Quality Approval,13.81,1,True,False,True,True,True,True,True,PN-93458,ASM-5947,Hydraulics Engineering,alternator,Field Service Report FSR-01117: Field service report notes reduced output from the alternator; Hydraulics Engineering traces the root cause to part PN-93458 tolerance drift and requests a performance-related revision to assembly ASM-5947. Impact assessment on related assemblies is still in progress.
ECN-000307,2025-02-22,2,Feb 2025,CAD,Cost-Driven,Final Release,9.76,1,False,True,False,True,True,True,True,PN-45200,ASM-2009,Field Service,cab HVAC unit,Maintenance Log #00307: Supplier communication from Continental Driveline Systems proposes an alternate source for PN-45200 on the cab HVAC unit at a 12% cost reduction; Field Service is evaluating a cost-driven engineering change to assembly ASM-2009.
ECN-001067,2025-06-11,6,Jun 2025,MMS,Performance-Related,Quality Approval,10.39,6,True,False,False,True,True,True,True,PN-88476,ASM-7660,Manufacturing Engineering,hydraulic pump,"Non-Conformance Report NCR-01067: Engineering comment: hydraulic pump (part PN-88476, assembly ASM-7660) is underperforming relative to spec by ~8%; Manufacturing Engineering proposes a performance tuning change to improve efficiency. Procurement flags rising cost of PN-88476 used in the cab HVAC unit; Electrical Systems requests a cost-driven change to qualify a second source for assembly ASM-7660. Impact assessment on related assemblies is still in progress."
ECN-000928,2025-05-27,5,May 2025,PLM,Customer-Requested,Quality Approval,12.15,5,True,False,False,True,True,True,True,PN-32336,ASM-8045,Manufacturing Engineering,exhaust aftertreatment system,Supplier Communication SC-00928: Customer feedback log: fleet operator requests an enhancement to the exhaust aftertreatment system (part PN-32336) for improved serviceability; Manufacturing Engineering is drafting a customer-requested change to assembly ASM-8045. A follow-up review is scheduled for the next engineering change meeting.
ECN-001025,2025-06-16,6,Jun 2025,CAD,Customer-Requested,Quality Approval,8.61,7,True,True,False,True,True,True,True,PN-13236,ASM-6350,Field Service,track undercarriage,Field Service Report FSR-01025: Supplier communication forwards a customer complaint about PN-13236 wear rate on the track undercarriage; Field Service is preparing a customer-driven revision to assembly ASM-6350. The change request has been logged in the PLM system for tracking.
ECN-000271,2025-02-06,2,Feb 2025,CAD,Customer-Requested,Quality Approval,29.8,3,True,True,False,True,True,False,False,PN-31473,ASM-9133,Quality Assurance,alternator,Field Service Report FSR-00271: Field service report: customer has asked for a configuration change to the alternator to support a new attachment; Quality Assurance opens a customer-requested engineering change against part PN-31473.
ECN-000291,2025-02-02,2,Feb 2025,MMS,Cost-Driven,Manufacturing,12.56,3,True,True,False,True,True,True,True,PN-75849,ASM-6269,Manufacturing Engineering,cab HVAC unit,Field Service Report FSR-00291: Engineering comment: value-engineering review of the cab HVAC unit identifies part PN-75849 as a candidate for redesign to reduce unit cost; Manufacturing Engineering to submit change request. Field service report notes reduced output from the exhaust aftertreatment system; Supplier Quality traces the root cause to part PN-75849 tolerance drift and requests a performance-related revision to assembly ASM-6269.
ECN-000813,2025-05-28,5,May 2025,ERP,Customer-Requested,Manufacturing,19.59,5,True,False,False,True,True,True,True,PN-43767,ASM-8803,Field Service,track undercarriage,Field Service Report FSR-00813: Supplier communication forwards a customer complaint about PN-43767 wear rate on the track undercarriage; Field Service is preparing a customer-driven revision to assembly ASM-8803. Test bench data shows the steering valve block missing target cycle times; Structural Engineering is submitting a change request against part PN-43767 to restore rated performance.
ECN-000097,2025-01-15,1,Jan 2025,CAD,Performance-Related,Design Review,25.64,1,True,False,False,False,False,True,False,PN-83048,ASM-6992,Supplier Quality,final drive assembly,"Maintenance Log #00097: Engineering comment: final drive assembly (part PN-83048, assembly ASM-6992) is underperforming relative to spec by ~8%; Supplier Quality proposes a performance tuning change to improve efficiency. A follow-up review is scheduled for the next engineering change meeting."
ECN-000888,2025-05-18,5,May 2025,ERP,Safety-Critical,Manufacturing,6.55,1,True,True,False,False,False,False,False,PN-60224,ASM-7859,Quality Assurance,fuel injection system,Engineering Comment EC-00888: Maintenance log entry: repeated overheating observed on fuel injection system (part PN-60224) across three units in the field; escalated to Quality Assurance as a safety-critical change request.
ECN-000819,2025-05-02,5,May 2025,CAD,Safety-Critical,Quality Approval,14.89,4,True,True,False,True,True,True,True,PN-45841,ASM-8836,Electrical Systems,cooling fan clutch,Supplier Communication SC-00819: Maintenance log entry: repeated overheating observed on cooling fan clutch (part PN-45841) across three units in the field; escalated to Electrical Systems as a safety-critical change request. Impact assessment on related assemblies is still in progress.
ECN-000032,2025-01-29,1,Jan 2025,CAD,Customer-Requested,Manufacturing,18.43,4,True,False,False,True,True,True,True,PN-15482,ASM-6050,Regulatory Affairs,final drive assembly,Maintenance Log #00032: Field service report: customer has asked for a configuration change to the final drive assembly to support a new attachment; Regulatory Affairs opens a customer-requested engineering change against part PN-15482.
ECN-000763,2025-04-10,4,Apr 2025,CAD,Cost-Driven,Design Review,5.46,0,True,False,False,False,False,True,False,PN-64938,ASM-7974,Manufacturing Engineering,fuel injection system,Engineering Comment EC-00763: Procurement flags rising cost of PN-64938 used in the fuel injection system; Manufacturing Engineering requests a cost-driven change to qualify a second source for assembly ASM-7974.
ECN-000954,2025-05-23,5,May 2025,MMS,Cost-Driven,Design Review,5.5,1,True,False,False,True,True,True,True,PN-60470,ASM-4078,Supplier Quality,steering valve block,Field Service Report FSR-00954: Engineering comment: value-engineering review of the steering valve block identifies part PN-60470 as a candidate for redesign to reduce unit cost; Supplier Quality to submit change request. Test bench data shows the transmission control unit missing target cycle times; Electrical Systems is submitting a change request against part PN-60470 to restore rated performance.
ECN-000320,2025-02-09,2,Feb 2025,ECN Database,Cost-Driven,Design Review,11.7,2,True,True,False,True,True,True,True,PN-43903,ASM-2480,Manufacturing Engineering,fuel injection system,"Non-Conformance Report NCR-00320: Engineering comment: value-engineering review of the fuel injection system identifies part PN-43903 as a candidate for redesign to reduce unit cost; Manufacturing Engineering to submit change request. Engineering comment: exhaust aftertreatment system (part PN-43903, assembly ASM-2480) is underperforming relative to spec by ~8%; Supplier Quality proposes a performance tuning change to improve efficiency."
ECN-000299,2025-02-08,2,Feb 2025,ECN Database,Customer-Requested,Quality Approval,26.16,6,True,False,False,True,False,False,True,PN-28434,ASM-6425,Hydraulics Engineering,exhaust aftertreatment system,Non-Conformance Report NCR-00299: Supplier communication forwards a customer complaint about PN-28434 wear rate on the exhaust aftertreatment system; Hydraulics Engineering is preparing a customer-driven revision to assembly ASM-6425. Engineering comment: value-engineering review of the final drive assembly identifies part PN-28434 as a candidate for redesign to reduce unit cost; Hydraulics Engineering to submit change request. Cross-functional stakeholders have been notified for input.
ECN-000200,2025-01-12,1,Jan 2025,MMS,Performance-Related,Manufacturing,14.44,3,True,False,False,True,True,True,True,PN-63591,ASM-3948,Powertrain Engineering,cab HVAC unit,"Supplier Communication SC-00200: Engineering comment: cab HVAC unit (part PN-63591, assembly ASM-3948) is underperforming relative to spec by ~8%; Powertrain Engineering proposes a performance tuning change to improve efficiency."
ECN-000561,2025-03-29,3,Mar 2025,CAD,Cost-Driven,Final Release,13.97,4,True,False,False,True,True,True,True,PN-10832,ASM-1118,Structural Engineering,hydraulic pump,Engineering Comment EC-00561: Supplier communication from Meridian Hydraulics Inc. proposes an alternate source for PN-10832 on the hydraulic pump at a 12% cost reduction; Structural Engineering is evaluating a cost-driven engineering change to assembly ASM-1118.
ECN-000179,2025-01-07,1,Jan 2025,PLM,Customer-Requested,Final Release,7.46,3,True,True,False,True,True,True,True,PN-78712,ASM-7229,Structural Engineering,hydraulic pump,Maintenance Log #00179: Customer feedback log: fleet operator requests an enhancement to the hydraulic pump (part PN-78712) for improved serviceability; Structural Engineering is drafting a customer-requested change to assembly ASM-7229. A follow-up review is scheduled for the next engineering change meeting.
ECN-001132,2025-06-29,6,Jun 2025,PLM,Cost-Driven,Final Release,17.85,2,True,False,False,True,True,True,True,PN-32965,ASM-8736,Manufacturing Engineering,cab HVAC unit,Maintenance Log #01132: Procurement flags rising cost of PN-32965 used in the cab HVAC unit; Manufacturing Engineering requests a cost-driven change to qualify a second source for assembly ASM-8736. Cross-functional stakeholders have been notified for input.
ECN-000089,2025-01-16,1,Jan 2025,Supplier Portal,Safety-Critical,Final Release,9.7,1,True,False,False,True,True,False,False,PN-32946,ASM-2293,Quality Assurance,exhaust aftertreatment system,Non-Conformance Report NCR-00089: Maintenance log entry: repeated overheating observed on exhaust aftertreatment system (part PN-32946) across three units in the field; escalated to Quality Assurance as a safety-critical change request.
ECN-000788,2025-04-08,4,Apr 2025,ECN Database,Performance-Related,Final Release,33.52,4,False,False,True,False,False,True,False,PN-51620,ASM-1648,Quality Assurance,fuel injection system,Maintenance Log #00788: Test bench data shows the fuel injection system missing target cycle times; Quality Assurance is submitting a change request against part PN-51620 to restore rated performance. Cross-functional stakeholders have been notified for input.
ECN-000725,2025-04-20,4,Apr 2025,CAD,Customer-Requested,Quality Approval,17.23,6,False,False,True,True,True,True,False,PN-69338,ASM-5473,Manufacturing Engineering,fuel injection system,Supplier Communication SC-00725: Customer feedback log: fleet operator requests an enhancement to the fuel injection system (part PN-69338) for improved serviceability; Manufacturing Engineering is drafting a customer-requested change to assembly ASM-5473. Additional supporting documentation has been attached to the ECN record.
ECN-000827,2025-05-04,5,May 2025,PLM,Regulatory Compliance,Design Review,9.94,6,True,False,True,True,True,True,True,PN-95237,ASM-7260,Hydraulics Engineering,track undercarriage,Maintenance Log #00827: Non-conformance report: PN-95237 on the track undercarriage does not meet the revised safety standard; Hydraulics Engineering has opened a regulatory compliance change request for assembly ASM-7260. This item is currently pending review by the change control board.
ECN-000209,2025-02-07,2,Feb 2025,CAD,Performance-Related,Quality Approval,14.42,11,True,True,False,False,False,True,False,PN-83713,ASM-7761,Structural Engineering,final drive assembly,Field Service Report FSR-00209: Field service report notes reduced output from the final drive assembly; Structural Engineering traces the root cause to part PN-83713 tolerance drift and requests a performance-related revision to assembly ASM-7761. Additional supporting documentation has been attached to the ECN record.
ECN-001040,2025-06-25,6,Jun 2025,PLM,Performance-Related,Final Release,3.34,4,True,False,True,True,True,True,True,PN-55527,ASM-5666,Manufacturing Engineering,exhaust aftertreatment system,"Engineering Comment EC-01040: Engineering comment: exhaust aftertreatment system (part PN-55527, assembly ASM-5666) is underperforming relative to spec by ~8%; Manufacturing Engineering proposes a performance tuning change to improve efficiency. Field service report: customer has asked for a configuration change to the cab HVAC unit to support a new attachment; Supplier Quality opens a customer-requested engineering change against part PN-55527. Cross-functional stakeholders have been notified for input."
ECN-000297,2025-02-05,2,Feb 2025,ERP,Cost-Driven,Quality Approval,10.54,5,True,False,False,True,True,True,True,PN-56769,ASM-4657,Electrical Systems,final drive assembly,Field Service Report FSR-00297: Procurement flags rising cost of PN-56769 used in the final drive assembly; Electrical Systems requests a cost-driven change to qualify a second source for assembly ASM-4657. Cross-functional stakeholders have been notified for input.
ECN-000998,2025-05-21,5,May 2025,ECN Database,Regulatory Compliance,Manufacturing,18.01,8,True,False,True,True,True,True,True,PN-31245,ASM-8111,Supplier Quality,cooling fan clutch,Maintenance Log #00998: Supplier communication from Continental Driveline Systems indicates a material certification gap on PN-31245; Supplier Quality requests a compliance change to the cooling fan clutch. A follow-up review is scheduled for the next engineering change meeting.
ECN-000498,2025-03-26,3,Mar 2025,Supplier Portal,Safety-Critical,Quality Approval,20.77,10,True,False,False,True,True,True,True,PN-13143,ASM-8616,Powertrain Engineering,boom cylinder,Non-Conformance Report NCR-00498: Maintenance log entry: repeated overheating observed on boom cylinder (part PN-13143) across three units in the field; escalated to Powertrain Engineering as a safety-critical change request.
ECN-000835,2025-05-05,5,May 2025,ECN Database,Safety-Critical,Final Release,8.67,3,True,False,False,True,True,True,True,PN-38208,ASM-3198,Quality Assurance,boom cylinder,Field Service Report FSR-00835: Maintenance log entry: repeated overheating observed on boom cylinder (part PN-38208) across three units in the field; escalated to Quality Assurance as a safety-critical change request.
ECN-000430,2025-03-01,3,Mar 2025,Supplier Portal,Performance-Related,Manufacturing,19.47,8,True,False,True,False,True,False,False,PN-55504,ASM-8891,Electrical Systems,steering valve block,Maintenance Log #00430: Test bench data shows the steering valve block missing target cycle times; Electrical Systems is submitting a change request against part PN-55504 to restore rated performance. Engineering comment: value-engineering review of the cooling fan clutch identifies part PN-55504 as a candidate for redesign to reduce unit cost; Manufacturing Engineering to submit change request. Cross-functional stakeholders have been notified for input.
ECN-000507,2025-03-10,3,Mar 2025,PLM,Performance-Related,Design Review,8.82,2,False,False,True,True,True,True,True,PN-14791,ASM-8526,Quality Assurance,transmission control unit,Maintenance Log #00507: Field service report notes reduced output from the transmission control unit; Quality Assurance traces the root cause to part PN-14791 tolerance drift and requests a performance-related revision to assembly ASM-8526.
ECN-000831,2025-05-18,5,May 2025,MMS,Cost-Driven,Design Review,4.54,1,False,False,False,True,True,True,True,PN-96321,ASM-2922,Hydraulics Engineering,steering valve block,Maintenance Log #00831: Supplier communication from Continental Driveline Systems proposes an alternate source for PN-96321 on the steering valve block at a 12% cost reduction; Hydraulics Engineering is evaluating a cost-driven engineering change to assembly ASM-2922.
ECN-000694,2025-04-26,4,Apr 2025,ERP,Regulatory Compliance,Manufacturing,15.65,3,True,True,False,True,True,True,True,PN-47585,ASM-9274,Structural Engineering,boom cylinder,Supplier Communication SC-00694: Regulatory bulletin requires updated emissions documentation for the boom cylinder (part PN-47585); Structural Engineering is initiating a compliance-driven engineering change to assembly ASM-9274. Maintenance log entry: repeated overheating observed on track undercarriage (part PN-47585) across three units in the field; escalated to Manufacturing Engineering as a safety-critical change request. A follow-up review is scheduled for the next engineering change meeting.
ECN-000011,2025-01-22,1,Jan 2025,ECN Database,Performance-Related,Design Review,31.94,3,True,True,False,True,True,True,True,PN-71348,ASM-9669,Regulatory Affairs,track undercarriage,Maintenance Log #00011: Field service report notes reduced output from the track undercarriage; Regulatory Affairs traces the root cause to part PN-71348 tolerance drift and requests a performance-related revision to assembly ASM-9669.
ECN-000848,2025-05-12,5,May 2025,PLM,Customer-Requested,Design Review,12.86,4,True,False,False,True,True,True,True,PN-98410,ASM-9577,Structural Engineering,hydraulic pump,Non-Conformance Report NCR-00848: Customer feedback log: fleet operator requests an enhancement to the hydraulic pump (part PN-98410) for improved serviceability; Structural Engineering is drafting a customer-requested change to assembly ASM-9577. Supplier communication from Meridian Hydraulics Inc. proposes an alternate source for PN-98410 on the transmission control unit at a 12% cost reduction; Manufacturing Engineering is evaluating a cost-driven engineering change to assembly ASM-9577. The change request has been logged in the PLM system for tracking.
ECN-000463,2025-03-16,3,Mar 2025,Supplier Portal,Performance-Related,Quality Approval,24.55,6,True,False,True,True,True,True,True,PN-39109,ASM-8076,Electrical Systems,exhaust aftertreatment system,Maintenance Log #00463: Field service report notes reduced output from the exhaust aftertreatment system; Electrical Systems traces the root cause to part PN-39109 tolerance drift and requests a performance-related revision to assembly ASM-8076. Cross-functional stakeholders have been notified for input.
ECN-000199,2025-01-02,1,Jan 2025,PLM,Performance-Related,Manufacturing,17.79,5,True,False,False,True,True,True,True,PN-38560,ASM-2196,Field Service,track undercarriage,"Engineering Comment EC-00199: Engineering comment: track undercarriage (part PN-38560, assembly ASM-2196) is underperforming relative to spec by ~8%; Field Service proposes a performance tuning change to improve efficiency."
ECN-000060,2025-01-01,1,Jan 2025,MMS,Safety-Critical,Design Review,9.44,6,True,False,False,True,True,True,True,PN-69087,ASM-4995,Hydraulics Engineering,boom cylinder,Field Service Report FSR-00060: Non-conformance report: PN-69087 on the boom cylinder exhibited a crack during fatigue testing. Hydraulics Engineering recommends immediate containment and a safety-critical engineering change to assembly ASM-4995.
ECN-000907,2025-05-30,5,May 2025,ECN Database,Cost-Driven,Quality Approval,11.11,5,True,True,False,True,True,True,True,PN-84545,ASM-8999,Quality Assurance,steering valve block,Engineering Comment EC-00907: Supplier communication from Meridian Hydraulics Inc. proposes an alternate source for PN-84545 on the steering valve block at a 12% cost reduction; Quality Assurance is evaluating a cost-driven engineering change to assembly ASM-8999. The change request has been logged in the PLM system for tracking.
ECN-000997,2025-05-15,5,May 2025,ECN Database,Safety-Critical,Final Release,20.34,2,False,False,False,True,True,True,True,PN-59496,ASM-3182,Hydraulics Engineering,fuel injection system,Supplier Communication SC-00997: Maintenance log entry: repeated overheating observed on fuel injection system (part PN-59496) across three units in the field; escalated to Hydraulics Engineering as a safety-critical change request. Cross-functional stakeholders have been notified for input.
ECN-000276,2025-02-11,2,Feb 2025,PLM,Performance-Related,Manufacturing,17.12,6,True,False,False,True,True,True,True,PN-75803,ASM-1862,Manufacturing Engineering,exhaust aftertreatment system,"Field Service Report FSR-00276: Engineering comment: exhaust aftertreatment system (part PN-75803, assembly ASM-1862) is underperforming relative to spec by ~8%; Manufacturing Engineering proposes a performance tuning change to improve efficiency. Engineering comment: value-engineering review of the engine control module identifies part PN-75803 as a candidate for redesign to reduce unit cost; Structural Engineering to submit change request."
ECN-000809,2025-05-21,5,May 2025,CAD,Cost-Driven,Manufacturing,7.89,4,True,False,False,True,True,True,True,PN-88893,ASM-3013,Quality Assurance,track undercarriage,Maintenance Log #00809: Procurement flags rising cost of PN-88893 used in the track undercarriage; Quality Assurance requests a cost-driven change to qualify a second source for assembly ASM-3013. Field service report notes reduced output from the cab HVAC unit; Structural Engineering traces the root cause to part PN-88893 tolerance drift and requests a performance-related revision to assembly ASM-3013. Additional supporting documentation has been attached to the ECN record.
ECN-000908,2025-05-24,5,May 2025,ERP,Cost-Driven,Manufacturing,14.53,4,True,True,False,True,True,True,True,PN-77171,ASM-6138,Structural Engineering,final drive assembly,Maintenance Log #00908: Engineering comment: value-engineering review of the final drive assembly identifies part PN-77171 as a candidate for redesign to reduce unit cost; Structural Engineering to submit change request. Supplier communication forwards a customer complaint about PN-77171 wear rate on the cab HVAC unit; Field Service is preparing a customer-driven revision to assembly ASM-6138.
ECN-000658,2025-04-29,4,Apr 2025,Supplier Portal,Regulatory Compliance,Final Release,14.0,2,False,False,False,True,True,True,True,PN-76131,ASM-7241,Powertrain Engineering,hydraulic pump,Non-Conformance Report NCR-00658: Non-conformance report: PN-76131 on the hydraulic pump does not meet the revised safety standard; Powertrain Engineering has opened a regulatory compliance change request for assembly ASM-7241.
ECN-000957,2025-05-22,5,May 2025,Supplier Portal,Customer-Requested,Manufacturing,14.0,3,False,False,False,True,False,False,False,PN-24444,ASM-4941,Structural Engineering,final drive assembly,Supplier Communication SC-00957: Customer feedback log: fleet operator requests an enhancement to the final drive assembly (part PN-24444) for improved serviceability; Structural Engineering is drafting a customer-requested change to assembly ASM-4941. This item is currently pending review by the change control board.
ECN-000886,2025-05-04,5,May 2025,Supplier Portal,Performance-Related,Quality Approval,11.13,3,False,False,False,True,True,True,True,PN-61196,ASM-8318,Manufacturing Engineering,final drive assembly,Maintenance Log #00886: Test bench data shows the final drive assembly missing target cycle times; Manufacturing Engineering is submitting a change request against part PN-61196 to restore rated performance.
ECN-000221,2025-02-03,2,Feb 2025,MMS,Regulatory Compliance,Final Release,12.55,7,True,False,True,True,False,True,False,PN-63120,ASM-7213,Powertrain Engineering,engine control module,Non-Conformance Report NCR-00221: Non-conformance report: PN-63120 on the engine control module does not meet the revised safety standard; Powertrain Engineering has opened a regulatory compliance change request for assembly ASM-7213. This item is currently pending review by the change control board.
ECN-000789,2025-04-26,4,Apr 2025,ECN Database,Performance-Related,Manufacturing,15.63,8,True,False,False,True,False,False,True,PN-36976,ASM-9836,Manufacturing Engineering,fuel injection system,"Non-Conformance Report NCR-00789: Engineering comment: fuel injection system (part PN-36976, assembly ASM-9836) is underperforming relative to spec by ~8%; Manufacturing Engineering proposes a performance tuning change to improve efficiency."
ECN-000712,2025-04-28,4,Apr 2025,ERP,Customer-Requested,Quality Approval,10.37,3,True,False,False,True,True,True,True,PN-97097,ASM-7711,Hydraulics Engineering,fuel injection system,Maintenance Log #00712: Field service report: customer has asked for a configuration change to the fuel injection system to support a new attachment; Hydraulics Engineering opens a customer-requested engineering change against part PN-97097. Engineering comment: value-engineering review of the transmission control unit identifies part PN-97097 as a candidate for redesign to reduce unit cost; Powertrain Engineering to submit change request.
ECN-000714,2025-04-06,4,Apr 2025,PLM,Customer-Requested,Design Review,15.17,4,False,False,False,True,True,True,True,PN-78387,ASM-4103,Powertrain Engineering,transmission control unit,Engineering Comment EC-00714: Field service report: customer has asked for a configuration change to the transmission control unit to support a new attachment; Powertrain Engineering opens a customer-requested engineering change against part PN-78387. Impact assessment on related assemblies is still in progress.
ECN-001113,2025-06-10,6,Jun 2025,ECN Database,Regulatory Compliance,Quality Approval,10.95,6,True,False,False,True,True,True,True,PN-81139,ASM-5378,Field Service,fuel injection system,Field Service Report FSR-01113: Regulatory bulletin requires updated emissions documentation for the fuel injection system (part PN-81139); Field Service is initiating a compliance-driven engineering change to assembly ASM-5378. The change request has been logged in the PLM system for tracking.
ECN-001191,2025-06-19,6,Jun 2025,Supplier Portal,Customer-Requested,Final Release,10.14,3,True,False,False,True,True,True,True,PN-35543,ASM-3321,Regulatory Affairs,final drive assembly,"Non-Conformance Report NCR-01191: Supplier communication forwards a customer complaint about PN-35543 wear rate on the final drive assembly; Regulatory Affairs is preparing a customer-driven revision to assembly ASM-3321. Engineering comment: alternator (part PN-35543, assembly ASM-3321) is underperforming relative to spec by ~8%; Manufacturing Engineering proposes a performance tuning change to improve efficiency."
ECN-000790,2025-04-05,4,Apr 2025,PLM,Performance-Related,Design Review,9.5,3,False,False,True,True,True,True,True,PN-60002,ASM-9543,Supplier Quality,alternator,Non-Conformance Report NCR-00790: Field service report notes reduced output from the alternator; Supplier Quality traces the root cause to part PN-60002 tolerance drift and requests a performance-related revision to assembly ASM-9543. Supplier communication from Continental Driveline Systems proposes an alternate source for PN-60002 on the cab HVAC unit at a 12% cost reduction; Hydraulics Engineering is evaluating a cost-driven engineering change to assembly ASM-9543. Additional supporting documentation has been attached to the ECN record.
ECN-000416,2025-03-15,3,Mar 2025,PLM,Cost-Driven,Design Review,15.71,5,True,False,False,True,True,True,True,PN-14268,ASM-9232,Structural Engineering,track undercarriage,Non-Conformance Report NCR-00416: Engineering comment: value-engineering review of the track undercarriage identifies part PN-14268 as a candidate for redesign to reduce unit cost; Structural Engineering to submit change request.
ECN-000899,2025-05-08,5,May 2025,CAD,Cost-Driven,Final Release,4.18,4,True,False,False,True,True,True,True,PN-31333,ASM-9873,Supplier Quality,hydraulic pump,Maintenance Log #00899: Supplier communication from Apex Sensor Technologies proposes an alternate source for PN-31333 on the hydraulic pump at a 12% cost reduction; Supplier Quality is evaluating a cost-driven engineering change to assembly ASM-9873. Field service report notes reduced output from the boom cylinder; Electrical Systems traces the root cause to part PN-31333 tolerance drift and requests a performance-related revision to assembly ASM-9873.
ECN-000935,2025-05-16,5,May 2025,Supplier Portal,Safety-Critical,Design Review,6.29,5,False,False,False,True,True,True,True,PN-93040,ASM-8387,Regulatory Affairs,track undercarriage,"Field Service Report FSR-00935: Field service report flags a potential failure mode in the track undercarriage (assembly ASM-8387, part PN-93040) that could compromise operator safety under high-load conditions; Regulatory Affairs has requested an urgent design review. Regulatory bulletin requires updated emissions documentation for the steering valve block (part PN-93040); Powertrain Engineering is initiating a compliance-driven engineering change to assembly ASM-8387."
ECN-000266,2025-02-19,2,Feb 2025,PLM,Cost-Driven,Design Review,16.19,3,True,True,False,True,False,True,True,PN-81612,ASM-3830,Regulatory Affairs,track undercarriage,Maintenance Log #00266: Engineering comment: value-engineering review of the track undercarriage identifies part PN-81612 as a candidate for redesign to reduce unit cost; Regulatory Affairs to submit change request.
ECN-000632,2025-04-04,4,Apr 2025,Supplier Portal,Safety-Critical,Design Review,17.23,4,True,False,False,True,True,True,True,PN-85172,ASM-7586,Powertrain Engineering,cooling fan clutch,"Engineering Comment EC-00632: Field service report flags a potential failure mode in the cooling fan clutch (assembly ASM-7586, part PN-85172) that could compromise operator safety under high-load conditions; Powertrain Engineering has requested an urgent design review."
ECN-000248,2025-02-06,2,Feb 2025,MMS,Customer-Requested,Quality Approval,15.8,9,False,True,False,True,True,True,True,PN-84107,ASM-1505,Quality Assurance,cab HVAC unit,Field Service Report FSR-00248: Customer feedback log: fleet operator requests an enhancement to the cab HVAC unit (part PN-84107) for improved serviceability; Quality Assurance is drafting a customer-requested change to assembly ASM-1505. A follow-up review is scheduled for the next engineering change meeting.
ECN-000683,2025-04-30,4,Apr 2025,ECN Database,Regulatory Compliance,Final Release,6.49,3,True,False,False,True,False,False,True,PN-14851,ASM-8987,Electrical Systems,alternator,Engineering Comment EC-00683: Non-conformance report: PN-14851 on the alternator does not meet the revised safety standard; Electrical Systems has opened a regulatory compliance change request for assembly ASM-8987.
ECN-000559,2025-03-05,3,Mar 2025,MMS,Safety-Critical,Final Release,8.71,0,True,False,False,True,True,True,True,PN-52151,ASM-4493,Electrical Systems,steering valve block,"Field Service Report FSR-00559: Field service report flags a potential failure mode in the steering valve block (assembly ASM-4493, part PN-52151) that could compromise operator safety under high-load conditions; Electrical Systems has requested an urgent design review. This item is currently pending review by the change control board."
ECN-001137,2025-06-24,6,Jun 2025,ERP,Regulatory Compliance,Design Review,8.84,7,True,False,False,True,True,True,True,PN-66175,ASM-3032,Electrical Systems,alternator,Maintenance Log #01137: Regulatory bulletin requires updated emissions documentation for the alternator (part PN-66175); Electrical Systems is initiating a compliance-driven engineering change to assembly ASM-3032. A follow-up review is scheduled for the next engineering change meeting.
ECN-000968,2025-05-23,5,May 2025,CAD,Performance-Related,Quality Approval,20.06,4,True,False,False,True,False,False,False,PN-43730,ASM-8970,Manufacturing Engineering,alternator,Field Service Report FSR-00968: Field service report notes reduced output from the alternator; Manufacturing Engineering traces the root cause to part PN-43730 tolerance drift and requests a performance-related revision to assembly ASM-8970. Cross-functional stakeholders have been notified for input.
ECN-001005,2025-06-16,6,Jun 2025,ERP,Safety-Critical,Manufacturing,22.63,2,True,False,False,True,False,False,False,PN-19275,ASM-7819,Powertrain Engineering,engine control module,Engineering Comment EC-01005: Maintenance log entry: repeated overheating observed on engine control module (part PN-19275) across three units in the field; escalated to Powertrain Engineering as a safety-critical change request.
ECN-000985,2025-05-07,5,May 2025,PLM,Cost-Driven,Quality Approval,13.39,3,True,False,True,True,True,True,True,PN-18800,ASM-1000,Supplier Quality,exhaust aftertreatment system,Non-Conformance Report NCR-00985: Supplier communication from Meridian Hydraulics Inc. proposes an alternate source for PN-18800 on the exhaust aftertreatment system at a 12% cost reduction; Supplier Quality is evaluating a cost-driven engineering change to assembly ASM-1000. This item is currently pending review by the change control board.
ECN-000295,2025-02-19,2,Feb 2025,PLM,Customer-Requested,Design Review,18.75,4,True,False,False,True,True,True,True,PN-33260,ASM-6301,Quality Assurance,boom cylinder,"Supplier Communication SC-00295: Customer feedback log: fleet operator requests an enhancement to the boom cylinder (part PN-33260) for improved serviceability; Quality Assurance is drafting a customer-requested change to assembly ASM-6301. Engineering comment: transmission control unit (part PN-33260, assembly ASM-6301) is underperforming relative to spec by ~8%; Manufacturing Engineering proposes a performance tuning change to improve efficiency. Impact assessment on related assemblies is still in progress."
ECN-000520,2025-03-10,3,Mar 2025,MMS,Safety-Critical,Quality Approval,20.31,5,True,False,True,True,True,True,True,PN-87616,ASM-8584,Structural Engineering,exhaust aftertreatment system,Non-Conformance Report NCR-00520: Non-conformance report: PN-87616 on the exhaust aftertreatment system exhibited a crack during fatigue testing. Structural Engineering recommends immediate containment and a safety-critical engineering change to assembly ASM-8584.
ECN-000771,2025-04-08,4,Apr 2025,ERP,Customer-Requested,Design Review,22.01,3,False,False,False,True,True,True,True,PN-90350,ASM-3869,Field Service,fuel injection system,Maintenance Log #00771: Field service report: customer has asked for a configuration change to the fuel injection system to support a new attachment; Field Service opens a customer-requested engineering change against part PN-90350. Engineering comment: value-engineering review of the track undercarriage identifies part PN-90350 as a candidate for redesign to reduce unit cost; Quality Assurance to submit change request. Impact assessment on related assemblies is still in progress.
ECN-000084,2025-01-04,1,Jan 2025,Supplier Portal,Safety-Critical,Final Release,22.86,5,False,False,False,True,True,False,True,PN-14852,ASM-3068,Quality Assurance,steering valve block,Supplier Communication SC-00084: Maintenance log entry: repeated overheating observed on steering valve block (part PN-14852) across three units in the field; escalated to Quality Assurance as a safety-critical change request. This item is currently pending review by the change control board.
ECN-000232,2025-02-10,2,Feb 2025,ECN Database,Regulatory Compliance,Manufacturing,27.55,3,True,False,False,True,True,True,True,PN-52030,ASM-4290,Quality Assurance,steering valve block,Field Service Report FSR-00232: Non-conformance report: PN-52030 on the steering valve block does not meet the revised safety standard; Quality Assurance has opened a regulatory compliance change request for assembly ASM-4290.
ECN-000621,2025-04-26,4,Apr 2025,MMS,Performance-Related,Design Review,23.21,5,True,True,True,True,True,True,True,PN-91522,ASM-2578,Quality Assurance,fuel injection system,"Supplier Communication SC-00621: Engineering comment: fuel injection system (part PN-91522, assembly ASM-2578) is underperforming relative to spec by ~8%; Quality Assurance proposes a performance tuning change to improve efficiency."
ECN-000334,2025-02-01,2,Feb 2025,ERP,Cost-Driven,Design Review,10.12,5,False,False,True,True,False,True,False,PN-57087,ASM-4087,Manufacturing Engineering,final drive assembly,Supplier Communication SC-00334: Supplier communication from Northgate Castings proposes an alternate source for PN-57087 on the final drive assembly at a 12% cost reduction; Manufacturing Engineering is evaluating a cost-driven engineering change to assembly ASM-4087.
ECN-000130,2025-01-26,1,Jan 2025,ECN Database,Cost-Driven,Final Release,35.52,4,False,False,True,True,True,True,True,PN-47079,ASM-7347,Manufacturing Engineering,final drive assembly,Maintenance Log #00130: Engineering comment: value-engineering review of the final drive assembly identifies part PN-47079 as a candidate for redesign to reduce unit cost; Manufacturing Engineering to submit change request.
ECN-001012,2025-06-28,6,Jun 2025,ECN Database,Safety-Critical,Manufacturing,14.58,6,True,False,False,True,True,True,True,PN-38873,ASM-8266,Structural Engineering,boom cylinder,Field Service Report FSR-01012: Maintenance log entry: repeated overheating observed on boom cylinder (part PN-38873) across three units in the field; escalated to Structural Engineering as a safety-critical change request. A follow-up review is scheduled for the next engineering change meeting.
ECN-000645,2025-04-01,4,Apr 2025,MMS,Cost-Driven,Manufacturing,5.98,8,True,False,False,True,True,True,True,PN-99816,ASM-2999,Field Service,track undercarriage,Supplier Communication SC-00645: Procurement flags rising cost of PN-99816 used in the track undercarriage; Field Service requests a cost-driven change to qualify a second source for assembly ASM-2999.
ECN-000974,2025-05-02,5,May 2025,CAD,Performance-Related,Manufacturing,14.68,6,False,False,False,True,False,False,True,PN-12043,ASM-8436,Hydraulics Engineering,cooling fan clutch,"Maintenance Log #00974: Engineering comment: cooling fan clutch (part PN-12043, assembly ASM-8436) is underperforming relative to spec by ~8%; Hydraulics Engineering proposes a performance tuning change to improve efficiency. Supplier communication from Meridian Hydraulics Inc. proposes an alternate source for PN-12043 on the cab HVAC unit at a 12% cost reduction; Field Service is evaluating a cost-driven engineering change to assembly ASM-8436. Impact assessment on related assemblies is still in progress."
ECN-000383,2025-02-24,2,Feb 2025,CAD,Performance-Related,Final Release,13.45,1,True,False,False,True,True,True,True,PN-80736,ASM-8734,Field Service,transmission control unit,Engineering Comment EC-00383: Test bench data shows the transmission control unit missing target cycle times; Field Service is submitting a change request against part PN-80736 to restore rated performance. Additional supporting documentation has been attached to the ECN record.
ECN-000868,2025-05-18,5,May 2025,MMS,Regulatory Compliance,Manufacturing,14.24,4,True,False,False,True,True,True,True,PN-99744,ASM-9723,Regulatory Affairs,boom cylinder,Supplier Communication SC-00868: Supplier communication from Northgate Castings indicates a material certification gap on PN-99744; Regulatory Affairs requests a compliance change to the boom cylinder. A follow-up review is scheduled for the next engineering change meeting.
ECN-000543,2025-03-31,3,Mar 2025,Supplier Portal,Cost-Driven,Manufacturing,21.43,1,True,False,True,False,True,False,False,PN-56073,ASM-4594,Hydraulics Engineering,transmission control unit,"Non-Conformance Report NCR-00543: Procurement flags rising cost of PN-56073 used in the transmission control unit; Hydraulics Engineering requests a cost-driven change to qualify a second source for assembly ASM-4594. Engineering comment: hydraulic pump (part PN-56073, assembly ASM-4594) is underperforming relative to spec by ~8%; Hydraulics Engineering proposes a performance tuning change to improve efficiency."
ECN-001194,2025-06-03,6,Jun 2025,CAD,Customer-Requested,Manufacturing,11.03,6,True,False,False,True,True,True,True,PN-78386,ASM-7901,Field Service,track undercarriage,Maintenance Log #01194: Field service report: customer has asked for a configuration change to the track undercarriage to support a new attachment; Field Service opens a customer-requested engineering change against part PN-78386. Cross-functional stakeholders have been notified for input.
ECN-000875,2025-05-12,5,May 2025,ERP,Cost-Driven,Manufacturing,8.8,1,True,False,False,True,True,True,True,PN-92549,ASM-7479,Supplier Quality,cooling fan clutch,Supplier Communication SC-00875: Supplier communication from Vantage Electronics proposes an alternate source for PN-92549 on the cooling fan clutch at a 12% cost reduction; Supplier Quality is evaluating a cost-driven engineering change to assembly ASM-7479.
ECN-000332,2025-02-10,2,Feb 2025,ERP,Customer-Requested,Manufacturing,25.22,8,True,False,False,True,True,True,True,PN-11845,ASM-6279,Supplier Quality,transmission control unit,Field Service Report FSR-00332: Supplier communication forwards a customer complaint about PN-11845 wear rate on the transmission control unit; Supplier Quality is preparing a customer-driven revision to assembly ASM-6279. Test bench data shows the alternator missing target cycle times; Supplier Quality is submitting a change request against part PN-11845 to restore rated performance.
ECN-000410,2025-03-13,3,Mar 2025,ECN Database,Customer-Requested,Final Release,16.68,2,False,False,False,True,True,True,True,PN-99337,ASM-8548,Manufacturing Engineering,boom cylinder,Maintenance Log #00410: Supplier communication forwards a customer complaint about PN-99337 wear rate on the boom cylinder; Manufacturing Engineering is preparing a customer-driven revision to assembly ASM-8548. Cross-functional stakeholders have been notified for input.
ECN-000077,2025-01-21,1,Jan 2025,MMS,Performance-Related,Final Release,17.5,3,False,False,False,True,True,True,True,PN-64165,ASM-1888,Electrical Systems,hydraulic pump,"Supplier Communication SC-00077: Engineering comment: hydraulic pump (part PN-64165, assembly ASM-1888) is underperforming relative to spec by ~8%; Electrical Systems proposes a performance tuning change to improve efficiency."
ECN-000869,2025-05-29,5,May 2025,Supplier Portal,Customer-Requested,Design Review,17.02,1,True,False,False,True,True,True,True,PN-34125,ASM-1058,Field Service,track undercarriage,Maintenance Log #00869: Customer feedback log: fleet operator requests an enhancement to the track undercarriage (part PN-34125) for improved serviceability; Field Service is drafting a customer-requested change to assembly ASM-1058.
ECN-000139,2025-01-03,1,Jan 2025,ERP,Cost-Driven,Manufacturing,7.2,4,False,True,False,True,True,True,True,PN-82684,ASM-2680,Structural Engineering,hydraulic pump,Field Service Report FSR-00139: Procurement flags rising cost of PN-82684 used in the hydraulic pump; Structural Engineering requests a cost-driven change to qualify a second source for assembly ASM-2680.
ECN-000544,2025-03-26,3,Mar 2025,ERP,Customer-Requested,Quality Approval,28.87,4,True,True,False,True,False,True,False,PN-21322,ASM-3128,Hydraulics Engineering,steering valve block,Engineering Comment EC-00544: Field service report: customer has asked for a configuration change to the steering valve block to support a new attachment; Hydraulics Engineering opens a customer-requested engineering change against part PN-21322.
ECN-000674,2025-04-09,4,Apr 2025,Supplier Portal,Performance-Related,Design Review,4.39,2,True,False,True,True,True,True,True,PN-20031,ASM-1738,Powertrain Engineering,exhaust aftertreatment system,Field Service Report FSR-00674: Test bench data shows the exhaust aftertreatment system missing target cycle times; Powertrain Engineering is submitting a change request against part PN-20031 to restore rated performance. Field service report: customer has asked for a configuration change to the engine control module to support a new attachment; Structural Engineering opens a customer-requested engineering change against part PN-20031.
ECN-000921,2025-05-18,5,May 2025,MMS,Cost-Driven,Quality Approval,17.71,4,False,False,False,True,True,True,True,PN-65816,ASM-9571,Manufacturing Engineering,fuel injection system,Non-Conformance Report NCR-00921: Engineering comment: value-engineering review of the fuel injection system identifies part PN-65816 as a candidate for redesign to reduce unit cost; Manufacturing Engineering to submit change request. Field service report notes reduced output from the track undercarriage; Manufacturing Engineering traces the root cause to part PN-65816 tolerance drift and requests a performance-related revision to assembly ASM-9571.
ECN-000064,2025-01-24,1,Jan 2025,Supplier Portal,Cost-Driven,Quality Approval,14.74,4,True,True,True,True,True,True,True,PN-40217,ASM-2976,Field Service,cooling fan clutch,Field Service Report FSR-00064: Procurement flags rising cost of PN-40217 used in the cooling fan clutch; Field Service requests a cost-driven change to qualify a second source for assembly ASM-2976. Test bench data shows the transmission control unit missing target cycle times; Quality Assurance is submitting a change request against part PN-40217 to restore rated performance. The change request has been logged in the PLM system for tracking.
ECN-000142,2025-01-15,1,Jan 2025,Supplier Portal,Regulatory Compliance,Design Review,35.34,2,True,True,False,True,True,True,True,PN-28035,ASM-1627,Manufacturing Engineering,alternator,Supplier Communication SC-00142: Non-conformance report: PN-28035 on the alternator does not meet the revised safety standard; Manufacturing Engineering has opened a regulatory compliance change request for assembly ASM-1627. Additional supporting documentation has been attached to the ECN record.
ECN-000717,2025-04-20,4,Apr 2025,CAD,Cost-Driven,Quality Approval,9.33,7,True,False,True,True,True,True,True,PN-21747,ASM-3526,Quality Assurance,final drive assembly,Maintenance Log #00717: Engineering comment: value-engineering review of the final drive assembly identifies part PN-21747 as a candidate for redesign to reduce unit cost; Quality Assurance to submit change request.
ECN-000377,2025-02-22,2,Feb 2025,Supplier Portal,Customer-Requested,Final Release,12.95,1,True,False,False,True,True,True,True,PN-31096,ASM-4014,Electrical Systems,steering valve block,Non-Conformance Report NCR-00377: Customer feedback log: fleet operator requests an enhancement to the steering valve block (part PN-31096) for improved serviceability; Electrical Systems is drafting a customer-requested change to assembly ASM-4014. This item is currently pending review by the change control board.
ECN-000364,2025-02-04,2,Feb 2025,MMS,Performance-Related,Design Review,21.24,1,False,True,False,True,True,True,True,PN-48558,ASM-8353,Supplier Quality,transmission control unit,"Engineering Comment EC-00364: Engineering comment: transmission control unit (part PN-48558, assembly ASM-8353) is underperforming relative to spec by ~8%; Supplier Quality proposes a performance tuning change to improve efficiency. Additional supporting documentation has been attached to the ECN record."
ECN-000140,2025-01-30,1,Jan 2025,PLM,Safety-Critical,Design Review,12.54,5,False,False,False,True,False,True,False,PN-29313,ASM-8167,Structural Engineering,cooling fan clutch,"Field Service Report FSR-00140: Field service report flags a potential failure mode in the cooling fan clutch (assembly ASM-8167, part PN-29313) that could compromise operator safety under high-load conditions; Structural Engineering has requested an urgent design review. The change request has been logged in the PLM system for tracking."
ECN-000885,2025-05-25,5,May 2025,ECN Database,Cost-Driven,Final Release,8.97,5,False,False,True,True,True,True,True,PN-47618,ASM-6707,Field Service,steering valve block,Non-Conformance Report NCR-00885: Supplier communication from Vantage Electronics proposes an alternate source for PN-47618 on the steering valve block at a 12% cost reduction; Field Service is evaluating a cost-driven engineering change to assembly ASM-6707. Supplier communication forwards a customer complaint about PN-47618 wear rate on the fuel injection system; Field Service is preparing a customer-driven revision to assembly ASM-6707.
ECN-001042,2025-06-24,6,Jun 2025,MMS,Regulatory Compliance,Quality Approval,4.91,6,True,True,False,True,True,True,True,PN-10873,ASM-9001,Electrical Systems,transmission control unit,Supplier Communication SC-01042: Regulatory bulletin requires updated emissions documentation for the transmission control unit (part PN-10873); Electrical Systems is initiating a compliance-driven engineering change to assembly ASM-9001. A follow-up review is scheduled for the next engineering change meeting.
ECN-000225,2025-02-06,2,Feb 2025,ECN Database,Customer-Requested,Quality Approval,17.55,7,False,False,False,True,True,False,False,PN-13883,ASM-5478,Regulatory Affairs,exhaust aftertreatment system,Supplier Communication SC-00225: Field service report: customer has asked for a configuration change to the exhaust aftertreatment system to support a new attachment; Regulatory Affairs opens a customer-requested engineering change against part PN-13883. The change request has been logged in the PLM system for tracking.
ECN-000515,2025-03-16,3,Mar 2025,PLM,Cost-Driven,Quality Approval,29.57,5,True,False,False,True,False,False,False,PN-61390,ASM-4004,Field Service,final drive assembly,Supplier Communication SC-00515: Procurement flags rising cost of PN-61390 used in the final drive assembly; Field Service requests a cost-driven change to qualify a second source for assembly ASM-4004. Cross-functional stakeholders have been notified for input.
ECN-000267,2025-02-25,2,Feb 2025,MMS,Regulatory Compliance,Final Release,13.91,4,False,False,False,False,False,True,True,PN-15220,ASM-1990,Field Service,hydraulic pump,Engineering Comment EC-00267: Non-conformance report: PN-15220 on the hydraulic pump does not meet the revised safety standard; Field Service has opened a regulatory compliance change request for assembly ASM-1990.
ECN-001170,2025-06-01,6,Jun 2025,Supplier Portal,Cost-Driven,Final Release,12.54,2,True,True,False,True,True,True,True,PN-56484,ASM-3500,Supplier Quality,steering valve block,Maintenance Log #01170: Supplier communication from Vantage Electronics proposes an alternate source for PN-56484 on the steering valve block at a 12% cost reduction; Supplier Quality is evaluating a cost-driven engineering change to assembly ASM-3500. Additional supporting documentation has been attached to the ECN record.
ECN-000487,2025-03-23,3,Mar 2025,ECN Database,Cost-Driven,Final Release,5.87,1,False,False,False,True,True,True,True,PN-42778,ASM-6309,Structural Engineering,boom cylinder,Non-Conformance Report NCR-00487: Procurement flags rising cost of PN-42778 used in the boom cylinder; Structural Engineering requests a cost-driven change to qualify a second source for assembly ASM-6309.
ECN-000353,2025-02-04,2,Feb 2025,CAD,Cost-Driven,Final Release,18.2,1,False,True,False,True,True,True,True,PN-59006,ASM-2741,Electrical Systems,cooling fan clutch,Supplier Communication SC-00353: Supplier communication from Vantage Electronics proposes an alternate source for PN-59006 on the cooling fan clutch at a 12% cost reduction; Electrical Systems is evaluating a cost-driven engineering change to assembly ASM-2741. Impact assessment on related assemblies is still in progress.
ECN-001006,2025-06-25,6,Jun 2025,ERP,Performance-Related,Final Release,9.57,8,True,False,False,True,True,True,True,PN-14666,ASM-9136,Powertrain Engineering,cooling fan clutch,Maintenance Log #01006: Test bench data shows the cooling fan clutch missing target cycle times; Powertrain Engineering is submitting a change request against part PN-14666 to restore rated performance. Field service report: customer has asked for a configuration change to the cab HVAC unit to support a new attachment; Field Service opens a customer-requested engineering change against part PN-14666. This item is currently pending review by the change control board.
ECN-000618,2025-04-12,4,Apr 2025,MMS,Regulatory Compliance,Quality Approval,18.92,2,True,False,False,True,True,True,True,PN-75419,ASM-5563,Supplier Quality,engine control module,Supplier Communication SC-00618: Supplier communication from Northgate Castings indicates a material certification gap on PN-75419; Supplier Quality requests a compliance change to the engine control module.
ECN-000668,2025-04-06,4,Apr 2025,ERP,Regulatory Compliance,Quality Approval,10.2,7,False,False,True,True,True,True,True,PN-17279,ASM-2158,Field Service,hydraulic pump,Field Service Report FSR-00668: Supplier communication from Apex Sensor Technologies indicates a material certification gap on PN-17279; Field Service requests a compliance change to the hydraulic pump. The change request has been logged in the PLM system for tracking.
ECN-000775,2025-04-23,4,Apr 2025,MMS,Safety-Critical,Final Release,7.53,2,True,False,False,False,False,True,False,PN-97856,ASM-8606,Quality Assurance,alternator,Non-Conformance Report NCR-00775: Non-conformance report: PN-97856 on the alternator exhibited a crack during fatigue testing. Quality Assurance recommends immediate containment and a safety-critical engineering change to assembly ASM-8606. Impact assessment on related assemblies is still in progress.
ECN-000554,2025-03-18,3,Mar 2025,MMS,Customer-Requested,Design Review,22.6,1,True,False,True,True,True,True,True,PN-28342,ASM-1584,Structural Engineering,steering valve block,Supplier Communication SC-00554: Customer feedback log: fleet operator requests an enhancement to the steering valve block (part PN-28342) for improved serviceability; Structural Engineering is drafting a customer-requested change to assembly ASM-1584. Field service report notes reduced output from the track undercarriage; Hydraulics Engineering traces the root cause to part PN-28342 tolerance drift and requests a performance-related revision to assembly ASM-1584.
ECN-000576,2025-03-21,3,Mar 2025,MMS,Cost-Driven,Quality Approval,20.32,3,True,False,False,True,True,True,True,PN-70786,ASM-3271,Powertrain Engineering,alternator,Field Service Report FSR-00576: Procurement flags rising cost of PN-70786 used in the alternator; Powertrain Engineering requests a cost-driven change to qualify a second source for assembly ASM-3271.
ECN-000915,2025-05-23,5,May 2025,ERP,Customer-Requested,Manufacturing,9.2,5,True,True,False,True,True,True,True,PN-48915,ASM-3695,Regulatory Affairs,engine control module,Engineering Comment EC-00915: Customer feedback log: fleet operator requests an enhancement to the engine control module (part PN-48915) for improved serviceability; Regulatory Affairs is drafting a customer-requested change to assembly ASM-3695. The change request has been logged in the PLM system for tracking.
ECN-000466,2025-03-11,3,Mar 2025,CAD,Safety-Critical,Quality Approval,13.99,6,True,False,False,True,True,True,True,PN-52390,ASM-2467,Field Service,engine control module,"Non-Conformance Report NCR-00466: Field service report flags a potential failure mode in the engine control module (assembly ASM-2467, part PN-52390) that could compromise operator safety under high-load conditions; Field Service has requested an urgent design review. Cross-functional stakeholders have been notified for input."
ECN-000591,2025-03-27,3,Mar 2025,ERP,Regulatory Compliance,Manufacturing,14.71,1,True,True,True,False,False,False,False,PN-67947,ASM-6549,Quality Assurance,exhaust aftertreatment system,"Engineering Comment EC-00591: Supplier communication from Vantage Electronics indicates a material certification gap on PN-67947; Quality Assurance requests a compliance change to the exhaust aftertreatment system. Field service report flags a potential failure mode in the final drive assembly (assembly ASM-6549, part PN-67947) that could compromise operator safety under high-load conditions; Electrical Systems has requested an urgent design review. The change request has been logged in the PLM system for tracking."
ECN-000765,2025-04-19,4,Apr 2025,MMS,Customer-Requested,Manufacturing,10.69,4,True,False,False,True,True,True,True,PN-36765,ASM-7400,Regulatory Affairs,exhaust aftertreatment system,Field Service Report FSR-00765: Customer feedback log: fleet operator requests an enhancement to the exhaust aftertreatment system (part PN-36765) for improved serviceability; Regulatory Affairs is drafting a customer-requested change to assembly ASM-7400. This item is currently pending review by the change control board.
ECN-000635,2025-04-28,4,Apr 2025,MMS,Cost-Driven,Final Release,7.66,5,True,False,False,True,True,True,True,PN-96613,ASM-8656,Structural Engineering,exhaust aftertreatment system,Engineering Comment EC-00635: Engineering comment: value-engineering review of the exhaust aftertreatment system identifies part PN-96613 as a candidate for redesign to reduce unit cost; Structural Engineering to submit change request.
ECN-000838,2025-05-01,5,May 2025,Supplier Portal,Regulatory Compliance,Design Review,14.97,4,True,False,False,True,True,True,True,PN-31501,ASM-7876,Electrical Systems,exhaust aftertreatment system,Supplier Communication SC-00838: Regulatory bulletin requires updated emissions documentation for the exhaust aftertreatment system (part PN-31501); Electrical Systems is initiating a compliance-driven engineering change to assembly ASM-7876.
ECN-000290,2025-02-16,2,Feb 2025,Supplier Portal,Safety-Critical,Manufacturing,19.1,2,True,False,False,True,True,True,True,PN-92674,ASM-9907,Electrical Systems,steering valve block,"Field Service Report FSR-00290: Field service report flags a potential failure mode in the steering valve block (assembly ASM-9907, part PN-92674) that could compromise operator safety under high-load conditions; Electrical Systems has requested an urgent design review."
ECN-000040,2025-01-11,1,Jan 2025,MMS,Cost-Driven,Quality Approval,19.27,6,False,False,False,True,True,True,True,PN-51145,ASM-3041,Manufacturing Engineering,engine control module,Supplier Communication SC-00040: Procurement flags rising cost of PN-51145 used in the engine control module; Manufacturing Engineering requests a cost-driven change to qualify a second source for assembly ASM-3041.
ECN-000031,2025-01-19,1,Jan 2025,Supplier Portal,Cost-Driven,Design Review,28.46,3,True,False,False,True,True,True,True,PN-24663,ASM-2232,Electrical Systems,track undercarriage,Field Service Report FSR-00031: Procurement flags rising cost of PN-24663 used in the track undercarriage; Electrical Systems requests a cost-driven change to qualify a second source for assembly ASM-2232.
ECN-000243,2025-02-17,2,Feb 2025,ECN Database,Customer-Requested,Manufacturing,20.39,3,True,True,False,True,True,True,True,PN-18200,ASM-2667,Supplier Quality,boom cylinder,Supplier Communication SC-00243: Supplier communication forwards a customer complaint about PN-18200 wear rate on the boom cylinder; Supplier Quality is preparing a customer-driven revision to assembly ASM-2667. Supplier communication from Apex Sensor Technologies proposes an alternate source for PN-18200 on the cab HVAC unit at a 12% cost reduction; Hydraulics Engineering is evaluating a cost-driven engineering change to assembly ASM-2667.
ECN-000429,2025-03-17,3,Mar 2025,ECN Database,Performance-Related,Design Review,7.1,2,True,True,False,True,True,True,True,PN-87441,ASM-8480,Electrical Systems,alternator,Supplier Communication SC-00429: Test bench data shows the alternator missing target cycle times; Electrical Systems is submitting a change request against part PN-87441 to restore rated performance.
ECN-000137,2025-01-15,1,Jan 2025,MMS,Customer-Requested,Quality Approval,43.88,9,True,False,False,True,True,True,True,PN-41348,ASM-6070,Supplier Quality,cab HVAC unit,Engineering Comment EC-00137: Field service report: customer has asked for a configuration change to the cab HVAC unit to support a new attachment; Supplier Quality opens a customer-requested engineering change against part PN-41348. Impact assessment on related assemblies is still in progress.
ECN-001101,2025-06-22,6,Jun 2025,MMS,Cost-Driven,Manufacturing,6.21,3,True,False,False,True,True,True,True,PN-99746,ASM-7131,Supplier Quality,alternator,Engineering Comment EC-01101: Supplier communication from Continental Driveline Systems proposes an alternate source for PN-99746 on the alternator at a 12% cost reduction; Supplier Quality is evaluating a cost-driven engineering change to assembly ASM-7131. The change request has been logged in the PLM system for tracking.
ECN-000865,2025-05-18,5,May 2025,ECN Database,Performance-Related,Design Review,10.82,5,True,False,False,True,True,True,True,PN-72154,ASM-4309,Manufacturing Engineering,exhaust aftertreatment system,Supplier Communication SC-00865: Test bench data shows the exhaust aftertreatment system missing target cycle times; Manufacturing Engineering is submitting a change request against part PN-72154 to restore rated performance. Additional supporting documentation has been attached to the ECN record.
ECN-000004,2025-01-29,1,Jan 2025,CAD,Cost-Driven,Final Release,15.84,4,True,False,False,True,False,False,True,PN-26361,ASM-7201,Structural Engineering,alternator,Engineering Comment EC-00004: Supplier communication from Vantage Electronics proposes an alternate source for PN-26361 on the alternator at a 12% cost reduction; Structural Engineering is evaluating a cost-driven engineering change to assembly ASM-7201.
ECN-000833,2025-05-23,5,May 2025,CAD,Regulatory Compliance,Manufacturing,12.5,3,True,False,False,True,False,False,True,PN-16051,ASM-9510,Supplier Quality,hydraulic pump,Supplier Communication SC-00833: Non-conformance report: PN-16051 on the hydraulic pump does not meet the revised safety standard; Supplier Quality has opened a regulatory compliance change request for assembly ASM-9510. A follow-up review is scheduled for the next engineering change meeting.
ECN-000603,2025-04-05,4,Apr 2025,Supplier Portal,Performance-Related,Final Release,16.82,5,True,False,False,True,True,True,True,PN-99842,ASM-6939,Field Service,steering valve block,"Maintenance Log #00603: Engineering comment: steering valve block (part PN-99842, assembly ASM-6939) is underperforming relative to spec by ~8%; Field Service proposes a performance tuning change to improve efficiency. Additional supporting documentation has been attached to the ECN record."
ECN-001034,2025-06-24,6,Jun 2025,PLM,Cost-Driven,Quality Approval,12.5,7,True,False,False,True,True,True,True,PN-12033,ASM-3732,Quality Assurance,boom cylinder,Supplier Communication SC-01034: Supplier communication from Northgate Castings proposes an alternate source for PN-12033 on the boom cylinder at a 12% cost reduction; Quality Assurance is evaluating a cost-driven engineering change to assembly ASM-3732.
ECN-000655,2025-04-03,4,Apr 2025,PLM,Performance-Related,Final Release,13.12,4,False,False,False,True,True,True,True,PN-33641,ASM-7693,Supplier Quality,cooling fan clutch,"Supplier Communication SC-00655: Engineering comment: cooling fan clutch (part PN-33641, assembly ASM-7693) is underperforming relative to spec by ~8%; Supplier Quality proposes a performance tuning change to improve efficiency. Customer feedback log: fleet operator requests an enhancement to the exhaust aftertreatment system (part PN-33641) for improved serviceability; Structural Engineering is drafting a customer-requested change to assembly ASM-7693. Impact assessment on related assemblies is still in progress."
ECN-000844,2025-05-31,5,May 2025,CAD,Performance-Related,Manufacturing,9.15,2,True,True,True,True,True,True,True,PN-56399,ASM-8678,Quality Assurance,cab HVAC unit,Maintenance Log #00844: Test bench data shows the cab HVAC unit missing target cycle times; Quality Assurance is submitting a change request against part PN-56399 to restore rated performance. Supplier communication forwards a customer complaint about PN-56399 wear rate on the alternator; Supplier Quality is preparing a customer-driven revision to assembly ASM-8678.
ECN-000784,2025-04-11,4,Apr 2025,ERP,Safety-Critical,Final Release,5.6,8,True,False,False,True,True,True,True,PN-22418,ASM-6314,Quality Assurance,transmission control unit,Non-Conformance Report NCR-00784: Maintenance log entry: repeated overheating observed on transmission control unit (part PN-22418) across three units in the field; escalated to Quality Assurance as a safety-critical change request.
ECN-001074,2025-06-24,6,Jun 2025,ERP,Customer-Requested,Manufacturing,16.7,1,True,False,True,True,True,True,True,PN-83546,ASM-9864,Regulatory Affairs,fuel injection system,Maintenance Log #01074: Supplier communication forwards a customer complaint about PN-83546 wear rate on the fuel injection system; Regulatory Affairs is preparing a customer-driven revision to assembly ASM-9864. Additional supporting documentation has been attached to the ECN record.
ECN-000443,2025-03-11,3,Mar 2025,Supplier Portal,Performance-Related,Manufacturing,9.81,3,True,False,False,True,True,True,True,PN-94485,ASM-3521,Powertrain Engineering,hydraulic pump,Non-Conformance Report NCR-00443: Test bench data shows the hydraulic pump missing target cycle times; Powertrain Engineering is submitting a change request against part PN-94485 to restore rated performance. The change request has been logged in the PLM system for tracking.
ECN-001178,2025-06-14,6,Jun 2025,ERP,Regulatory Compliance,Final Release,7.5,4,False,False,False,True,True,True,True,PN-28378,ASM-8697,Electrical Systems,final drive assembly,Non-Conformance Report NCR-01178: Regulatory bulletin requires updated emissions documentation for the final drive assembly (part PN-28378); Electrical Systems is initiating a compliance-driven engineering change to assembly ASM-8697. Maintenance log entry: repeated overheating observed on steering valve block (part PN-28378) across three units in the field; escalated to Field Service as a safety-critical change request.
ECN-000436,2025-03-12,3,Mar 2025,MMS,Safety-Critical,Quality Approval,8.64,4,True,False,False,True,True,False,False,PN-21822,ASM-3468,Powertrain Engineering,alternator,"Supplier Communication SC-00436: Field service report flags a potential failure mode in the alternator (assembly ASM-3468, part PN-21822) that could compromise operator safety under high-load conditions; Powertrain Engineering has requested an urgent design review. Cross-functional stakeholders have been notified for input."
ECN-001169,2025-06-18,6,Jun 2025,MMS,Performance-Related,Manufacturing,12.84,10,False,False,False,True,True,True,True,PN-91748,ASM-7388,Field Service,track undercarriage,"Field Service Report FSR-01169: Engineering comment: track undercarriage (part PN-91748, assembly ASM-7388) is underperforming relative to spec by ~8%; Field Service proposes a performance tuning change to improve efficiency. Field service report: customer has asked for a configuration change to the final drive assembly to support a new attachment; Field Service opens a customer-requested engineering change against part PN-91748."
ECN-000101,2025-01-18,1,Jan 2025,ECN Database,Customer-Requested,Design Review,8.54,3,False,True,False,True,True,True,True,PN-68115,ASM-8285,Manufacturing Engineering,hydraulic pump,Field Service Report FSR-00101: Customer feedback log: fleet operator requests an enhancement to the hydraulic pump (part PN-68115) for improved serviceability; Manufacturing Engineering is drafting a customer-requested change to assembly ASM-8285. Impact assessment on related assemblies is still in progress.
ECN-000773,2025-04-02,4,Apr 2025,MMS,Performance-Related,Quality Approval,13.24,4,True,False,False,True,True,True,True,PN-23791,ASM-9264,Manufacturing Engineering,engine control module,Engineering Comment EC-00773: Field service report notes reduced output from the engine control module; Manufacturing Engineering traces the root cause to part PN-23791 tolerance drift and requests a performance-related revision to assembly ASM-9264. Additional supporting documentation has been attached to the ECN record.
ECN-000495,2025-03-02,3,Mar 2025,PLM,Performance-Related,Manufacturing,15.33,3,True,True,False,True,True,True,True,PN-18509,ASM-5797,Regulatory Affairs,engine control module,Engineering Comment EC-00495: Field service report notes reduced output from the engine control module; Regulatory Affairs traces the root cause to part PN-18509 tolerance drift and requests a performance-related revision to assembly ASM-5797. Field service report: customer has asked for a configuration change to the transmission control unit to support a new attachment; Regulatory Affairs opens a customer-requested engineering change against part PN-18509. Additional supporting documentation has been attached to the ECN record.
ECN-001028,2025-06-24,6,Jun 2025,PLM,Customer-Requested,Design Review,9.29,5,True,False,True,True,True,True,True,PN-84108,ASM-9249,Hydraulics Engineering,engine control module,Engineering Comment EC-01028: Supplier communication forwards a customer complaint about PN-84108 wear rate on the engine control module; Hydraulics Engineering is preparing a customer-driven revision to assembly ASM-9249.
ECN-000807,2025-05-31,5,May 2025,CAD,Safety-Critical,Quality Approval,11.09,7,True,False,True,True,True,True,True,PN-66289,ASM-6514,Manufacturing Engineering,cab HVAC unit,Non-Conformance Report NCR-00807: Non-conformance report: PN-66289 on the cab HVAC unit exhibited a crack during fatigue testing. Manufacturing Engineering recommends immediate containment and a safety-critical engineering change to assembly ASM-6514. Cross-functional stakeholders have been notified for input.
ECN-001142,2025-06-12,6,Jun 2025,ECN Database,Cost-Driven,Quality Approval,9.35,1,True,False,False,False,True,False,False,PN-13670,ASM-4467,Field Service,track undercarriage,Non-Conformance Report NCR-01142: Procurement flags rising cost of PN-13670 used in the track undercarriage; Field Service requests a cost-driven change to qualify a second source for assembly ASM-4467. Field service report notes reduced output from the fuel injection system; Electrical Systems traces the root cause to part PN-13670 tolerance drift and requests a performance-related revision to assembly ASM-4467. A follow-up review is scheduled for the next engineering change meeting.
ECN-000846,2025-05-16,5,May 2025,MMS,Safety-Critical,Design Review,4.94,3,False,True,False,True,True,True,True,PN-74598,ASM-1175,Field Service,engine control module,Non-Conformance Report NCR-00846: Non-conformance report: PN-74598 on the engine control module exhibited a crack during fatigue testing. Field Service recommends immediate containment and a safety-critical engineering change to assembly ASM-1175.
ECN-000987,2025-05-06,5,May 2025,ERP,Customer-Requested,Quality Approval,20.55,6,True,False,True,True,True,True,False,PN-99302,ASM-8194,Field Service,transmission control unit,Maintenance Log #00987: Supplier communication forwards a customer complaint about PN-99302 wear rate on the transmission control unit; Field Service is preparing a customer-driven revision to assembly ASM-8194. Impact assessment on related assemblies is still in progress.
ECN-000228,2025-02-28,2,Feb 2025,MMS,Customer-Requested,Final Release,9.0,3,True,False,True,False,False,False,False,PN-23538,ASM-1430,Electrical Systems,transmission control unit,Field Service Report FSR-00228: Customer feedback log: fleet operator requests an enhancement to the transmission control unit (part PN-23538) for improved serviceability; Electrical Systems is drafting a customer-requested change to assembly ASM-1430. A follow-up review is scheduled for the next engineering change meeting.
ECN-001193,2025-06-09,6,Jun 2025,PLM,Safety-Critical,Manufacturing,11.84,5,True,False,False,True,True,True,True,PN-39656,ASM-3491,Quality Assurance,engine control module,Non-Conformance Report NCR-01193: Maintenance log entry: repeated overheating observed on engine control module (part PN-39656) across three units in the field; escalated to Quality Assurance as a safety-critical change request.
ECN-000672,2025-04-30,4,Apr 2025,MMS,Customer-Requested,Manufacturing,12.6,1,True,False,False,True,True,True,True,PN-15300,ASM-9410,Regulatory Affairs,steering valve block,Non-Conformance Report NCR-00672: Field service report: customer has asked for a configuration change to the steering valve block to support a new attachment; Regulatory Affairs opens a customer-requested engineering change against part PN-15300.
ECN-000859,2025-05-03,5,May 2025,PLM,Cost-Driven,Quality Approval,15.44,9,False,False,True,False,False,False,False,PN-87489,ASM-3436,Quality Assurance,transmission control unit,Non-Conformance Report NCR-00859: Supplier communication from Continental Driveline Systems proposes an alternate source for PN-87489 on the transmission control unit at a 12% cost reduction; Quality Assurance is evaluating a cost-driven engineering change to assembly ASM-3436. Customer feedback log: fleet operator requests an enhancement to the cooling fan clutch (part PN-87489) for improved serviceability; Supplier Quality is drafting a customer-requested change to assembly ASM-3436. A follow-up review is scheduled for the next engineering change meeting.
ECN-000925,2025-05-01,5,May 2025,CAD,Regulatory Compliance,Manufacturing,5.74,4,True,False,False,True,True,True,True,PN-55955,ASM-8601,Structural Engineering,boom cylinder,Supplier Communication SC-00925: Non-conformance report: PN-55955 on the boom cylinder does not meet the revised safety standard; Structural Engineering has opened a regulatory compliance change request for assembly ASM-8601.
ECN-000067,2025-01-16,1,Jan 2025,PLM,Cost-Driven,Design Review,12.44,1,True,True,False,True,True,True,True,PN-34164,ASM-1841,Structural Engineering,cab HVAC unit,Supplier Communication SC-00067: Engineering comment: value-engineering review of the cab HVAC unit identifies part PN-34164 as a candidate for redesign to reduce unit cost; Structural Engineering to submit change request. This item is currently pending review by the change control board.
ECN-000068,2025-01-20,1,Jan 2025,Supplier Portal,Performance-Related,Manufacturing,8.97,8,True,False,False,True,True,True,True,PN-29555,ASM-5978,Powertrain Engineering,exhaust aftertreatment system,"Engineering Comment EC-00068: Engineering comment: exhaust aftertreatment system (part PN-29555, assembly ASM-5978) is underperforming relative to spec by ~8%; Powertrain Engineering proposes a performance tuning change to improve efficiency. The change request has been logged in the PLM system for tracking."
ECN-000817,2025-05-11,5,May 2025,ERP,Performance-Related,Design Review,8.09,3,True,False,False,True,True,True,True,PN-96998,ASM-4639,Quality Assurance,steering valve block,"Supplier Communication SC-00817: Engineering comment: steering valve block (part PN-96998, assembly ASM-4639) is underperforming relative to spec by ~8%; Quality Assurance proposes a performance tuning change to improve efficiency."
ECN-000212,2025-02-13,2,Feb 2025,MMS,Regulatory Compliance,Manufacturing,4.3,7,True,False,False,True,True,True,True,PN-41797,ASM-4350,Hydraulics Engineering,boom cylinder,Field Service Report FSR-00212: Non-conformance report: PN-41797 on the boom cylinder does not meet the revised safety standard; Hydraulics Engineering has opened a regulatory compliance change request for assembly ASM-4350.
ECN-000013,2025-01-01,1,Jan 2025,PLM,Cost-Driven,Quality Approval,32.03,6,True,False,True,True,True,True,True,PN-93748,ASM-9317,Hydraulics Engineering,transmission control unit,Supplier Communication SC-00013: Procurement flags rising cost of PN-93748 used in the transmission control unit; Hydraulics Engineering requests a cost-driven change to qualify a second source for assembly ASM-9317. Customer feedback log: fleet operator requests an enhancement to the transmission control unit (part PN-93748) for improved serviceability; Electrical Systems is drafting a customer-requested change to assembly ASM-9317.
ECN-000494,2025-03-12,3,Mar 2025,MMS,Performance-Related,Quality Approval,26.55,9,True,False,False,True,True,True,True,PN-33363,ASM-3643,Hydraulics Engineering,hydraulic pump,Field Service Report FSR-00494: Test bench data shows the hydraulic pump missing target cycle times; Hydraulics Engineering is submitting a change request against part PN-33363 to restore rated performance. Engineering comment: value-engineering review of the alternator identifies part PN-33363 as a candidate for redesign to reduce unit cost; Manufacturing Engineering to submit change request. Cross-functional stakeholders have been notified for input.
ECN-001165,2025-06-01,6,Jun 2025,Supplier Portal,Cost-Driven,Quality Approval,6.53,3,True,True,False,True,True,True,True,PN-61944,ASM-8968,Regulatory Affairs,steering valve block,Field Service Report FSR-01165: Supplier communication from Northgate Castings proposes an alternate source for PN-61944 on the steering valve block at a 12% cost reduction; Regulatory Affairs is evaluating a cost-driven engineering change to assembly ASM-8968. A follow-up review is scheduled for the next engineering change meeting.
ECN-000300,2025-02-14,2,Feb 2025,MMS,Safety-Critical,Manufacturing,34.31,4,False,True,False,True,True,True,True,PN-24160,ASM-1020,Manufacturing Engineering,engine control module,"Non-Conformance Report NCR-00300: Field service report flags a potential failure mode in the engine control module (assembly ASM-1020, part PN-24160) that could compromise operator safety under high-load conditions; Manufacturing Engineering has requested an urgent design review."
ECN-000411,2025-03-08,3,Mar 2025,CAD,Cost-Driven,Quality Approval,13.71,6,True,False,True,True,True,True,True,PN-64057,ASM-6785,Supplier Quality,boom cylinder,Field Service Report FSR-00411: Procurement flags rising cost of PN-64057 used in the boom cylinder; Supplier Quality requests a cost-driven change to qualify a second source for assembly ASM-6785.
ECN-000757,2025-04-30,4,Apr 2025,ERP,Customer-Requested,Final Release,9.85,4,False,True,False,True,True,True,True,PN-40643,ASM-5351,Quality Assurance,hydraulic pump,Field Service Report FSR-00757: Supplier communication forwards a customer complaint about PN-40643 wear rate on the hydraulic pump; Quality Assurance is preparing a customer-driven revision to assembly ASM-5351. Field service report notes reduced output from the transmission control unit; Electrical Systems traces the root cause to part PN-40643 tolerance drift and requests a performance-related revision to assembly ASM-5351.
ECN-001075,2025-06-11,6,Jun 2025,Supplier Portal,Customer-Requested,Quality Approval,6.7,5,False,False,True,True,True,True,True,PN-83880,ASM-2676,Quality Assurance,cooling fan clutch,Supplier Communication SC-01075: Customer feedback log: fleet operator requests an enhancement to the cooling fan clutch (part PN-83880) for improved serviceability; Quality Assurance is drafting a customer-requested change to assembly ASM-2676.
ECN-000696,2025-04-02,4,Apr 2025,MMS,Customer-Requested,Design Review,19.02,4,True,False,False,True,True,True,True,PN-21112,ASM-6542,Electrical Systems,alternator,Supplier Communication SC-00696: Field service report: customer has asked for a configuration change to the alternator to support a new attachment; Electrical Systems opens a customer-requested engineering change against part PN-21112.
ECN-001151,2025-06-10,6,Jun 2025,ECN Database,Cost-Driven,Final Release,15.37,4,False,False,False,True,True,True,True,PN-93221,ASM-8475,Supplier Quality,steering valve block,Engineering Comment EC-01151: Supplier communication from Vantage Electronics proposes an alternate source for PN-93221 on the steering valve block at a 12% cost reduction; Supplier Quality is evaluating a cost-driven engineering change to assembly ASM-8475. Supplier communication forwards a customer complaint about PN-93221 wear rate on the cooling fan clutch; Structural Engineering is preparing a customer-driven revision to assembly ASM-8475. The change request has been logged in the PLM system for tracking.
ECN-000724,2025-04-20,4,Apr 2025,Supplier Portal,Customer-Requested,Final Release,11.41,1,True,False,False,True,True,True,True,PN-26118,ASM-3288,Hydraulics Engineering,cooling fan clutch,Non-Conformance Report NCR-00724: Supplier communication forwards a customer complaint about PN-26118 wear rate on the cooling fan clutch; Hydraulics Engineering is preparing a customer-driven revision to assembly ASM-3288. The change request has been logged in the PLM system for tracking.
ECN-001016,2025-06-18,6,Jun 2025,CAD,Regulatory Compliance,Design Review,3.82,4,True,False,False,True,True,True,True,PN-60146,ASM-7302,Structural Engineering,track undercarriage,Maintenance Log #01016: Non-conformance report: PN-60146 on the track undercarriage does not meet the revised safety standard; Structural Engineering has opened a regulatory compliance change request for assembly ASM-7302. Non-conformance report: PN-60146 on the final drive assembly exhibited a crack during fatigue testing. Regulatory Affairs recommends immediate containment and a safety-critical engineering change to assembly ASM-7302. Cross-functional stakeholders have been notified for input.
ECN-000528,2025-03-01,3,Mar 2025,Supplier Portal,Cost-Driven,Design Review,5.93,4,True,False,False,True,True,True,True,PN-89223,ASM-7974,Regulatory Affairs,steering valve block,Engineering Comment EC-00528: Procurement flags rising cost of PN-89223 used in the steering valve block; Regulatory Affairs requests a cost-driven change to qualify a second source for assembly ASM-7974. Supplier communication forwards a customer complaint about PN-89223 wear rate on the cab HVAC unit; Regulatory Affairs is preparing a customer-driven revision to assembly ASM-7974. The change request has been logged in the PLM system for tracking.
ECN-000600,2025-03-12,3,Mar 2025,Supplier Portal,Cost-Driven,Quality Approval,17.19,5,True,True,False,True,True,False,True,PN-67156,ASM-5225,Structural Engineering,fuel injection system,Maintenance Log #00600: Procurement flags rising cost of PN-67156 used in the fuel injection system; Structural Engineering requests a cost-driven change to qualify a second source for assembly ASM-5225.
ECN-001120,2025-06-26,6,Jun 2025,ECN Database,Cost-Driven,Design Review,8.08,3,False,False,False,True,True,True,True,PN-37149,ASM-1306,Powertrain Engineering,cooling fan clutch,Engineering Comment EC-01120: Engineering comment: value-engineering review of the cooling fan clutch identifies part PN-37149 as a candidate for redesign to reduce unit cost; Powertrain Engineering to submit change request. The change request has been logged in the PLM system for tracking.
ECN-000567,2025-03-24,3,Mar 2025,MMS,Regulatory Compliance,Quality Approval,35.08,3,True,False,False,False,True,True,False,PN-98716,ASM-6336,Regulatory Affairs,fuel injection system,Non-Conformance Report NCR-00567: Regulatory bulletin requires updated emissions documentation for the fuel injection system (part PN-98716); Regulatory Affairs is initiating a compliance-driven engineering change to assembly ASM-6336. This item is currently pending review by the change control board.
ECN-000731,2025-04-05,4,Apr 2025,CAD,Customer-Requested,Design Review,15.34,4,True,False,True,True,True,True,True,PN-46352,ASM-9197,Regulatory Affairs,boom cylinder,Maintenance Log #00731: Field service report: customer has asked for a configuration change to the boom cylinder to support a new attachment; Regulatory Affairs opens a customer-requested engineering change against part PN-46352. Test bench data shows the alternator missing target cycle times; Quality Assurance is submitting a change request against part PN-46352 to restore rated performance.
ECN-000274,2025-02-12,2,Feb 2025,MMS,Performance-Related,Design Review,28.53,4,True,True,False,True,True,False,True,PN-76692,ASM-1042,Hydraulics Engineering,exhaust aftertreatment system,"Supplier Communication SC-00274: Engineering comment: exhaust aftertreatment system (part PN-76692, assembly ASM-1042) is underperforming relative to spec by ~8%; Hydraulics Engineering proposes a performance tuning change to improve efficiency. This item is currently pending review by the change control board."
ECN-000967,2025-05-15,5,May 2025,MMS,Performance-Related,Design Review,23.11,4,False,True,False,True,True,True,True,PN-75948,ASM-3741,Supplier Quality,cooling fan clutch,"Field Service Report FSR-00967: Engineering comment: cooling fan clutch (part PN-75948, assembly ASM-3741) is underperforming relative to spec by ~8%; Supplier Quality proposes a performance tuning change to improve efficiency. Impact assessment on related assemblies is still in progress."
ECN-000238,2025-02-23,2,Feb 2025,Supplier Portal,Cost-Driven,Final Release,12.28,4,True,True,False,True,True,True,True,PN-86089,ASM-4621,Electrical Systems,transmission control unit,Engineering Comment EC-00238: Engineering comment: value-engineering review of the transmission control unit identifies part PN-86089 as a candidate for redesign to reduce unit cost; Electrical Systems to submit change request. Impact assessment on related assemblies is still in progress.
ECN-000406,2025-03-12,3,Mar 2025,ECN Database,Performance-Related,Design Review,11.96,4,True,False,False,True,True,True,True,PN-40365,ASM-3776,Electrical Systems,hydraulic pump,Supplier Communication SC-00406: Test bench data shows the hydraulic pump missing target cycle times; Electrical Systems is submitting a change request against part PN-40365 to restore rated performance. Procurement flags rising cost of PN-40365 used in the hydraulic pump; Quality Assurance requests a cost-driven change to qualify a second source for assembly ASM-3776.
ECN-000003,2025-01-09,1,Jan 2025,PLM,Customer-Requested,Quality Approval,34.2,8,False,False,False,True,True,True,True,PN-30926,ASM-7924,Field Service,cab HVAC unit,Engineering Comment EC-00003: Field service report: customer has asked for a configuration change to the cab HVAC unit to support a new attachment; Field Service opens a customer-requested engineering change against part PN-30926. Field service report notes reduced output from the engine control module; Hydraulics Engineering traces the root cause to part PN-30926 tolerance drift and requests a performance-related revision to assembly ASM-7924. Cross-functional stakeholders have been notified for input.
ECN-000007,2025-01-13,1,Jan 2025,CAD,Cost-Driven,Quality Approval,23.47,4,False,True,False,True,True,True,True,PN-31417,ASM-8573,Electrical Systems,final drive assembly,Field Service Report FSR-00007: Engineering comment: value-engineering review of the final drive assembly identifies part PN-31417 as a candidate for redesign to reduce unit cost; Electrical Systems to submit change request. Test bench data shows the fuel injection system missing target cycle times; Powertrain Engineering is submitting a change request against part PN-31417 to restore rated performance.
ECN-000312,2025-02-04,2,Feb 2025,MMS,Performance-Related,Manufacturing,14.96,3,True,False,False,True,True,True,True,PN-70051,ASM-1202,Field Service,fuel injection system,Supplier Communication SC-00312: Test bench data shows the fuel injection system missing target cycle times; Field Service is submitting a change request against part PN-70051 to restore rated performance.
ECN-001091,2025-06-02,6,Jun 2025,Supplier Portal,Customer-Requested,Quality Approval,23.87,5,True,False,True,True,True,True,True,PN-94125,ASM-9569,Manufacturing Engineering,fuel injection system,Non-Conformance Report NCR-01091: Field service report: customer has asked for a configuration change to the fuel injection system to support a new attachment; Manufacturing Engineering opens a customer-requested engineering change against part PN-94125.
ECN-000452,2025-03-31,3,Mar 2025,ERP,Regulatory Compliance,Manufacturing,11.69,6,False,False,False,True,True,True,True,PN-44840,ASM-9667,Powertrain Engineering,alternator,Maintenance Log #00452: Regulatory bulletin requires updated emissions documentation for the alternator (part PN-44840); Powertrain Engineering is initiating a compliance-driven engineering change to assembly ASM-9667.
ECN-000722,2025-04-20,4,Apr 2025,CAD,Cost-Driven,Final Release,12.74,6,True,False,False,False,True,False,False,PN-70902,ASM-5739,Powertrain Engineering,cab HVAC unit,Field Service Report FSR-00722: Procurement flags rising cost of PN-70902 used in the cab HVAC unit; Powertrain Engineering requests a cost-driven change to qualify a second source for assembly ASM-5739. The change request has been logged in the PLM system for tracking.
ECN-000216,2025-02-25,2,Feb 2025,PLM,Cost-Driven,Manufacturing,10.45,3,False,False,True,True,False,False,True,PN-32050,ASM-6770,Structural Engineering,alternator,Maintenance Log #00216: Supplier communication from Northgate Castings proposes an alternate source for PN-32050 on the alternator at a 12% cost reduction; Structural Engineering is evaluating a cost-driven engineering change to assembly ASM-6770. Customer feedback log: fleet operator requests an enhancement to the transmission control unit (part PN-32050) for improved serviceability; Powertrain Engineering is drafting a customer-requested change to assembly ASM-6770. This item is currently pending review by the change control board.
ECN-001086,2025-06-10,6,Jun 2025,CAD,Performance-Related,Manufacturing,1.31,1,True,True,False,True,True,True,True,PN-32621,ASM-8264,Field Service,final drive assembly,"Maintenance Log #01086: Engineering comment: final drive assembly (part PN-32621, assembly ASM-8264) is underperforming relative to spec by ~8%; Field Service proposes a performance tuning change to improve efficiency. Procurement flags rising cost of PN-32621 used in the transmission control unit; Regulatory Affairs requests a cost-driven change to qualify a second source for assembly ASM-8264."
ECN-000028,2025-01-09,1,Jan 2025,CAD,Safety-Critical,Final Release,8.38,1,False,True,False,True,True,True,True,PN-27601,ASM-5333,Field Service,transmission control unit,"Non-Conformance Report NCR-00028: Field service report flags a potential failure mode in the transmission control unit (assembly ASM-5333, part PN-27601) that could compromise operator safety under high-load conditions; Field Service has requested an urgent design review."
ECN-001158,2025-06-18,6,Jun 2025,Supplier Portal,Cost-Driven,Manufacturing,10.42,2,False,True,False,True,True,True,True,PN-45940,ASM-1319,Quality Assurance,steering valve block,Field Service Report FSR-01158: Procurement flags rising cost of PN-45940 used in the steering valve block; Quality Assurance requests a cost-driven change to qualify a second source for assembly ASM-1319. Field service report: customer has asked for a configuration change to the fuel injection system to support a new attachment; Powertrain Engineering opens a customer-requested engineering change against part PN-45940. The change request has been logged in the PLM system for tracking.
ECN-000362,2025-02-23,2,Feb 2025,ECN Database,Performance-Related,Quality Approval,31.94,7,False,True,True,True,True,True,True,PN-23432,ASM-4675,Manufacturing Engineering,hydraulic pump,Field Service Report FSR-00362: Test bench data shows the hydraulic pump missing target cycle times; Manufacturing Engineering is submitting a change request against part PN-23432 to restore rated performance. A follow-up review is scheduled for the next engineering change meeting.
ECN-000823,2025-05-07,5,May 2025,ECN Database,Cost-Driven,Design Review,20.99,2,False,True,True,True,True,True,True,PN-85649,ASM-3253,Structural Engineering,cooling fan clutch,Non-Conformance Report NCR-00823: Engineering comment: value-engineering review of the cooling fan clutch identifies part PN-85649 as a candidate for redesign to reduce unit cost; Structural Engineering to submit change request. Additional supporting documentation has been attached to the ECN record.
ECN-000781,2025-04-20,4,Apr 2025,ERP,Performance-Related,Final Release,15.27,4,True,False,False,True,True,True,True,PN-64484,ASM-9396,Quality Assurance,final drive assembly,"Non-Conformance Report NCR-00781: Engineering comment: final drive assembly (part PN-64484, assembly ASM-9396) is underperforming relative to spec by ~8%; Quality Assurance proposes a performance tuning change to improve efficiency. Impact assessment on related assemblies is still in progress."
ECN-000629,2025-04-19,4,Apr 2025,MMS,Performance-Related,Manufacturing,6.42,3,True,True,False,True,True,True,True,PN-44946,ASM-1334,Electrical Systems,track undercarriage,Supplier Communication SC-00629: Test bench data shows the track undercarriage missing target cycle times; Electrical Systems is submitting a change request against part PN-44946 to restore rated performance. Cross-functional stakeholders have been notified for input.
ECN-000454,2025-03-29,3,Mar 2025,PLM,Customer-Requested,Design Review,9.39,6,True,False,False,True,True,True,True,PN-64419,ASM-2728,Electrical Systems,final drive assembly,Supplier Communication SC-00454: Supplier communication forwards a customer complaint about PN-64419 wear rate on the final drive assembly; Electrical Systems is preparing a customer-driven revision to assembly ASM-2728.
ECN-000739,2025-04-21,4,Apr 2025,ECN Database,Customer-Requested,Quality Approval,33.52,3,True,True,False,True,True,True,True,PN-60321,ASM-8605,Powertrain Engineering,steering valve block,Field Service Report FSR-00739: Field service report: customer has asked for a configuration change to the steering valve block to support a new attachment; Powertrain Engineering opens a customer-requested engineering change against part PN-60321.
ECN-000536,2025-03-25,3,Mar 2025,MMS,Performance-Related,Design Review,23.68,5,True,False,True,True,True,True,True,PN-21062,ASM-3376,Powertrain Engineering,transmission control unit,Supplier Communication SC-00536: Test bench data shows the transmission control unit missing target cycle times; Powertrain Engineering is submitting a change request against part PN-21062 to restore rated performance. The change request has been logged in the PLM system for tracking.
ECN-001050,2025-06-16,6,Jun 2025,CAD,Safety-Critical,Final Release,11.91,4,True,False,False,True,False,False,True,PN-48288,ASM-8947,Field Service,final drive assembly,Engineering Comment EC-01050: Non-conformance report: PN-48288 on the final drive assembly exhibited a crack during fatigue testing. Field Service recommends immediate containment and a safety-critical engineering change to assembly ASM-8947. Cross-functional stakeholders have been notified for input.
ECN-000399,2025-02-07,2,Feb 2025,PLM,Customer-Requested,Design Review,20.44,4,False,True,False,True,True,False,True,PN-40475,ASM-2373,Field Service,final drive assembly,Field Service Report FSR-00399: Field service report: customer has asked for a configuration change to the final drive assembly to support a new attachment; Field Service opens a customer-requested engineering change against part PN-40475.
ECN-000257,2025-02-02,2,Feb 2025,PLM,Safety-Critical,Quality Approval,20.88,6,False,False,False,True,True,True,True,PN-81737,ASM-3139,Field Service,fuel injection system,Maintenance Log #00257: Maintenance log entry: repeated overheating observed on fuel injection system (part PN-81737) across three units in the field; escalated to Field Service as a safety-critical change request.
ECN-000292,2025-02-12,2,Feb 2025,ERP,Customer-Requested,Design Review,13.22,4,False,False,True,True,True,True,True,PN-40508,ASM-3615,Manufacturing Engineering,transmission control unit,Supplier Communication SC-00292: Customer feedback log: fleet operator requests an enhancement to the transmission control unit (part PN-40508) for improved serviceability; Manufacturing Engineering is drafting a customer-requested change to assembly ASM-3615. Field service report notes reduced output from the transmission control unit; Powertrain Engineering traces the root cause to part PN-40508 tolerance drift and requests a performance-related revision to assembly ASM-3615.
ECN-000026,2025-01-29,1,Jan 2025,ERP,Performance-Related,Design Review,22.93,2,True,False,False,True,True,True,True,PN-69929,ASM-6180,Quality Assurance,track undercarriage,"Maintenance Log #00026: Engineering comment: track undercarriage (part PN-69929, assembly ASM-6180) is underperforming relative to spec by ~8%; Quality Assurance proposes a performance tuning change to improve efficiency. Supplier communication from Vantage Electronics proposes an alternate source for PN-69929 on the transmission control unit at a 12% cost reduction; Supplier Quality is evaluating a cost-driven engineering change to assembly ASM-6180. Cross-functional stakeholders have been notified for input."
ECN-000337,2025-02-14,2,Feb 2025,PLM,Cost-Driven,Design Review,16.91,6,False,False,False,True,True,True,True,PN-65164,ASM-2654,Powertrain Engineering,boom cylinder,Non-Conformance Report NCR-00337: Procurement flags rising cost of PN-65164 used in the boom cylinder; Powertrain Engineering requests a cost-driven change to qualify a second source for assembly ASM-2654.
ECN-000585,2025-03-06,3,Mar 2025,CAD,Performance-Related,Manufacturing,14.76,5,True,False,False,True,True,True,True,PN-68360,ASM-8503,Electrical Systems,steering valve block,Field Service Report FSR-00585: Field service report notes reduced output from the steering valve block; Electrical Systems traces the root cause to part PN-68360 tolerance drift and requests a performance-related revision to assembly ASM-8503.
ECN-000048,2025-01-14,1,Jan 2025,MMS,Performance-Related,Final Release,7.88,3,True,False,False,True,True,True,True,PN-28136,ASM-3471,Electrical Systems,fuel injection system,"Maintenance Log #00048: Engineering comment: fuel injection system (part PN-28136, assembly ASM-3471) is underperforming relative to spec by ~8%; Electrical Systems proposes a performance tuning change to improve efficiency. Additional supporting documentation has been attached to the ECN record."
ECN-000319,2025-02-19,2,Feb 2025,Supplier Portal,Cost-Driven,Manufacturing,13.74,4,True,False,False,True,True,True,True,PN-93284,ASM-3029,Electrical Systems,cab HVAC unit,Supplier Communication SC-00319: Procurement flags rising cost of PN-93284 used in the cab HVAC unit; Electrical Systems requests a cost-driven change to qualify a second source for assembly ASM-3029. Field service report: customer has asked for a configuration change to the exhaust aftertreatment system to support a new attachment; Structural Engineering opens a customer-requested engineering change against part PN-93284.
ECN-000107,2025-01-14,1,Jan 2025,ECN Database,Regulatory Compliance,Manufacturing,28.81,8,True,True,False,True,True,True,True,PN-49535,ASM-8504,Powertrain Engineering,boom cylinder,Supplier Communication SC-00107: Supplier communication from Vantage Electronics indicates a material certification gap on PN-49535; Powertrain Engineering requests a compliance change to the boom cylinder. The change request has been logged in the PLM system for tracking.
ECN-000799,2025-04-13,4,Apr 2025,ECN Database,Customer-Requested,Quality Approval,12.28,3,True,False,False,True,True,True,True,PN-89355,ASM-8462,Quality Assurance,steering valve block,Supplier Communication SC-00799: Supplier communication forwards a customer complaint about PN-89355 wear rate on the steering valve block; Quality Assurance is preparing a customer-driven revision to assembly ASM-8462. Test bench data shows the exhaust aftertreatment system missing target cycle times; Quality Assurance is submitting a change request against part PN-89355 to restore rated performance. This item is currently pending review by the change control board.
ECN-000056,2025-01-03,1,Jan 2025,Supplier Portal,Cost-Driven,Manufacturing,12.84,0,False,True,False,True,True,True,True,PN-50768,ASM-2771,Hydraulics Engineering,alternator,Non-Conformance Report NCR-00056: Procurement flags rising cost of PN-50768 used in the alternator; Hydraulics Engineering requests a cost-driven change to qualify a second source for assembly ASM-2771. Supplier communication forwards a customer complaint about PN-50768 wear rate on the steering valve block; Regulatory Affairs is preparing a customer-driven revision to assembly ASM-2771.
ECN-000523,2025-03-19,3,Mar 2025,PLM,Cost-Driven,Quality Approval,18.75,7,True,True,False,True,True,True,True,PN-84747,ASM-5989,Manufacturing Engineering,steering valve block,Maintenance Log #00523: Engineering comment: value-engineering review of the steering valve block identifies part PN-84747 as a candidate for redesign to reduce unit cost; Manufacturing Engineering to submit change request.
ECN-000214,2025-02-09,2,Feb 2025,Supplier Portal,Performance-Related,Final Release,13.37,1,False,False,False,True,True,True,True,PN-64254,ASM-1749,Manufacturing Engineering,boom cylinder,Maintenance Log #00214: Test bench data shows the boom cylinder missing target cycle times; Manufacturing Engineering is submitting a change request against part PN-64254 to restore rated performance.
ECN-000121,2025-01-10,1,Jan 2025,PLM,Cost-Driven,Quality Approval,40.41,5,False,False,True,True,False,False,True,PN-62044,ASM-1693,Manufacturing Engineering,steering valve block,Supplier Communication SC-00121: Engineering comment: value-engineering review of the steering valve block identifies part PN-62044 as a candidate for redesign to reduce unit cost; Manufacturing Engineering to submit change request. Field service report notes reduced output from the exhaust aftertreatment system; Regulatory Affairs traces the root cause to part PN-62044 tolerance drift and requests a performance-related revision to assembly ASM-1693. Impact assessment on related assemblies is still in progress.
ECN-000918,2025-05-14,5,May 2025,ECN Database,Safety-Critical,Quality Approval,9.94,3,False,False,False,True,True,True,True,PN-26478,ASM-8361,Powertrain Engineering,alternator,Non-Conformance Report NCR-00918: Maintenance log entry: repeated overheating observed on alternator (part PN-26478) across three units in the field; escalated to Powertrain Engineering as a safety-critical change request. Additional supporting documentation has been attached to the ECN record.
ECN-001068,2025-06-06,6,Jun 2025,Supplier Portal,Cost-Driven,Final Release,5.89,3,False,False,False,True,True,True,True,PN-82719,ASM-2334,Structural Engineering,alternator,Maintenance Log #01068: Supplier communication from Vantage Electronics proposes an alternate source for PN-82719 on the alternator at a 12% cost reduction; Structural Engineering is evaluating a cost-driven engineering change to assembly ASM-2334. Additional supporting documentation has been attached to the ECN record.
ECN-001118,2025-06-12,6,Jun 2025,Supplier Portal,Cost-Driven,Design Review,15.83,3,True,False,False,True,True,True,False,PN-25260,ASM-4139,Hydraulics Engineering,alternator,Maintenance Log #01118: Procurement flags rising cost of PN-25260 used in the alternator; Hydraulics Engineering requests a cost-driven change to qualify a second source for assembly ASM-4139. Supplier communication forwards a customer complaint about PN-25260 wear rate on the transmission control unit; Electrical Systems is preparing a customer-driven revision to assembly ASM-4139.
ECN-000073,2025-01-03,1,Jan 2025,Supplier Portal,Customer-Requested,Quality Approval,22.03,11,True,False,False,True,True,False,False,PN-84607,ASM-5728,Field Service,final drive assembly,Supplier Communication SC-00073: Field service report: customer has asked for a configuration change to the final drive assembly to support a new attachment; Field Service opens a customer-requested engineering change against part PN-84607. Procurement flags rising cost of PN-84607 used in the track undercarriage; Field Service requests a cost-driven change to qualify a second source for assembly ASM-5728.
ECN-000948,2025-05-04,5,May 2025,PLM,Regulatory Compliance,Manufacturing,15.08,7,True,False,False,True,True,True,True,PN-51048,ASM-9090,Hydraulics Engineering,track undercarriage,Engineering Comment EC-00948: Supplier communication from Vantage Electronics indicates a material certification gap on PN-51048; Hydraulics Engineering requests a compliance change to the track undercarriage. Maintenance log entry: repeated overheating observed on cab HVAC unit (part PN-51048) across three units in the field; escalated to Structural Engineering as a safety-critical change request.
ECN-000747,2025-04-11,4,Apr 2025,Supplier Portal,Customer-Requested,Manufacturing,22.36,2,False,True,False,True,False,False,False,PN-13890,ASM-4262,Manufacturing Engineering,boom cylinder,Non-Conformance Report NCR-00747: Customer feedback log: fleet operator requests an enhancement to the boom cylinder (part PN-13890) for improved serviceability; Manufacturing Engineering is drafting a customer-requested change to assembly ASM-4262. Cross-functional stakeholders have been notified for input.
ECN-000716,2025-04-06,4,Apr 2025,CAD,Cost-Driven,Final Release,19.11,1,True,False,False,True,True,True,True,PN-67280,ASM-3957,Powertrain Engineering,cab HVAC unit,Engineering Comment EC-00716: Engineering comment: value-engineering review of the cab HVAC unit identifies part PN-67280 as a candidate for redesign to reduce unit cost; Powertrain Engineering to submit change request. Field service report: customer has asked for a configuration change to the cooling fan clutch to support a new attachment; Hydraulics Engineering opens a customer-requested engineering change against part PN-67280.
ECN-000558,2025-03-11,3,Mar 2025,PLM,Safety-Critical,Quality Approval,20.14,3,True,False,True,True,True,True,True,PN-75161,ASM-4613,Hydraulics Engineering,engine control module,"Supplier Communication SC-00558: Field service report flags a potential failure mode in the engine control module (assembly ASM-4613, part PN-75161) that could compromise operator safety under high-load conditions; Hydraulics Engineering has requested an urgent design review. Impact assessment on related assemblies is still in progress."
ECN-001082,2025-06-20,6,Jun 2025,ECN Database,Cost-Driven,Design Review,9.76,8,True,False,False,True,True,True,True,PN-45936,ASM-1937,Powertrain Engineering,track undercarriage,Supplier Communication SC-01082: Procurement flags rising cost of PN-45936 used in the track undercarriage; Powertrain Engineering requests a cost-driven change to qualify a second source for assembly ASM-1937.
ECN-001046,2025-06-21,6,Jun 2025,ECN Database,Regulatory Compliance,Design Review,12.08,0,False,False,False,True,False,True,False,PN-66803,ASM-2645,Manufacturing Engineering,alternator,Maintenance Log #01046: Supplier communication from Meridian Hydraulics Inc. indicates a material certification gap on PN-66803; Manufacturing Engineering requests a compliance change to the alternator. A follow-up review is scheduled for the next engineering change meeting.
ECN-000553,2025-03-16,3,Mar 2025,PLM,Performance-Related,Design Review,14.36,5,False,False,False,True,True,True,True,PN-60353,ASM-4129,Electrical Systems,final drive assembly,Field Service Report FSR-00553: Field service report notes reduced output from the final drive assembly; Electrical Systems traces the root cause to part PN-60353 tolerance drift and requests a performance-related revision to assembly ASM-4129.
ECN-000562,2025-03-06,3,Mar 2025,ECN Database,Performance-Related,Design Review,8.24,3,True,False,False,True,True,True,True,PN-37021,ASM-3344,Structural Engineering,track undercarriage,Engineering Comment EC-00562: Test bench data shows the track undercarriage missing target cycle times; Structural Engineering is submitting a change request against part PN-37021 to restore rated performance. Field service report: customer has asked for a configuration change to the boom cylinder to support a new attachment; Quality Assurance opens a customer-requested engineering change against part PN-37021.
ECN-000425,2025-03-24,3,Mar 2025,ERP,Performance-Related,Manufacturing,23.23,2,True,True,False,False,False,False,False,PN-86928,ASM-9535,Structural Engineering,cooling fan clutch,Non-Conformance Report NCR-00425: Field service report notes reduced output from the cooling fan clutch; Structural Engineering traces the root cause to part PN-86928 tolerance drift and requests a performance-related revision to assembly ASM-9535. This item is currently pending review by the change control board.
ECN-001014,2025-06-21,6,Jun 2025,MMS,Cost-Driven,Quality Approval,11.31,6,True,True,False,True,True,True,True,PN-26088,ASM-7101,Electrical Systems,alternator,Supplier Communication SC-01014: Procurement flags rising cost of PN-26088 used in the alternator; Electrical Systems requests a cost-driven change to qualify a second source for assembly ASM-7101. Additional supporting documentation has been attached to the ECN record.
ECN-000326,2025-02-21,2,Feb 2025,PLM,Safety-Critical,Quality Approval,20.12,6,True,False,False,True,True,True,False,PN-96194,ASM-3967,Field Service,transmission control unit,Field Service Report FSR-00326: Non-conformance report: PN-96194 on the transmission control unit exhibited a crack during fatigue testing. Field Service recommends immediate containment and a safety-critical engineering change to assembly ASM-3967. Supplier communication from Continental Driveline Systems indicates a material certification gap on PN-96194; Electrical Systems requests a compliance change to the cooling fan clutch.
ECN-000924,2025-05-13,5,May 2025,PLM,Safety-Critical,Quality Approval,5.13,2,False,False,False,True,True,True,True,PN-14277,ASM-5749,Electrical Systems,cab HVAC unit,Engineering Comment EC-00924: Non-conformance report: PN-14277 on the cab HVAC unit exhibited a crack during fatigue testing. Electrical Systems recommends immediate containment and a safety-critical engineering change to assembly ASM-5749.
ECN-000317,2025-02-25,2,Feb 2025,Supplier Portal,Safety-Critical,Quality Approval,34.26,4,True,False,True,True,True,True,True,PN-77537,ASM-3604,Manufacturing Engineering,transmission control unit,"Non-Conformance Report NCR-00317: Field service report flags a potential failure mode in the transmission control unit (assembly ASM-3604, part PN-77537) that could compromise operator safety under high-load conditions; Manufacturing Engineering has requested an urgent design review."
ECN-000804,2025-05-03,5,May 2025,CAD,Safety-Critical,Design Review,8.59,1,True,False,False,True,True,True,True,PN-43993,ASM-7697,Quality Assurance,hydraulic pump,Non-Conformance Report NCR-00804: Non-conformance report: PN-43993 on the hydraulic pump exhibited a crack during fatigue testing. Quality Assurance recommends immediate containment and a safety-critical engineering change to assembly ASM-7697.
ECN-001163,2025-06-11,6,Jun 2025,MMS,Customer-Requested,Final Release,2.74,2,False,False,False,True,True,True,True,PN-18913,ASM-6143,Powertrain Engineering,cooling fan clutch,Non-Conformance Report NCR-01163: Field service report: customer has asked for a configuration change to the cooling fan clutch to support a new attachment; Powertrain Engineering opens a customer-requested engineering change against part PN-18913. Additional supporting documentation has been attached to the ECN record.
ECN-000529,2025-03-16,3,Mar 2025,ECN Database,Cost-Driven,Quality Approval,14.95,5,True,False,False,False,True,True,False,PN-45291,ASM-7731,Supplier Quality,cab HVAC unit,Engineering Comment EC-00529: Procurement flags rising cost of PN-45291 used in the cab HVAC unit; Supplier Quality requests a cost-driven change to qualify a second source for assembly ASM-7731. This item is currently pending review by the change control board.
ECN-000837,2025-05-23,5,May 2025,CAD,Regulatory Compliance,Design Review,8.39,6,True,False,False,True,True,True,True,PN-80242,ASM-4338,Regulatory Affairs,cooling fan clutch,Non-Conformance Report NCR-00837: Regulatory bulletin requires updated emissions documentation for the cooling fan clutch (part PN-80242); Regulatory Affairs is initiating a compliance-driven engineering change to assembly ASM-4338. Impact assessment on related assemblies is still in progress.
ECN-000715,2025-04-19,4,Apr 2025,PLM,Cost-Driven,Design Review,11.18,3,True,False,False,True,True,True,True,PN-85963,ASM-8278,Supplier Quality,cooling fan clutch,Supplier Communication SC-00715: Supplier communication from Continental Driveline Systems proposes an alternate source for PN-85963 on the cooling fan clutch at a 12% cost reduction; Supplier Quality is evaluating a cost-driven engineering change to assembly ASM-8278.
ECN-000901,2025-05-17,5,May 2025,ERP,Performance-Related,Manufacturing,12.56,5,False,False,False,True,True,False,True,PN-98432,ASM-2595,Manufacturing Engineering,alternator,Maintenance Log #00901: Field service report notes reduced output from the alternator; Manufacturing Engineering traces the root cause to part PN-98432 tolerance drift and requests a performance-related revision to assembly ASM-2595.
ECN-000061,2025-01-16,1,Jan 2025,Supplier Portal,Cost-Driven,Manufacturing,35.28,5,False,False,False,True,False,False,True,PN-37802,ASM-6813,Quality Assurance,fuel injection system,Supplier Communication SC-00061: Engineering comment: value-engineering review of the fuel injection system identifies part PN-37802 as a candidate for redesign to reduce unit cost; Quality Assurance to submit change request. Supplier communication forwards a customer complaint about PN-37802 wear rate on the hydraulic pump; Electrical Systems is preparing a customer-driven revision to assembly ASM-6813. Impact assessment on related assemblies is still in progress.
ECN-000723,2025-04-19,4,Apr 2025,PLM,Cost-Driven,Manufacturing,10.88,3,True,False,False,True,True,True,True,PN-92864,ASM-4485,Regulatory Affairs,steering valve block,Engineering Comment EC-00723: Procurement flags rising cost of PN-92864 used in the steering valve block; Regulatory Affairs requests a cost-driven change to qualify a second source for assembly ASM-4485. Additional supporting documentation has been attached to the ECN record.
ECN-000093,2025-01-25,1,Jan 2025,ERP,Regulatory Compliance,Final Release,14.53,6,True,False,False,True,True,True,True,PN-84177,ASM-1803,Field Service,track undercarriage,Field Service Report FSR-00093: Supplier communication from Meridian Hydraulics Inc. indicates a material certification gap on PN-84177; Field Service requests a compliance change to the track undercarriage.
ECN-000858,2025-05-23,5,May 2025,ECN Database,Safety-Critical,Manufacturing,8.39,3,False,False,False,True,True,True,True,PN-97337,ASM-8031,Field Service,engine control module,"Maintenance Log #00858: Field service report flags a potential failure mode in the engine control module (assembly ASM-8031, part PN-97337) that could compromise operator safety under high-load conditions; Field Service has requested an urgent design review."
ECN-000619,2025-04-16,4,Apr 2025,ERP,Cost-Driven,Final Release,2.18,1,True,True,False,True,True,True,True,PN-77032,ASM-5569,Regulatory Affairs,steering valve block,Supplier Communication SC-00619: Supplier communication from Northgate Castings proposes an alternate source for PN-77032 on the steering valve block at a 12% cost reduction; Regulatory Affairs is evaluating a cost-driven engineering change to assembly ASM-5569. Cross-functional stakeholders have been notified for input.
ECN-000352,2025-02-27,2,Feb 2025,ECN Database,Performance-Related,Quality Approval,11.38,4,True,True,False,True,True,False,False,PN-69314,ASM-2868,Structural Engineering,exhaust aftertreatment system,"Field Service Report FSR-00352: Engineering comment: exhaust aftertreatment system (part PN-69314, assembly ASM-2868) is underperforming relative to spec by ~8%; Structural Engineering proposes a performance tuning change to improve efficiency. Cross-functional stakeholders have been notified for input."
ECN-000933,2025-05-03,5,May 2025,PLM,Customer-Requested,Final Release,10.79,6,True,False,False,True,True,True,True,PN-20874,ASM-3355,Powertrain Engineering,steering valve block,"Non-Conformance Report NCR-00933: Supplier communication forwards a customer complaint about PN-20874 wear rate on the steering valve block; Powertrain Engineering is preparing a customer-driven revision to assembly ASM-3355. Engineering comment: cab HVAC unit (part PN-20874, assembly ASM-3355) is underperforming relative to spec by ~8%; Hydraulics Engineering proposes a performance tuning change to improve efficiency. Cross-functional stakeholders have been notified for input."
ECN-000281,2025-02-28,2,Feb 2025,CAD,Cost-Driven,Design Review,15.39,3,True,False,False,True,True,True,True,PN-19808,ASM-2020,Quality Assurance,transmission control unit,Field Service Report FSR-00281: Engineering comment: value-engineering review of the transmission control unit identifies part PN-19808 as a candidate for redesign to reduce unit cost; Quality Assurance to submit change request. Cross-functional stakeholders have been notified for input.
ECN-000421,2025-03-15,3,Mar 2025,ECN Database,Safety-Critical,Final Release,20.41,3,False,False,False,True,True,True,True,PN-42895,ASM-1781,Structural Engineering,fuel injection system,Maintenance Log #00421: Non-conformance report: PN-42895 on the fuel injection system exhibited a crack during fatigue testing. Structural Engineering recommends immediate containment and a safety-critical engineering change to assembly ASM-1781. Regulatory bulletin requires updated emissions documentation for the boom cylinder (part PN-42895); Field Service is initiating a compliance-driven engineering change to assembly ASM-1781.
ECN-001115,2025-06-19,6,Jun 2025,MMS,Regulatory Compliance,Manufacturing,9.52,1,True,False,False,True,True,True,True,PN-46004,ASM-6658,Structural Engineering,final drive assembly,Engineering Comment EC-01115: Non-conformance report: PN-46004 on the final drive assembly does not meet the revised safety standard; Structural Engineering has opened a regulatory compliance change request for assembly ASM-6658. Impact assessment on related assemblies is still in progress.
ECN-000360,2025-02-22,2,Feb 2025,PLM,Cost-Driven,Design Review,20.01,2,True,True,False,True,True,True,True,PN-47477,ASM-7920,Regulatory Affairs,exhaust aftertreatment system,Maintenance Log #00360: Supplier communication from Vantage Electronics proposes an alternate source for PN-47477 on the exhaust aftertreatment system at a 12% cost reduction; Regulatory Affairs is evaluating a cost-driven engineering change to assembly ASM-7920. Additional supporting documentation has been attached to the ECN record.
ECN-000423,2025-03-28,3,Mar 2025,ERP,Safety-Critical,Manufacturing,21.53,3,True,False,False,True,True,True,True,PN-73896,ASM-8322,Manufacturing Engineering,fuel injection system,"Non-Conformance Report NCR-00423: Field service report flags a potential failure mode in the fuel injection system (assembly ASM-8322, part PN-73896) that could compromise operator safety under high-load conditions; Manufacturing Engineering has requested an urgent design review. Impact assessment on related assemblies is still in progress."
ECN-000679,2025-04-28,4,Apr 2025,PLM,Customer-Requested,Design Review,6.99,5,True,False,False,False,False,False,True,PN-11818,ASM-4126,Quality Assurance,engine control module,Non-Conformance Report NCR-00679: Customer feedback log: fleet operator requests an enhancement to the engine control module (part PN-11818) for improved serviceability; Quality Assurance is drafting a customer-requested change to assembly ASM-4126.
ECN-000527,2025-03-03,3,Mar 2025,ERP,Safety-Critical,Manufacturing,20.09,3,True,False,False,True,True,True,True,PN-19403,ASM-1257,Quality Assurance,final drive assembly,"Non-Conformance Report NCR-00527: Field service report flags a potential failure mode in the final drive assembly (assembly ASM-1257, part PN-19403) that could compromise operator safety under high-load conditions; Quality Assurance has requested an urgent design review. The change request has been logged in the PLM system for tracking."
ECN-000478,2025-03-31,3,Mar 2025,MMS,Customer-Requested,Design Review,16.63,1,True,False,False,True,True,True,True,PN-18888,ASM-9732,Quality Assurance,steering valve block,Supplier Communication SC-00478: Supplier communication forwards a customer complaint about PN-18888 wear rate on the steering valve block; Quality Assurance is preparing a customer-driven revision to assembly ASM-9732. Supplier communication from Apex Sensor Technologies proposes an alternate source for PN-18888 on the alternator at a 12% cost reduction; Powertrain Engineering is evaluating a cost-driven engineering change to assembly ASM-9732.
ECN-001095,2025-06-30,6,Jun 2025,CAD,Performance-Related,Quality Approval,13.25,3,True,False,False,True,True,True,True,PN-11035,ASM-3600,Hydraulics Engineering,fuel injection system,Non-Conformance Report NCR-01095: Field service report notes reduced output from the fuel injection system; Hydraulics Engineering traces the root cause to part PN-11035 tolerance drift and requests a performance-related revision to assembly ASM-3600. This item is currently pending review by the change control board.
ECN-000183,2025-01-10,1,Jan 2025,PLM,Regulatory Compliance,Design Review,19.69,4,False,False,False,True,True,True,True,PN-72888,ASM-6714,Structural Engineering,alternator,Field Service Report FSR-00183: Supplier communication from Apex Sensor Technologies indicates a material certification gap on PN-72888; Structural Engineering requests a compliance change to the alternator.
ECN-001092,2025-06-07,6,Jun 2025,CAD,Safety-Critical,Design Review,12.27,5,True,False,True,True,True,True,True,PN-84542,ASM-4451,Quality Assurance,track undercarriage,Field Service Report FSR-01092: Maintenance log entry: repeated overheating observed on track undercarriage (part PN-84542) across three units in the field; escalated to Quality Assurance as a safety-critical change request.
ECN-000433,2025-03-10,3,Mar 2025,ECN Database,Regulatory Compliance,Manufacturing,9.16,2,True,False,False,False,True,False,False,PN-38913,ASM-5308,Regulatory Affairs,alternator,Field Service Report FSR-00433: Regulatory bulletin requires updated emissions documentation for the alternator (part PN-38913); Regulatory Affairs is initiating a compliance-driven engineering change to assembly ASM-5308. A follow-up review is scheduled for the next engineering change meeting.
ECN-000111,2025-01-03,1,Jan 2025,PLM,Regulatory Compliance,Final Release,15.14,5,False,False,False,False,True,False,True,PN-50963,ASM-5176,Manufacturing Engineering,engine control module,Supplier Communication SC-00111: Non-conformance report: PN-50963 on the engine control module does not meet the revised safety standard; Manufacturing Engineering has opened a regulatory compliance change request for assembly ASM-5176.
ECN-000371,2025-02-21,2,Feb 2025,PLM,Cost-Driven,Manufacturing,12.33,4,False,False,False,True,False,True,False,PN-36945,ASM-9810,Regulatory Affairs,boom cylinder,Supplier Communication SC-00371: Procurement flags rising cost of PN-36945 used in the boom cylinder; Regulatory Affairs requests a cost-driven change to qualify a second source for assembly ASM-9810.
ECN-000240,2025-02-24,2,Feb 2025,ECN Database,Performance-Related,Final Release,19.98,4,False,True,False,True,True,True,True,PN-54966,ASM-8460,Manufacturing Engineering,final drive assembly,"Supplier Communication SC-00240: Engineering comment: final drive assembly (part PN-54966, assembly ASM-8460) is underperforming relative to spec by ~8%; Manufacturing Engineering proposes a performance tuning change to improve efficiency. This item is currently pending review by the change control board."
ECN-000709,2025-04-06,4,Apr 2025,ECN Database,Cost-Driven,Final Release,10.2,3,True,False,False,False,False,True,True,PN-28630,ASM-7910,Powertrain Engineering,cab HVAC unit,Non-Conformance Report NCR-00709: Supplier communication from Continental Driveline Systems proposes an alternate source for PN-28630 on the cab HVAC unit at a 12% cost reduction; Powertrain Engineering is evaluating a cost-driven engineering change to assembly ASM-7910. Cross-functional stakeholders have been notified for input.
ECN-000630,2025-04-06,4,Apr 2025,Supplier Portal,Safety-Critical,Manufacturing,15.73,2,True,False,False,True,True,True,True,PN-23114,ASM-4373,Hydraulics Engineering,fuel injection system,Field Service Report FSR-00630: Non-conformance report: PN-23114 on the fuel injection system exhibited a crack during fatigue testing. Hydraulics Engineering recommends immediate containment and a safety-critical engineering change to assembly ASM-4373.
ECN-000594,2025-03-15,3,Mar 2025,Supplier Portal,Customer-Requested,Design Review,13.9,1,True,False,False,True,True,True,True,PN-97394,ASM-6915,Electrical Systems,fuel injection system,Field Service Report FSR-00594: Field service report: customer has asked for a configuration change to the fuel injection system to support a new attachment; Electrical Systems opens a customer-requested engineering change against part PN-97394. Engineering comment: value-engineering review of the track undercarriage identifies part PN-97394 as a candidate for redesign to reduce unit cost; Manufacturing Engineering to submit change request. Cross-functional stakeholders have been notified for input.
ECN-000486,2025-03-19,3,Mar 2025,ECN Database,Customer-Requested,Quality Approval,7.81,4,True,False,False,True,True,True,True,PN-81618,ASM-3216,Quality Assurance,engine control module,Supplier Communication SC-00486: Field service report: customer has asked for a configuration change to the engine control module to support a new attachment; Quality Assurance opens a customer-requested engineering change against part PN-81618. Additional supporting documentation has been attached to the ECN record.
ECN-000701,2025-04-02,4,Apr 2025,ECN Database,Regulatory Compliance,Design Review,6.42,3,True,False,False,True,True,True,True,PN-24475,ASM-1982,Regulatory Affairs,cooling fan clutch,Maintenance Log #00701: Non-conformance report: PN-24475 on the cooling fan clutch does not meet the revised safety standard; Regulatory Affairs has opened a regulatory compliance change request for assembly ASM-1982.
ECN-000262,2025-02-21,2,Feb 2025,ECN Database,Performance-Related,Manufacturing,8.46,3,True,False,False,True,True,True,True,PN-79534,ASM-1138,Quality Assurance,steering valve block,Non-Conformance Report NCR-00262: Test bench data shows the steering valve block missing target cycle times; Quality Assurance is submitting a change request against part PN-79534 to restore rated performance. Impact assessment on related assemblies is still in progress.
ECN-000480,2025-03-06,3,Mar 2025,MMS,Safety-Critical,Design Review,11.11,3,False,False,False,True,True,True,True,PN-20417,ASM-8808,Powertrain Engineering,boom cylinder,"Field Service Report FSR-00480: Field service report flags a potential failure mode in the boom cylinder (assembly ASM-8808, part PN-20417) that could compromise operator safety under high-load conditions; Powertrain Engineering has requested an urgent design review."
ECN-000650,2025-04-09,4,Apr 2025,ERP,Performance-Related,Final Release,19.49,5,True,False,False,True,True,True,True,PN-85472,ASM-2347,Field Service,steering valve block,"Non-Conformance Report NCR-00650: Engineering comment: steering valve block (part PN-85472, assembly ASM-2347) is underperforming relative to spec by ~8%; Field Service proposes a performance tuning change to improve efficiency. Procurement flags rising cost of PN-85472 used in the steering valve block; Regulatory Affairs requests a cost-driven change to qualify a second source for assembly ASM-2347. Impact assessment on related assemblies is still in progress."
ECN-000340,2025-02-04,2,Feb 2025,ERP,Performance-Related,Final Release,4.69,7,False,False,True,True,True,True,True,PN-94454,ASM-4787,Hydraulics Engineering,alternator,Maintenance Log #00340: Field service report notes reduced output from the alternator; Hydraulics Engineering traces the root cause to part PN-94454 tolerance drift and requests a performance-related revision to assembly ASM-4787. The change request has been logged in the PLM system for tracking.
ECN-000669,2025-04-04,4,Apr 2025,CAD,Customer-Requested,Design Review,12.1,1,True,False,False,True,True,True,True,PN-37292,ASM-3669,Hydraulics Engineering,track undercarriage,Non-Conformance Report NCR-00669: Field service report: customer has asked for a configuration change to the track undercarriage to support a new attachment; Hydraulics Engineering opens a customer-requested engineering change against part PN-37292. Impact assessment on related assemblies is still in progress.
ECN-000552,2025-03-21,3,Mar 2025,ERP,Performance-Related,Quality Approval,14.0,4,True,False,False,True,True,False,False,PN-99369,ASM-5961,Manufacturing Engineering,transmission control unit,Field Service Report FSR-00552: Field service report notes reduced output from the transmission control unit; Manufacturing Engineering traces the root cause to part PN-99369 tolerance drift and requests a performance-related revision to assembly ASM-5961. Engineering comment: value-engineering review of the transmission control unit identifies part PN-99369 as a candidate for redesign to reduce unit cost; Manufacturing Engineering to submit change request.
ECN-000459,2025-03-08,3,Mar 2025,CAD,Performance-Related,Final Release,19.15,9,False,False,False,True,True,True,True,PN-82918,ASM-3534,Electrical Systems,cooling fan clutch,"Non-Conformance Report NCR-00459: Engineering comment: cooling fan clutch (part PN-82918, assembly ASM-3534) is underperforming relative to spec by ~8%; Electrical Systems proposes a performance tuning change to improve efficiency. Customer feedback log: fleet operator requests an enhancement to the final drive assembly (part PN-82918) for improved serviceability; Field Service is drafting a customer-requested change to assembly ASM-3534."
ECN-000184,2025-01-07,1,Jan 2025,ERP,Performance-Related,Design Review,15.91,7,False,False,False,True,True,True,True,PN-61712,ASM-6654,Electrical Systems,exhaust aftertreatment system,"Supplier Communication SC-00184: Engineering comment: exhaust aftertreatment system (part PN-61712, assembly ASM-6654) is underperforming relative to spec by ~8%; Electrical Systems proposes a performance tuning change to improve efficiency. Supplier communication forwards a customer complaint about PN-61712 wear rate on the engine control module; Manufacturing Engineering is preparing a customer-driven revision to assembly ASM-6654."
ECN-000138,2025-01-28,1,Jan 2025,CAD,Regulatory Compliance,Design Review,24.24,5,False,False,False,True,False,False,False,PN-79135,ASM-7859,Regulatory Affairs,cooling fan clutch,Non-Conformance Report NCR-00138: Regulatory bulletin requires updated emissions documentation for the cooling fan clutch (part PN-79135); Regulatory Affairs is initiating a compliance-driven engineering change to assembly ASM-7859.
ECN-001161,2025-06-11,6,Jun 2025,ECN Database,Cost-Driven,Final Release,8.56,1,True,False,False,True,True,True,True,PN-23295,ASM-1919,Regulatory Affairs,exhaust aftertreatment system,Maintenance Log #01161: Procurement flags rising cost of PN-23295 used in the exhaust aftertreatment system; Regulatory Affairs requests a cost-driven change to qualify a second source for assembly ASM-1919. Field service report: customer has asked for a configuration change to the cooling fan clutch to support a new attachment; Hydraulics Engineering opens a customer-requested engineering change against part PN-23295. Impact assessment on related assemblies is still in progress.
ECN-000707,2025-04-28,4,Apr 2025,MMS,Safety-Critical,Final Release,8.2,1,False,False,True,True,True,True,True,PN-14273,ASM-3569,Structural Engineering,boom cylinder,Engineering Comment EC-00707: Maintenance log entry: repeated overheating observed on boom cylinder (part PN-14273) across three units in the field; escalated to Structural Engineering as a safety-critical change request.
ECN-000582,2025-03-31,3,Mar 2025,ECN Database,Performance-Related,Final Release,6.56,5,False,True,False,True,False,False,True,PN-33437,ASM-5724,Hydraulics Engineering,engine control module,"Engineering Comment EC-00582: Engineering comment: engine control module (part PN-33437, assembly ASM-5724) is underperforming relative to spec by ~8%; Hydraulics Engineering proposes a performance tuning change to improve efficiency. Customer feedback log: fleet operator requests an enhancement to the alternator (part PN-33437) for improved serviceability; Quality Assurance is drafting a customer-requested change to assembly ASM-5724. Additional supporting documentation has been attached to the ECN record."
ECN-000081,2025-01-28,1,Jan 2025,ERP,Cost-Driven,Quality Approval,46.11,4,True,False,False,True,True,True,True,PN-64387,ASM-6568,Hydraulics Engineering,final drive assembly,Supplier Communication SC-00081: Procurement flags rising cost of PN-64387 used in the final drive assembly; Hydraulics Engineering requests a cost-driven change to qualify a second source for assembly ASM-6568. Field service report notes reduced output from the alternator; Field Service traces the root cause to part PN-64387 tolerance drift and requests a performance-related revision to assembly ASM-6568.
ECN-000769,2025-04-15,4,Apr 2025,PLM,Cost-Driven,Final Release,14.07,3,True,False,False,True,True,True,True,PN-36604,ASM-9232,Field Service,exhaust aftertreatment system,Non-Conformance Report NCR-00769: Procurement flags rising cost of PN-36604 used in the exhaust aftertreatment system; Field Service requests a cost-driven change to qualify a second source for assembly ASM-9232. This item is currently pending review by the change control board.
ECN-000870,2025-05-02,5,May 2025,ECN Database,Performance-Related,Quality Approval,3.34,2,False,False,False,False,True,False,True,PN-43925,ASM-5971,Electrical Systems,cab HVAC unit,"Field Service Report FSR-00870: Engineering comment: cab HVAC unit (part PN-43925, assembly ASM-5971) is underperforming relative to spec by ~8%; Electrical Systems proposes a performance tuning change to improve efficiency. Supplier communication forwards a customer complaint about PN-43925 wear rate on the engine control module; Quality Assurance is preparing a customer-driven revision to assembly ASM-5971. Additional supporting documentation has been attached to the ECN record."
ECN-000762,2025-04-16,4,Apr 2025,ECN Database,Regulatory Compliance,Final Release,7.85,3,True,False,False,True,True,True,True,PN-59112,ASM-3276,Electrical Systems,cab HVAC unit,Maintenance Log #00762: Supplier communication from Meridian Hydraulics Inc. indicates a material certification gap on PN-59112; Electrical Systems requests a compliance change to the cab HVAC unit. Impact assessment on related assemblies is still in progress.
ECN-000030,2025-01-18,1,Jan 2025,ECN Database,Cost-Driven,Manufacturing,28.57,4,True,False,False,True,True,True,True,PN-10464,ASM-6464,Field Service,track undercarriage,Supplier Communication SC-00030: Supplier communication from Meridian Hydraulics Inc. proposes an alternate source for PN-10464 on the track undercarriage at a 12% cost reduction; Field Service is evaluating a cost-driven engineering change to assembly ASM-6464. Impact assessment on related assemblies is still in progress.
ECN-000542,2025-03-14,3,Mar 2025,PLM,Safety-Critical,Quality Approval,21.09,5,True,False,False,True,True,True,True,PN-51060,ASM-9972,Manufacturing Engineering,transmission control unit,"Maintenance Log #00542: Field service report flags a potential failure mode in the transmission control unit (assembly ASM-9972, part PN-51060) that could compromise operator safety under high-load conditions; Manufacturing Engineering has requested an urgent design review."
ECN-000166,2025-01-29,1,Jan 2025,ECN Database,Performance-Related,Design Review,18.1,5,True,True,True,True,True,True,True,PN-15399,ASM-1464,Manufacturing Engineering,steering valve block,"Supplier Communication SC-00166: Engineering comment: steering valve block (part PN-15399, assembly ASM-1464) is underperforming relative to spec by ~8%; Manufacturing Engineering proposes a performance tuning change to improve efficiency. Supplier communication forwards a customer complaint about PN-15399 wear rate on the boom cylinder; Regulatory Affairs is preparing a customer-driven revision to assembly ASM-1464."
ECN-000249,2025-02-24,2,Feb 2025,ECN Database,Performance-Related,Final Release,10.04,1,False,False,False,True,True,True,True,PN-76952,ASM-2854,Structural Engineering,exhaust aftertreatment system,Maintenance Log #00249: Test bench data shows the exhaust aftertreatment system missing target cycle times; Structural Engineering is submitting a change request against part PN-76952 to restore rated performance. Supplier communication forwards a customer complaint about PN-76952 wear rate on the hydraulic pump; Structural Engineering is preparing a customer-driven revision to assembly ASM-2854. The change request has been logged in the PLM system for tracking.
ECN-000308,2025-02-19,2,Feb 2025,ERP,Cost-Driven,Design Review,11.33,6,False,False,True,True,True,True,True,PN-39820,ASM-1999,Regulatory Affairs,transmission control unit,Supplier Communication SC-00308: Engineering comment: value-engineering review of the transmission control unit identifies part PN-39820 as a candidate for redesign to reduce unit cost; Regulatory Affairs to submit change request. A follow-up review is scheduled for the next engineering change meeting.
ECN-000448,2025-03-10,3,Mar 2025,CAD,Cost-Driven,Manufacturing,6.63,3,True,True,False,True,True,True,True,PN-34886,ASM-9586,Electrical Systems,engine control module,Engineering Comment EC-00448: Procurement flags rising cost of PN-34886 used in the engine control module; Electrical Systems requests a cost-driven change to qualify a second source for assembly ASM-9586.
ECN-000347,2025-02-03,2,Feb 2025,MMS,Performance-Related,Manufacturing,18.62,5,False,False,True,True,True,True,False,PN-94331,ASM-3571,Powertrain Engineering,exhaust aftertreatment system,Non-Conformance Report NCR-00347: Test bench data shows the exhaust aftertreatment system missing target cycle times; Powertrain Engineering is submitting a change request against part PN-94331 to restore rated performance.
ECN-000335,2025-02-02,2,Feb 2025,ECN Database,Cost-Driven,Design Review,18.13,3,True,True,False,True,True,True,True,PN-12872,ASM-9267,Quality Assurance,boom cylinder,Engineering Comment EC-00335: Supplier communication from Continental Driveline Systems proposes an alternate source for PN-12872 on the boom cylinder at a 12% cost reduction; Quality Assurance is evaluating a cost-driven engineering change to assembly ASM-9267. Field service report notes reduced output from the steering valve block; Field Service traces the root cause to part PN-12872 tolerance drift and requests a performance-related revision to assembly ASM-9267.
ECN-000286,2025-02-07,2,Feb 2025,MMS,Customer-Requested,Manufacturing,23.82,3,True,False,False,True,True,True,True,PN-25919,ASM-1195,Hydraulics Engineering,cab HVAC unit,Non-Conformance Report NCR-00286: Customer feedback log: fleet operator requests an enhancement to the cab HVAC unit (part PN-25919) for improved serviceability; Hydraulics Engineering is drafting a customer-requested change to assembly ASM-1195.
ECN-000950,2025-05-03,5,May 2025,CAD,Cost-Driven,Quality Approval,8.58,1,False,False,False,True,True,True,True,PN-10647,ASM-1860,Manufacturing Engineering,boom cylinder,Field Service Report FSR-00950: Engineering comment: value-engineering review of the boom cylinder identifies part PN-10647 as a candidate for redesign to reduce unit cost; Manufacturing Engineering to submit change request. This item is currently pending review by the change control board.
ECN-000098,2025-01-11,1,Jan 2025,Supplier Portal,Safety-Critical,Quality Approval,22.6,7,False,False,False,False,False,True,False,PN-59941,ASM-7086,Field Service,steering valve block,"Engineering Comment EC-00098: Field service report flags a potential failure mode in the steering valve block (assembly ASM-7086, part PN-59941) that could compromise operator safety under high-load conditions; Field Service has requested an urgent design review. A follow-up review is scheduled for the next engineering change meeting."
ECN-000468,2025-03-24,3,Mar 2025,PLM,Cost-Driven,Design Review,14.62,1,True,False,True,True,True,True,True,PN-99831,ASM-7124,Supplier Quality,hydraulic pump,Maintenance Log #00468: Supplier communication from Continental Driveline Systems proposes an alternate source for PN-99831 on the hydraulic pump at a 12% cost reduction; Supplier Quality is evaluating a cost-driven engineering change to assembly ASM-7124.
ECN-001037,2025-06-13,6,Jun 2025,CAD,Customer-Requested,Manufacturing,7.51,4,True,False,False,True,True,True,True,PN-29956,ASM-1127,Electrical Systems,alternator,Supplier Communication SC-01037: Supplier communication forwards a customer complaint about PN-29956 wear rate on the alternator; Electrical Systems is preparing a customer-driven revision to assembly ASM-1127.
ECN-000913,2025-05-05,5,May 2025,PLM,Performance-Related,Quality Approval,13.82,6,True,True,False,True,True,True,True,PN-72050,ASM-4496,Manufacturing Engineering,hydraulic pump,"Maintenance Log #00913: Engineering comment: hydraulic pump (part PN-72050, assembly ASM-4496) is underperforming relative to spec by ~8%; Manufacturing Engineering proposes a performance tuning change to improve efficiency. Procurement flags rising cost of PN-72050 used in the track undercarriage; Field Service requests a cost-driven change to qualify a second source for assembly ASM-4496."
ECN-000756,2025-04-09,4,Apr 2025,MMS,Performance-Related,Final Release,7.13,4,True,False,False,True,True,True,True,PN-69133,ASM-8660,Manufacturing Engineering,exhaust aftertreatment system,Field Service Report FSR-00756: Field service report notes reduced output from the exhaust aftertreatment system; Manufacturing Engineering traces the root cause to part PN-69133 tolerance drift and requests a performance-related revision to assembly ASM-8660.
ECN-000945,2025-05-04,5,May 2025,PLM,Customer-Requested,Final Release,10.07,2,True,False,False,True,True,True,True,PN-35837,ASM-1813,Manufacturing Engineering,fuel injection system,Supplier Communication SC-00945: Field service report: customer has asked for a configuration change to the fuel injection system to support a new attachment; Manufacturing Engineering opens a customer-requested engineering change against part PN-35837.
ECN-000614,2025-04-24,4,Apr 2025,CAD,Safety-Critical,Design Review,13.35,3,True,False,False,True,True,True,True,PN-15322,ASM-2347,Field Service,alternator,Engineering Comment EC-00614: Non-conformance report: PN-15322 on the alternator exhibited a crack during fatigue testing. Field Service recommends immediate containment and a safety-critical engineering change to assembly ASM-2347. The change request has been logged in the PLM system for tracking.
ECN-000802,2025-05-06,5,May 2025,ERP,Safety-Critical,Manufacturing,10.39,4,True,False,False,False,True,False,True,PN-10841,ASM-3759,Regulatory Affairs,boom cylinder,Supplier Communication SC-00802: Non-conformance report: PN-10841 on the boom cylinder exhibited a crack during fatigue testing. Regulatory Affairs recommends immediate containment and a safety-critical engineering change to assembly ASM-3759. Supplier communication from Northgate Castings indicates a material certification gap on PN-10841; Electrical Systems requests a compliance change to the track undercarriage.
ECN-000758,2025-04-07,4,Apr 2025,ECN Database,Cost-Driven,Design Review,22.99,4,True,False,False,True,True,True,True,PN-57216,ASM-1627,Hydraulics Engineering,engine control module,Field Service Report FSR-00758: Procurement flags rising cost of PN-57216 used in the engine control module; Hydraulics Engineering requests a cost-driven change to qualify a second source for assembly ASM-1627. Test bench data shows the fuel injection system missing target cycle times; Field Service is submitting a change request against part PN-57216 to restore rated performance.
ECN-000689,2025-04-08,4,Apr 2025,PLM,Cost-Driven,Manufacturing,23.1,4,True,False,False,True,True,True,True,PN-32900,ASM-9248,Manufacturing Engineering,cooling fan clutch,Engineering Comment EC-00689: Supplier communication from Continental Driveline Systems proposes an alternate source for PN-32900 on the cooling fan clutch at a 12% cost reduction; Manufacturing Engineering is evaluating a cost-driven engineering change to assembly ASM-9248. This item is currently pending review by the change control board.
ECN-000066,2025-01-10,1,Jan 2025,MMS,Cost-Driven,Final Release,16.64,3,True,True,False,True,True,False,True,PN-48290,ASM-3068,Powertrain Engineering,hydraulic pump,Engineering Comment EC-00066: Procurement flags rising cost of PN-48290 used in the hydraulic pump; Powertrain Engineering requests a cost-driven change to qualify a second source for assembly ASM-3068. This item is currently pending review by the change control board.
ECN-000794,2025-04-09,4,Apr 2025,MMS,Performance-Related,Final Release,18.84,4,False,False,False,False,True,False,False,PN-20909,ASM-5918,Regulatory Affairs,hydraulic pump,Non-Conformance Report NCR-00794: Test bench data shows the hydraulic pump missing target cycle times; Regulatory Affairs is submitting a change request against part PN-20909 to restore rated performance.
ECN-000744,2025-04-11,4,Apr 2025,ERP,Cost-Driven,Design Review,4.23,3,True,False,True,True,True,True,True,PN-71263,ASM-6425,Supplier Quality,fuel injection system,Supplier Communication SC-00744: Procurement flags rising cost of PN-71263 used in the fuel injection system; Supplier Quality requests a cost-driven change to qualify a second source for assembly ASM-6425. Cross-functional stakeholders have been notified for input.
ECN-000568,2025-03-07,3,Mar 2025,Supplier Portal,Cost-Driven,Final Release,8.22,2,True,False,False,True,True,True,True,PN-19637,ASM-8716,Regulatory Affairs,boom cylinder,Non-Conformance Report NCR-00568: Procurement flags rising cost of PN-19637 used in the boom cylinder; Regulatory Affairs requests a cost-driven change to qualify a second source for assembly ASM-8716.
ECN-001084,2025-06-29,6,Jun 2025,ECN Database,Customer-Requested,Manufacturing,15.39,8,True,False,False,True,True,True,True,PN-93555,ASM-2021,Powertrain Engineering,engine control module,Field Service Report FSR-01084: Field service report: customer has asked for a configuration change to the engine control module to support a new attachment; Powertrain Engineering opens a customer-requested engineering change against part PN-93555. Supplier communication from Apex Sensor Technologies proposes an alternate source for PN-93555 on the steering valve block at a 12% cost reduction; Powertrain Engineering is evaluating a cost-driven engineering change to assembly ASM-2021.
ECN-001099,2025-06-03,6,Jun 2025,CAD,Regulatory Compliance,Quality Approval,12.88,7,True,False,False,True,True,True,True,PN-84447,ASM-3286,Electrical Systems,cooling fan clutch,Maintenance Log #01099: Regulatory bulletin requires updated emissions documentation for the cooling fan clutch (part PN-84447); Electrical Systems is initiating a compliance-driven engineering change to assembly ASM-3286.
ECN-000303,2025-02-14,2,Feb 2025,ECN Database,Performance-Related,Final Release,14.15,7,False,False,False,True,True,True,True,PN-54295,ASM-8909,Electrical Systems,engine control module,Non-Conformance Report NCR-00303: Test bench data shows the engine control module missing target cycle times; Electrical Systems is submitting a change request against part PN-54295 to restore rated performance. Procurement flags rising cost of PN-54295 used in the track undercarriage; Quality Assurance requests a cost-driven change to qualify a second source for assembly ASM-8909. Additional supporting documentation has been attached to the ECN record.
ECN-000255,2025-02-19,2,Feb 2025,PLM,Customer-Requested,Design Review,7.64,4,False,False,True,True,True,True,True,PN-77582,ASM-5558,Hydraulics Engineering,steering valve block,Field Service Report FSR-00255: Supplier communication forwards a customer complaint about PN-77582 wear rate on the steering valve block; Hydraulics Engineering is preparing a customer-driven revision to assembly ASM-5558. The change request has been logged in the PLM system for tracking.
ECN-000959,2025-05-07,5,May 2025,CAD,Cost-Driven,Final Release,13.52,2,True,True,False,False,True,False,True,PN-58467,ASM-2602,Structural Engineering,hydraulic pump,Supplier Communication SC-00959: Supplier communication from Apex Sensor Technologies proposes an alternate source for PN-58467 on the hydraulic pump at a 12% cost reduction; Structural Engineering is evaluating a cost-driven engineering change to assembly ASM-2602.
ECN-001024,2025-06-03,6,Jun 2025,ECN Database,Customer-Requested,Final Release,11.89,7,True,False,False,True,True,True,True,PN-41061,ASM-4343,Electrical Systems,engine control module,Supplier Communication SC-01024: Field service report: customer has asked for a configuration change to the engine control module to support a new attachment; Electrical Systems opens a customer-requested engineering change against part PN-41061.
ECN-000313,2025-02-12,2,Feb 2025,MMS,Safety-Critical,Final Release,6.48,1,True,False,False,True,True,True,True,PN-87061,ASM-2641,Quality Assurance,final drive assembly,"Engineering Comment EC-00313: Field service report flags a potential failure mode in the final drive assembly (assembly ASM-2641, part PN-87061) that could compromise operator safety under high-load conditions; Quality Assurance has requested an urgent design review. Cross-functional stakeholders have been notified for input."
ECN-000530,2025-03-15,3,Mar 2025,Supplier Portal,Customer-Requested,Final Release,12.28,4,True,True,False,True,True,False,False,PN-73115,ASM-2311,Hydraulics Engineering,fuel injection system,Field Service Report FSR-00530: Customer feedback log: fleet operator requests an enhancement to the fuel injection system (part PN-73115) for improved serviceability; Hydraulics Engineering is drafting a customer-requested change to assembly ASM-2311.
ECN-000222,2025-02-22,2,Feb 2025,PLM,Cost-Driven,Design Review,15.23,3,True,False,True,True,False,True,True,PN-22499,ASM-9653,Manufacturing Engineering,track undercarriage,Engineering Comment EC-00222: Supplier communication from Vantage Electronics proposes an alternate source for PN-22499 on the track undercarriage at a 12% cost reduction; Manufacturing Engineering is evaluating a cost-driven engineering change to assembly ASM-9653. Field service report: customer has asked for a configuration change to the hydraulic pump to support a new attachment; Hydraulics Engineering opens a customer-requested engineering change against part PN-22499.
ECN-000389,2025-02-17,2,Feb 2025,ERP,Safety-Critical,Design Review,10.79,6,True,False,False,True,True,True,True,PN-63194,ASM-6781,Supplier Quality,track undercarriage,Maintenance Log #00389: Non-conformance report: PN-63194 on the track undercarriage exhibited a crack during fatigue testing. Supplier Quality recommends immediate containment and a safety-critical engineering change to assembly ASM-6781. A follow-up review is scheduled for the next engineering change meeting.
ECN-000236,2025-02-06,2,Feb 2025,ECN Database,Regulatory Compliance,Manufacturing,18.75,9,True,False,False,True,True,True,True,PN-93647,ASM-2392,Electrical Systems,fuel injection system,Field Service Report FSR-00236: Regulatory bulletin requires updated emissions documentation for the fuel injection system (part PN-93647); Electrical Systems is initiating a compliance-driven engineering change to assembly ASM-2392.
ECN-000810,2025-05-12,5,May 2025,MMS,Performance-Related,Quality Approval,20.19,7,True,False,False,True,True,True,True,PN-52667,ASM-8279,Manufacturing Engineering,hydraulic pump,"Maintenance Log #00810: Engineering comment: hydraulic pump (part PN-52667, assembly ASM-8279) is underperforming relative to spec by ~8%; Manufacturing Engineering proposes a performance tuning change to improve efficiency. A follow-up review is scheduled for the next engineering change meeting."
ECN-000483,2025-03-18,3,Mar 2025,MMS,Customer-Requested,Manufacturing,15.19,5,True,False,False,True,True,True,True,PN-94068,ASM-1630,Electrical Systems,track undercarriage,Maintenance Log #00483: Supplier communication forwards a customer complaint about PN-94068 wear rate on the track undercarriage; Electrical Systems is preparing a customer-driven revision to assembly ASM-1630. Supplier communication from Vantage Electronics proposes an alternate source for PN-94068 on the boom cylinder at a 12% cost reduction; Electrical Systems is evaluating a cost-driven engineering change to assembly ASM-1630. Impact assessment on related assemblies is still in progress.
ECN-000713,2025-04-07,4,Apr 2025,Supplier Portal,Performance-Related,Manufacturing,11.43,7,True,False,False,True,True,True,True,PN-92589,ASM-6060,Powertrain Engineering,alternator,Maintenance Log #00713: Test bench data shows the alternator missing target cycle times; Powertrain Engineering is submitting a change request against part PN-92589 to restore rated performance.
ECN-000306,2025-02-09,2,Feb 2025,MMS,Safety-Critical,Design Review,20.24,5,True,False,False,False,False,False,False,PN-60793,ASM-4029,Hydraulics Engineering,cooling fan clutch,Maintenance Log #00306: Non-conformance report: PN-60793 on the cooling fan clutch exhibited a crack during fatigue testing. Hydraulics Engineering recommends immediate containment and a safety-critical engineering change to assembly ASM-4029. The change request has been logged in the PLM system for tracking.
ECN-001111,2025-06-14,6,Jun 2025,PLM,Safety-Critical,Manufacturing,12.78,4,True,False,False,False,True,True,False,PN-54186,ASM-5224,Quality Assurance,engine control module,"Supplier Communication SC-01111: Field service report flags a potential failure mode in the engine control module (assembly ASM-5224, part PN-54186) that could compromise operator safety under high-load conditions; Quality Assurance has requested an urgent design review."
ECN-001090,2025-06-03,6,Jun 2025,MMS,Safety-Critical,Final Release,10.35,3,False,False,False,True,True,True,True,PN-45756,ASM-4264,Supplier Quality,track undercarriage,"Field Service Report FSR-01090: Field service report flags a potential failure mode in the track undercarriage (assembly ASM-4264, part PN-45756) that could compromise operator safety under high-load conditions; Supplier Quality has requested an urgent design review. The change request has been logged in the PLM system for tracking."
ECN-000772,2025-04-14,4,Apr 2025,Supplier Portal,Regulatory Compliance,Manufacturing,10.12,3,True,False,False,True,True,True,True,PN-97380,ASM-2093,Electrical Systems,cooling fan clutch,Supplier Communication SC-00772: Supplier communication from Apex Sensor Technologies indicates a material certification gap on PN-97380; Electrical Systems requests a compliance change to the cooling fan clutch.
ECN-000917,2025-05-09,5,May 2025,Supplier Portal,Safety-Critical,Final Release,8.48,9,False,False,False,True,True,True,True,PN-97040,ASM-6185,Quality Assurance,steering valve block,"Supplier Communication SC-00917: Field service report flags a potential failure mode in the steering valve block (assembly ASM-6185, part PN-97040) that could compromise operator safety under high-load conditions; Quality Assurance has requested an urgent design review. Regulatory bulletin requires updated emissions documentation for the cab HVAC unit (part PN-97040); Manufacturing Engineering is initiating a compliance-driven engineering change to assembly ASM-6185."
ECN-001139,2025-06-02,6,Jun 2025,ERP,Regulatory Compliance,Quality Approval,15.48,1,True,False,False,True,True,True,True,PN-68284,ASM-6417,Manufacturing Engineering,cooling fan clutch,Engineering Comment EC-01139: Non-conformance report: PN-68284 on the cooling fan clutch does not meet the revised safety standard; Manufacturing Engineering has opened a regulatory compliance change request for assembly ASM-6417.
ECN-000250,2025-02-07,2,Feb 2025,ECN Database,Cost-Driven,Final Release,12.54,1,True,False,False,True,True,True,True,PN-68947,ASM-5305,Field Service,boom cylinder,Non-Conformance Report NCR-00250: Engineering comment: value-engineering review of the boom cylinder identifies part PN-68947 as a candidate for redesign to reduce unit cost; Field Service to submit change request. This item is currently pending review by the change control board.
ECN-000760,2025-04-16,4,Apr 2025,ERP,Customer-Requested,Design Review,12.49,0,True,False,False,True,True,True,True,PN-95733,ASM-9399,Powertrain Engineering,steering valve block,Non-Conformance Report NCR-00760: Customer feedback log: fleet operator requests an enhancement to the steering valve block (part PN-95733) for improved serviceability; Powertrain Engineering is drafting a customer-requested change to assembly ASM-9399. Impact assessment on related assemblies is still in progress.
ECN-000595,2025-03-24,3,Mar 2025,MMS,Regulatory Compliance,Final Release,23.59,5,True,False,False,True,False,True,True,PN-64474,ASM-8249,Supplier Quality,engine control module,Supplier Communication SC-00595: Non-conformance report: PN-64474 on the engine control module does not meet the revised safety standard; Supplier Quality has opened a regulatory compliance change request for assembly ASM-8249.
ECN-000072,2025-01-03,1,Jan 2025,PLM,Regulatory Compliance,Final Release,13.49,4,True,True,False,True,True,True,True,PN-25043,ASM-9922,Supplier Quality,exhaust aftertreatment system,Non-Conformance Report NCR-00072: Regulatory bulletin requires updated emissions documentation for the exhaust aftertreatment system (part PN-25043); Supplier Quality is initiating a compliance-driven engineering change to assembly ASM-9922.
ECN-000095,2025-01-17,1,Jan 2025,Supplier Portal,Performance-Related,Quality Approval,19.58,6,True,True,True,True,True,True,True,PN-48680,ASM-6352,Quality Assurance,alternator,Field Service Report FSR-00095: Test bench data shows the alternator missing target cycle times; Quality Assurance is submitting a change request against part PN-48680 to restore rated performance. A follow-up review is scheduled for the next engineering change meeting.
ECN-000546,2025-03-09,3,Mar 2025,CAD,Cost-Driven,Final Release,18.96,2,False,True,False,True,True,True,True,PN-31229,ASM-2212,Manufacturing Engineering,alternator,Maintenance Log #00546: Engineering comment: value-engineering review of the alternator identifies part PN-31229 as a candidate for redesign to reduce unit cost; Manufacturing Engineering to submit change request. Cross-functional stakeholders have been notified for input.
ECN-000034,2025-01-09,1,Jan 2025,ERP,Performance-Related,Design Review,16.43,3,True,False,False,True,True,True,True,PN-33509,ASM-6442,Regulatory Affairs,final drive assembly,Non-Conformance Report NCR-00034: Field service report notes reduced output from the final drive assembly; Regulatory Affairs traces the root cause to part PN-33509 tolerance drift and requests a performance-related revision to assembly ASM-6442.
ECN-000862,2025-05-31,5,May 2025,MMS,Customer-Requested,Quality Approval,10.62,2,True,False,False,True,True,True,True,PN-47397,ASM-8734,Manufacturing Engineering,hydraulic pump,Field Service Report FSR-00862: Field service report: customer has asked for a configuration change to the hydraulic pump to support a new attachment; Manufacturing Engineering opens a customer-requested engineering change against part PN-47397. Additional supporting documentation has been attached to the ECN record.
ECN-000579,2025-03-22,3,Mar 2025,MMS,Customer-Requested,Final Release,18.34,3,True,False,False,True,True,True,True,PN-53899,ASM-4909,Supplier Quality,transmission control unit,Engineering Comment EC-00579: Supplier communication forwards a customer complaint about PN-53899 wear rate on the transmission control unit; Supplier Quality is preparing a customer-driven revision to assembly ASM-4909. Procurement flags rising cost of PN-53899 used in the exhaust aftertreatment system; Supplier Quality requests a cost-driven change to qualify a second source for assembly ASM-4909. Cross-functional stakeholders have been notified for input.
ECN-000449,2025-03-19,3,Mar 2025,ECN Database,Performance-Related,Design Review,9.63,6,True,False,False,True,True,True,True,PN-22616,ASM-9572,Manufacturing Engineering,track undercarriage,Maintenance Log #00449: Test bench data shows the track undercarriage missing target cycle times; Manufacturing Engineering is submitting a change request against part PN-22616 to restore rated performance. Supplier communication from Meridian Hydraulics Inc. proposes an alternate source for PN-22616 on the hydraulic pump at a 12% cost reduction; Supplier Quality is evaluating a cost-driven engineering change to assembly ASM-9572. This item is currently pending review by the change control board.
ECN-000446,2025-03-12,3,Mar 2025,MMS,Customer-Requested,Manufacturing,22.09,7,True,True,False,True,True,False,True,PN-88470,ASM-3627,Structural Engineering,alternator,Engineering Comment EC-00446: Customer feedback log: fleet operator requests an enhancement to the alternator (part PN-88470) for improved serviceability; Structural Engineering is drafting a customer-requested change to assembly ASM-3627. Cross-functional stakeholders have been notified for input.
ECN-000260,2025-02-01,2,Feb 2025,PLM,Customer-Requested,Manufacturing,7.21,6,True,False,False,True,True,False,False,PN-66260,ASM-2494,Field Service,steering valve block,Supplier Communication SC-00260: Supplier communication forwards a customer complaint about PN-66260 wear rate on the steering valve block; Field Service is preparing a customer-driven revision to assembly ASM-2494. Field service report notes reduced output from the engine control module; Quality Assurance traces the root cause to part PN-66260 tolerance drift and requests a performance-related revision to assembly ASM-2494. Impact assessment on related assemblies is still in progress.
ECN-000205,2025-02-17,2,Feb 2025,CAD,Safety-Critical,Manufacturing,17.04,8,False,True,False,True,True,True,True,PN-40715,ASM-9843,Regulatory Affairs,hydraulic pump,"Non-Conformance Report NCR-00205: Field service report flags a potential failure mode in the hydraulic pump (assembly ASM-9843, part PN-40715) that could compromise operator safety under high-load conditions; Regulatory Affairs has requested an urgent design review."
ECN-000573,2025-03-17,3,Mar 2025,MMS,Safety-Critical,Manufacturing,10.88,1,True,False,True,True,True,True,True,PN-15796,ASM-1656,Powertrain Engineering,exhaust aftertreatment system,Supplier Communication SC-00573: Non-conformance report: PN-15796 on the exhaust aftertreatment system exhibited a crack during fatigue testing. Powertrain Engineering recommends immediate containment and a safety-critical engineering change to assembly ASM-1656.
ECN-000824,2025-05-31,5,May 2025,MMS,Customer-Requested,Manufacturing,13.98,4,True,False,False,True,True,True,True,PN-85455,ASM-2670,Powertrain Engineering,boom cylinder,Supplier Communication SC-00824: Supplier communication forwards a customer complaint about PN-85455 wear rate on the boom cylinder; Powertrain Engineering is preparing a customer-driven revision to assembly ASM-2670.
ECN-000586,2025-03-30,3,Mar 2025,ERP,Customer-Requested,Design Review,9.35,7,False,True,False,False,False,True,False,PN-47767,ASM-1775,Structural Engineering,boom cylinder,Engineering Comment EC-00586: Customer feedback log: fleet operator requests an enhancement to the boom cylinder (part PN-47767) for improved serviceability; Structural Engineering is drafting a customer-requested change to assembly ASM-1775. Additional supporting documentation has been attached to the ECN record.
ECN-000366,2025-02-17,2,Feb 2025,PLM,Regulatory Compliance,Final Release,24.95,4,True,False,False,True,True,True,True,PN-85061,ASM-6866,Field Service,exhaust aftertreatment system,Non-Conformance Report NCR-00366: Regulatory bulletin requires updated emissions documentation for the exhaust aftertreatment system (part PN-85061); Field Service is initiating a compliance-driven engineering change to assembly ASM-6866. Additional supporting documentation has been attached to the ECN record.
ECN-000812,2025-05-06,5,May 2025,CAD,Customer-Requested,Manufacturing,13.52,2,True,False,False,True,True,True,True,PN-73198,ASM-9858,Structural Engineering,final drive assembly,Maintenance Log #00812: Customer feedback log: fleet operator requests an enhancement to the final drive assembly (part PN-73198) for improved serviceability; Structural Engineering is drafting a customer-requested change to assembly ASM-9858. Test bench data shows the alternator missing target cycle times; Hydraulics Engineering is submitting a change request against part PN-73198 to restore rated performance. Impact assessment on related assemblies is still in progress.
ECN-000078,2025-01-01,1,Jan 2025,ECN Database,Cost-Driven,Design Review,25.09,3,True,False,True,True,True,False,True,PN-81987,ASM-3146,Supplier Quality,hydraulic pump,Maintenance Log #00078: Engineering comment: value-engineering review of the hydraulic pump identifies part PN-81987 as a candidate for redesign to reduce unit cost; Supplier Quality to submit change request.
ECN-000085,2025-01-20,1,Jan 2025,ECN Database,Safety-Critical,Quality Approval,11.85,6,False,False,True,True,True,True,True,PN-63736,ASM-3529,Powertrain Engineering,cab HVAC unit,"Field Service Report FSR-00085: Field service report flags a potential failure mode in the cab HVAC unit (assembly ASM-3529, part PN-63736) that could compromise operator safety under high-load conditions; Powertrain Engineering has requested an urgent design review."
ECN-000539,2025-03-22,3,Mar 2025,CAD,Cost-Driven,Final Release,17.96,2,True,False,False,True,True,True,True,PN-44422,ASM-3378,Regulatory Affairs,alternator,Supplier Communication SC-00539: Procurement flags rising cost of PN-44422 used in the alternator; Regulatory Affairs requests a cost-driven change to qualify a second source for assembly ASM-3378. The change request has been logged in the PLM system for tracking.
ECN-000083,2025-01-13,1,Jan 2025,ECN Database,Customer-Requested,Quality Approval,17.48,10,True,False,False,True,True,True,True,PN-63841,ASM-1715,Regulatory Affairs,exhaust aftertreatment system,Supplier Communication SC-00083: Field service report: customer has asked for a configuration change to the exhaust aftertreatment system to support a new attachment; Regulatory Affairs opens a customer-requested engineering change against part PN-63841.
ECN-000458,2025-03-25,3,Mar 2025,ECN Database,Safety-Critical,Manufacturing,20.11,3,False,False,False,True,True,True,True,PN-27705,ASM-5945,Powertrain Engineering,cooling fan clutch,"Maintenance Log #00458: Field service report flags a potential failure mode in the cooling fan clutch (assembly ASM-5945, part PN-27705) that could compromise operator safety under high-load conditions; Powertrain Engineering has requested an urgent design review. Cross-functional stakeholders have been notified for input."
ECN-001138,2025-06-25,6,Jun 2025,ERP,Customer-Requested,Design Review,11.51,1,True,False,False,True,True,True,True,PN-28605,ASM-4982,Regulatory Affairs,fuel injection system,Supplier Communication SC-01138: Field service report: customer has asked for a configuration change to the fuel injection system to support a new attachment; Regulatory Affairs opens a customer-requested engineering change against part PN-28605. Field service report notes reduced output from the steering valve block; Hydraulics Engineering traces the root cause to part PN-28605 tolerance drift and requests a performance-related revision to assembly ASM-4982.
ECN-000615,2025-04-22,4,Apr 2025,CAD,Performance-Related,Manufacturing,9.83,8,True,False,False,True,True,True,True,PN-82602,ASM-7672,Structural Engineering,steering valve block,Supplier Communication SC-00615: Field service report notes reduced output from the steering valve block; Structural Engineering traces the root cause to part PN-82602 tolerance drift and requests a performance-related revision to assembly ASM-7672. This item is currently pending review by the change control board.
ECN-001186,2025-06-06,6,Jun 2025,MMS,Performance-Related,Final Release,5.29,4,True,False,False,True,True,True,True,PN-14485,ASM-7308,Quality Assurance,fuel injection system,Non-Conformance Report NCR-01186: Test bench data shows the fuel injection system missing target cycle times; Quality Assurance is submitting a change request against part PN-14485 to restore rated performance. Supplier communication from Meridian Hydraulics Inc. proposes an alternate source for PN-14485 on the hydraulic pump at a 12% cost reduction; Quality Assurance is evaluating a cost-driven engineering change to assembly ASM-7308.
ECN-001076,2025-06-03,6,Jun 2025,PLM,Safety-Critical,Final Release,19.55,1,True,False,False,True,True,True,True,PN-97621,ASM-8756,Field Service,exhaust aftertreatment system,"Field Service Report FSR-01076: Field service report flags a potential failure mode in the exhaust aftertreatment system (assembly ASM-8756, part PN-97621) that could compromise operator safety under high-load conditions; Field Service has requested an urgent design review. Regulatory bulletin requires updated emissions documentation for the engine control module (part PN-97621); Quality Assurance is initiating a compliance-driven engineering change to assembly ASM-8756. This item is currently pending review by the change control board."
ECN-000737,2025-04-30,4,Apr 2025,MMS,Cost-Driven,Manufacturing,20.55,2,False,False,False,True,True,False,True,PN-91965,ASM-8314,Structural Engineering,engine control module,"Maintenance Log #00737: Procurement flags rising cost of PN-91965 used in the engine control module; Structural Engineering requests a cost-driven change to qualify a second source for assembly ASM-8314. Engineering comment: track undercarriage (part PN-91965, assembly ASM-8314) is underperforming relative to spec by ~8%; Manufacturing Engineering proposes a performance tuning change to improve efficiency."
ECN-000437,2025-03-06,3,Mar 2025,ERP,Regulatory Compliance,Final Release,7.58,4,True,False,False,True,True,True,True,PN-20515,ASM-3393,Powertrain Engineering,alternator,Supplier Communication SC-00437: Regulatory bulletin requires updated emissions documentation for the alternator (part PN-20515); Powertrain Engineering is initiating a compliance-driven engineering change to assembly ASM-3393. A follow-up review is scheduled for the next engineering change meeting.
ECN-000555,2025-03-05,3,Mar 2025,ECN Database,Customer-Requested,Design Review,10.26,4,True,False,True,True,True,True,True,PN-17347,ASM-6533,Powertrain Engineering,hydraulic pump,"Engineering Comment EC-00555: Supplier communication forwards a customer complaint about PN-17347 wear rate on the hydraulic pump; Powertrain Engineering is preparing a customer-driven revision to assembly ASM-6533. Engineering comment: steering valve block (part PN-17347, assembly ASM-6533) is underperforming relative to spec by ~8%; Electrical Systems proposes a performance tuning change to improve efficiency."
ECN-001080,2025-06-07,6,Jun 2025,MMS,Performance-Related,Manufacturing,12.25,8,False,False,False,True,True,True,True,PN-38020,ASM-4129,Manufacturing Engineering,cab HVAC unit,Maintenance Log #01080: Field service report notes reduced output from the cab HVAC unit; Manufacturing Engineering traces the root cause to part PN-38020 tolerance drift and requests a performance-related revision to assembly ASM-4129.
ECN-001062,2025-06-10,6,Jun 2025,ECN Database,Safety-Critical,Quality Approval,5.53,4,True,False,False,True,True,True,True,PN-48173,ASM-8037,Structural Engineering,cooling fan clutch,"Supplier Communication SC-01062: Field service report flags a potential failure mode in the cooling fan clutch (assembly ASM-8037, part PN-48173) that could compromise operator safety under high-load conditions; Structural Engineering has requested an urgent design review. Cross-functional stakeholders have been notified for input."
ECN-000351,2025-02-11,2,Feb 2025,Supplier Portal,Cost-Driven,Final Release,6.96,2,True,False,False,True,True,False,False,PN-37112,ASM-8474,Electrical Systems,cooling fan clutch,Supplier Communication SC-00351: Engineering comment: value-engineering review of the cooling fan clutch identifies part PN-37112 as a candidate for redesign to reduce unit cost; Electrical Systems to submit change request. Additional supporting documentation has been attached to the ECN record.
ECN-000197,2025-01-03,1,Jan 2025,Supplier Portal,Cost-Driven,Manufacturing,25.83,6,True,False,False,True,False,False,True,PN-78202,ASM-8239,Quality Assurance,final drive assembly,Supplier Communication SC-00197: Supplier communication from Apex Sensor Technologies proposes an alternate source for PN-78202 on the final drive assembly at a 12% cost reduction; Quality Assurance is evaluating a cost-driven engineering change to assembly ASM-8239.
ECN-000465,2025-03-08,3,Mar 2025,ERP,Safety-Critical,Final Release,21.57,4,True,False,False,True,True,True,True,PN-73944,ASM-7476,Electrical Systems,cab HVAC unit,Engineering Comment EC-00465: Maintenance log entry: repeated overheating observed on cab HVAC unit (part PN-73944) across three units in the field; escalated to Electrical Systems as a safety-critical change request.
ECN-000589,2025-03-30,3,Mar 2025,MMS,Performance-Related,Design Review,19.48,11,True,True,False,True,True,True,True,PN-68776,ASM-9845,Quality Assurance,fuel injection system,"Supplier Communication SC-00589: Engineering comment: fuel injection system (part PN-68776, assembly ASM-9845) is underperforming relative to spec by ~8%; Quality Assurance proposes a performance tuning change to improve efficiency. This item is currently pending review by the change control board."
ECN-000006,2025-01-20,1,Jan 2025,ECN Database,Customer-Requested,Manufacturing,10.29,4,False,False,False,False,False,True,False,PN-58520,ASM-6820,Manufacturing Engineering,cab HVAC unit,Maintenance Log #00006: Customer feedback log: fleet operator requests an enhancement to the cab HVAC unit (part PN-58520) for improved serviceability; Manufacturing Engineering is drafting a customer-requested change to assembly ASM-6820.
ECN-000311,2025-02-13,2,Feb 2025,Supplier Portal,Regulatory Compliance,Quality Approval,30.08,6,False,False,False,True,True,False,False,PN-43801,ASM-6238,Quality Assurance,boom cylinder,Engineering Comment EC-00311: Supplier communication from Vantage Electronics indicates a material certification gap on PN-43801; Quality Assurance requests a compliance change to the boom cylinder. The change request has been logged in the PLM system for tracking.
ECN-000662,2025-04-14,4,Apr 2025,PLM,Cost-Driven,Final Release,12.71,7,True,True,False,True,True,True,True,PN-29826,ASM-8208,Manufacturing Engineering,final drive assembly,"Supplier Communication SC-00662: Supplier communication from Northgate Castings proposes an alternate source for PN-29826 on the final drive assembly at a 12% cost reduction; Manufacturing Engineering is evaluating a cost-driven engineering change to assembly ASM-8208. Engineering comment: final drive assembly (part PN-29826, assembly ASM-8208) is underperforming relative to spec by ~8%; Powertrain Engineering proposes a performance tuning change to improve efficiency. Impact assessment on related assemblies is still in progress."
ECN-000405,2025-03-10,3,Mar 2025,ERP,Performance-Related,Quality Approval,23.14,5,True,False,False,True,True,True,True,PN-17531,ASM-3871,Field Service,transmission control unit,Engineering Comment EC-00405: Test bench data shows the transmission control unit missing target cycle times; Field Service is submitting a change request against part PN-17531 to restore rated performance. Impact assessment on related assemblies is still in progress.
ECN-001196,2025-06-29,6,Jun 2025,MMS,Customer-Requested,Final Release,7.67,5,True,False,False,True,False,True,True,PN-61249,ASM-4168,Quality Assurance,track undercarriage,Non-Conformance Report NCR-01196: Customer feedback log: fleet operator requests an enhancement to the track undercarriage (part PN-61249) for improved serviceability; Quality Assurance is drafting a customer-requested change to assembly ASM-4168. Cross-functional stakeholders have been notified for input.
ECN-001044,2025-06-24,6,Jun 2025,ERP,Cost-Driven,Design Review,10.69,2,True,False,False,True,True,True,True,PN-27933,ASM-5562,Field Service,cab HVAC unit,Maintenance Log #01044: Procurement flags rising cost of PN-27933 used in the cab HVAC unit; Field Service requests a cost-driven change to qualify a second source for assembly ASM-5562.
ECN-001058,2025-06-13,6,Jun 2025,MMS,Cost-Driven,Manufacturing,13.51,2,True,False,False,True,True,True,True,PN-11787,ASM-1591,Electrical Systems,boom cylinder,Engineering Comment EC-01058: Supplier communication from Continental Driveline Systems proposes an alternate source for PN-11787 on the boom cylinder at a 12% cost reduction; Electrical Systems is evaluating a cost-driven engineering change to assembly ASM-1591.
ECN-000105,2025-01-05,1,Jan 2025,ECN Database,Cost-Driven,Quality Approval,27.07,6,True,False,True,True,True,True,True,PN-11947,ASM-6869,Powertrain Engineering,engine control module,Maintenance Log #00105: Supplier communication from Continental Driveline Systems proposes an alternate source for PN-11947 on the engine control module at a 12% cost reduction; Powertrain Engineering is evaluating a cost-driven engineering change to assembly ASM-6869. Cross-functional stakeholders have been notified for input.
ECN-000537,2025-03-02,3,Mar 2025,ERP,Performance-Related,Manufacturing,14.72,2,True,False,True,True,True,True,True,PN-37637,ASM-6653,Structural Engineering,boom cylinder,"Maintenance Log #00537: Engineering comment: boom cylinder (part PN-37637, assembly ASM-6653) is underperforming relative to spec by ~8%; Structural Engineering proposes a performance tuning change to improve efficiency."
ECN-000606,2025-04-23,4,Apr 2025,ERP,Customer-Requested,Design Review,23.24,2,True,False,True,True,True,True,True,PN-32571,ASM-5991,Electrical Systems,exhaust aftertreatment system,Non-Conformance Report NCR-00606: Customer feedback log: fleet operator requests an enhancement to the exhaust aftertreatment system (part PN-32571) for improved serviceability; Electrical Systems is drafting a customer-requested change to assembly ASM-5991. Additional supporting documentation has been attached to the ECN record.
ECN-000063,2025-01-23,1,Jan 2025,MMS,Cost-Driven,Manufacturing,6.34,7,True,False,False,True,True,True,True,PN-79588,ASM-6632,Structural Engineering,fuel injection system,Field Service Report FSR-00063: Engineering comment: value-engineering review of the fuel injection system identifies part PN-79588 as a candidate for redesign to reduce unit cost; Structural Engineering to submit change request.
ECN-000282,2025-02-11,2,Feb 2025,MMS,Cost-Driven,Design Review,10.76,4,False,True,True,False,False,False,True,PN-69343,ASM-5455,Manufacturing Engineering,track undercarriage,"Supplier Communication SC-00282: Supplier communication from Apex Sensor Technologies proposes an alternate source for PN-69343 on the track undercarriage at a 12% cost reduction; Manufacturing Engineering is evaluating a cost-driven engineering change to assembly ASM-5455. Engineering comment: exhaust aftertreatment system (part PN-69343, assembly ASM-5455) is underperforming relative to spec by ~8%; Hydraulics Engineering proposes a performance tuning change to improve efficiency. The change request has been logged in the PLM system for tracking."
ECN-001056,2025-06-25,6,Jun 2025,ECN Database,Cost-Driven,Design Review,12.52,6,True,True,False,True,True,True,True,PN-89293,ASM-9843,Manufacturing Engineering,engine control module,Maintenance Log #01056: Supplier communication from Continental Driveline Systems proposes an alternate source for PN-89293 on the engine control module at a 12% cost reduction; Manufacturing Engineering is evaluating a cost-driven engineering change to assembly ASM-9843. The change request has been logged in the PLM system for tracking.
ECN-000239,2025-02-27,2,Feb 2025,ECN Database,Customer-Requested,Quality Approval,19.41,3,True,False,False,True,True,True,True,PN-73277,ASM-2712,Manufacturing Engineering,final drive assembly,Maintenance Log #00239: Field service report: customer has asked for a configuration change to the final drive assembly to support a new attachment; Manufacturing Engineering opens a customer-requested engineering change against part PN-73277.
ECN-000224,2025-02-11,2,Feb 2025,Supplier Portal,Cost-Driven,Design Review,21.97,2,True,True,False,True,True,True,True,PN-53480,ASM-7288,Regulatory Affairs,boom cylinder,Maintenance Log #00224: Procurement flags rising cost of PN-53480 used in the boom cylinder; Regulatory Affairs requests a cost-driven change to qualify a second source for assembly ASM-7288. Test bench data shows the alternator missing target cycle times; Manufacturing Engineering is submitting a change request against part PN-53480 to restore rated performance. Additional supporting documentation has been attached to the ECN record.
ECN-000146,2025-01-17,1,Jan 2025,Supplier Portal,Performance-Related,Design Review,16.21,5,True,False,True,True,True,True,True,PN-97080,ASM-2402,Regulatory Affairs,boom cylinder,Engineering Comment EC-00146: Test bench data shows the boom cylinder missing target cycle times; Regulatory Affairs is submitting a change request against part PN-97080 to restore rated performance. A follow-up review is scheduled for the next engineering change meeting.
ECN-001119,2025-06-22,6,Jun 2025,CAD,Safety-Critical,Quality Approval,12.7,4,True,True,False,True,True,True,True,PN-46016,ASM-4042,Supplier Quality,cab HVAC unit,Non-Conformance Report NCR-01119: Non-conformance report: PN-46016 on the cab HVAC unit exhibited a crack during fatigue testing. Supplier Quality recommends immediate containment and a safety-critical engineering change to assembly ASM-4042. The change request has been logged in the PLM system for tracking.
ECN-000374,2025-02-03,2,Feb 2025,CAD,Safety-Critical,Design Review,17.47,4,True,True,True,True,True,True,True,PN-56884,ASM-9238,Powertrain Engineering,exhaust aftertreatment system,"Engineering Comment EC-00374: Field service report flags a potential failure mode in the exhaust aftertreatment system (assembly ASM-9238, part PN-56884) that could compromise operator safety under high-load conditions; Powertrain Engineering has requested an urgent design review."
ECN-000119,2025-01-25,1,Jan 2025,CAD,Regulatory Compliance,Quality Approval,15.83,9,True,True,True,True,False,True,True,PN-88554,ASM-1897,Supplier Quality,hydraulic pump,Non-Conformance Report NCR-00119: Regulatory bulletin requires updated emissions documentation for the hydraulic pump (part PN-88554); Supplier Quality is initiating a compliance-driven engineering change to assembly ASM-1897.
ECN-000803,2025-05-06,5,May 2025,ERP,Customer-Requested,Manufacturing,18.87,2,True,False,False,True,True,True,True,PN-35954,ASM-8970,Quality Assurance,fuel injection system,Non-Conformance Report NCR-00803: Customer feedback log: fleet operator requests an enhancement to the fuel injection system (part PN-35954) for improved serviceability; Quality Assurance is drafting a customer-requested change to assembly ASM-8970. A follow-up review is scheduled for the next engineering change meeting.
ECN-000251,2025-02-26,2,Feb 2025,PLM,Cost-Driven,Quality Approval,25.51,8,True,True,True,True,True,True,False,PN-92938,ASM-8015,Manufacturing Engineering,exhaust aftertreatment system,Non-Conformance Report NCR-00251: Supplier communication from Vantage Electronics proposes an alternate source for PN-92938 on the exhaust aftertreatment system at a 12% cost reduction; Manufacturing Engineering is evaluating a cost-driven engineering change to assembly ASM-8015.
ECN-001157,2025-06-14,6,Jun 2025,CAD,Performance-Related,Manufacturing,5.76,1,False,False,False,True,True,True,True,PN-53741,ASM-6798,Quality Assurance,fuel injection system,Maintenance Log #01157: Test bench data shows the fuel injection system missing target cycle times; Quality Assurance is submitting a change request against part PN-53741 to restore rated performance. Field service report: customer has asked for a configuration change to the exhaust aftertreatment system to support a new attachment; Regulatory Affairs opens a customer-requested engineering change against part PN-53741. The change request has been logged in the PLM system for tracking.
ECN-000010,2025-01-20,1,Jan 2025,PLM,Regulatory Compliance,Design Review,17.68,3,False,False,False,True,True,True,True,PN-21915,ASM-1771,Electrical Systems,final drive assembly,Supplier Communication SC-00010: Regulatory bulletin requires updated emissions documentation for the final drive assembly (part PN-21915); Electrical Systems is initiating a compliance-driven engineering change to assembly ASM-1771. Impact assessment on related assemblies is still in progress.
ECN-000450,2025-03-01,3,Mar 2025,ERP,Customer-Requested,Manufacturing,9.43,4,True,False,False,True,True,True,True,PN-91785,ASM-5193,Structural Engineering,track undercarriage,Maintenance Log #00450: Customer feedback log: fleet operator requests an enhancement to the track undercarriage (part PN-91785) for improved serviceability; Structural Engineering is drafting a customer-requested change to assembly ASM-5193.
ECN-000874,2025-05-08,5,May 2025,CAD,Regulatory Compliance,Final Release,6.47,7,True,False,False,False,False,True,False,PN-95698,ASM-5216,Hydraulics Engineering,transmission control unit,Supplier Communication SC-00874: Supplier communication from Northgate Castings indicates a material certification gap on PN-95698; Hydraulics Engineering requests a compliance change to the transmission control unit.
ECN-000390,2025-02-20,2,Feb 2025,ECN Database,Customer-Requested,Manufacturing,12.05,5,False,False,False,True,True,True,True,PN-20104,ASM-9430,Quality Assurance,cab HVAC unit,Field Service Report FSR-00390: Supplier communication forwards a customer complaint about PN-20104 wear rate on the cab HVAC unit; Quality Assurance is preparing a customer-driven revision to assembly ASM-9430. Additional supporting documentation has been attached to the ECN record.
ECN-000966,2025-05-19,5,May 2025,ECN Database,Performance-Related,Manufacturing,19.22,1,False,False,False,True,True,True,True,PN-86435,ASM-1016,Manufacturing Engineering,exhaust aftertreatment system,Maintenance Log #00966: Field service report notes reduced output from the exhaust aftertreatment system; Manufacturing Engineering traces the root cause to part PN-86435 tolerance drift and requests a performance-related revision to assembly ASM-1016. This item is currently pending review by the change control board.
ECN-000461,2025-03-30,3,Mar 2025,PLM,Performance-Related,Design Review,4.98,4,True,False,False,True,True,True,True,PN-60010,ASM-2285,Powertrain Engineering,cooling fan clutch,"Supplier Communication SC-00461: Engineering comment: cooling fan clutch (part PN-60010, assembly ASM-2285) is underperforming relative to spec by ~8%; Powertrain Engineering proposes a performance tuning change to improve efficiency. The change request has been logged in the PLM system for tracking."
ECN-001147,2025-06-23,6,Jun 2025,ECN Database,Customer-Requested,Design Review,11.28,3,True,True,False,True,True,True,True,PN-20413,ASM-1917,Electrical Systems,transmission control unit,Non-Conformance Report NCR-01147: Field service report: customer has asked for a configuration change to the transmission control unit to support a new attachment; Electrical Systems opens a customer-requested engineering change against part PN-20413. Cross-functional stakeholders have been notified for input.
ECN-000145,2025-01-20,1,Jan 2025,CAD,Regulatory Compliance,Final Release,5.5,4,True,False,False,True,True,True,True,PN-92831,ASM-9443,Electrical Systems,cab HVAC unit,Maintenance Log #00145: Supplier communication from Meridian Hydraulics Inc. indicates a material certification gap on PN-92831; Electrical Systems requests a compliance change to the cab HVAC unit. The change request has been logged in the PLM system for tracking.
ECN-000502,2025-03-19,3,Mar 2025,ECN Database,Safety-Critical,Manufacturing,9.8,6,True,False,False,True,True,True,True,PN-70616,ASM-7782,Electrical Systems,cab HVAC unit,Non-Conformance Report NCR-00502: Maintenance log entry: repeated overheating observed on cab HVAC unit (part PN-70616) across three units in the field; escalated to Electrical Systems as a safety-critical change request. Supplier communication from Vantage Electronics indicates a material certification gap on PN-70616; Manufacturing Engineering requests a compliance change to the alternator.
ECN-001108,2025-06-14,6,Jun 2025,PLM,Performance-Related,Design Review,2.98,1,True,False,False,True,True,True,True,PN-99954,ASM-8449,Electrical Systems,final drive assembly,"Supplier Communication SC-01108: Engineering comment: final drive assembly (part PN-99954, assembly ASM-8449) is underperforming relative to spec by ~8%; Electrical Systems proposes a performance tuning change to improve efficiency."
ECN-000540,2025-03-11,3,Mar 2025,CAD,Performance-Related,Final Release,12.13,7,False,False,False,True,True,True,True,PN-79637,ASM-6797,Powertrain Engineering,transmission control unit,Field Service Report FSR-00540: Field service report notes reduced output from the transmission control unit; Powertrain Engineering traces the root cause to part PN-79637 tolerance drift and requests a performance-related revision to assembly ASM-6797.
ECN-000178,2025-01-08,1,Jan 2025,ECN Database,Customer-Requested,Manufacturing,32.62,5,True,False,False,True,True,True,True,PN-72205,ASM-5350,Powertrain Engineering,alternator,Engineering Comment EC-00178: Supplier communication forwards a customer complaint about PN-72205 wear rate on the alternator; Powertrain Engineering is preparing a customer-driven revision to assembly ASM-5350.
ECN-001159,2025-06-11,6,Jun 2025,ECN Database,Customer-Requested,Quality Approval,4.41,4,True,False,False,True,True,True,True,PN-90944,ASM-9240,Supplier Quality,alternator,Non-Conformance Report NCR-01159: Field service report: customer has asked for a configuration change to the alternator to support a new attachment; Supplier Quality opens a customer-requested engineering change against part PN-90944. Additional supporting documentation has been attached to the ECN record.
ECN-001051,2025-06-06,6,Jun 2025,MMS,Regulatory Compliance,Design Review,10.5,2,True,False,True,True,True,True,True,PN-47653,ASM-7874,Supplier Quality,engine control module,Maintenance Log #01051: Non-conformance report: PN-47653 on the engine control module does not meet the revised safety standard; Supplier Quality has opened a regulatory compliance change request for assembly ASM-7874.
ECN-000584,2025-03-16,3,Mar 2025,Supplier Portal,Cost-Driven,Design Review,6.77,3,False,False,False,True,True,True,True,PN-78107,ASM-6503,Powertrain Engineering,engine control module,Field Service Report FSR-00584: Engineering comment: value-engineering review of the engine control module identifies part PN-78107 as a candidate for redesign to reduce unit cost; Powertrain Engineering to submit change request.
ECN-001195,2025-06-25,6,Jun 2025,ERP,Cost-Driven,Design Review,13.63,3,True,False,False,True,True,True,True,PN-37361,ASM-2094,Electrical Systems,alternator,Non-Conformance Report NCR-01195: Supplier communication from Apex Sensor Technologies proposes an alternate source for PN-37361 on the alternator at a 12% cost reduction; Electrical Systems is evaluating a cost-driven engineering change to assembly ASM-2094. The change request has been logged in the PLM system for tracking.
ECN-000008,2025-01-05,1,Jan 2025,CAD,Cost-Driven,Design Review,16.12,2,False,True,False,True,True,True,True,PN-51245,ASM-4483,Supplier Quality,engine control module,Supplier Communication SC-00008: Procurement flags rising cost of PN-51245 used in the engine control module; Supplier Quality requests a cost-driven change to qualify a second source for assembly ASM-4483.
ECN-000574,2025-03-31,3,Mar 2025,ERP,Cost-Driven,Design Review,10.55,1,True,True,False,False,True,True,False,PN-74918,ASM-4940,Hydraulics Engineering,cab HVAC unit,Supplier Communication SC-00574: Supplier communication from Northgate Castings proposes an alternate source for PN-74918 on the cab HVAC unit at a 12% cost reduction; Hydraulics Engineering is evaluating a cost-driven engineering change to assembly ASM-4940. Impact assessment on related assemblies is still in progress.
ECN-000843,2025-05-14,5,May 2025,ECN Database,Safety-Critical,Quality Approval,14.41,3,True,False,False,True,True,True,True,PN-45044,ASM-1866,Regulatory Affairs,final drive assembly,Engineering Comment EC-00843: Maintenance log entry: repeated overheating observed on final drive assembly (part PN-45044) across three units in the field; escalated to Regulatory Affairs as a safety-critical change request. Additional supporting documentation has been attached to the ECN record.
ECN-000358,2025-02-21,2,Feb 2025,ERP,Regulatory Compliance,Quality Approval,9.8,3,True,False,False,True,True,True,False,PN-77147,ASM-5897,Regulatory Affairs,final drive assembly,Engineering Comment EC-00358: Supplier communication from Vantage Electronics indicates a material certification gap on PN-77147; Regulatory Affairs requests a compliance change to the final drive assembly. Impact assessment on related assemblies is still in progress.
ECN-000330,2025-02-15,2,Feb 2025,CAD,Performance-Related,Final Release,3.67,4,True,False,False,True,True,True,True,PN-73908,ASM-6449,Quality Assurance,alternator,Maintenance Log #00330: Test bench data shows the alternator missing target cycle times; Quality Assurance is submitting a change request against part PN-73908 to restore rated performance. This item is currently pending review by the change control board.
ECN-000705,2025-04-27,4,Apr 2025,ERP,Performance-Related,Design Review,15.99,5,True,False,True,True,True,True,True,PN-44562,ASM-9172,Electrical Systems,transmission control unit,Supplier Communication SC-00705: Test bench data shows the transmission control unit missing target cycle times; Electrical Systems is submitting a change request against part PN-44562 to restore rated performance. The change request has been logged in the PLM system for tracking.
ECN-000830,2025-05-18,5,May 2025,ECN Database,Safety-Critical,Final Release,9.95,1,True,False,False,True,True,True,True,PN-82883,ASM-9788,Powertrain Engineering,alternator,Engineering Comment EC-00830: Maintenance log entry: repeated overheating observed on alternator (part PN-82883) across three units in the field; escalated to Powertrain Engineering as a safety-critical change request.
ECN-000259,2025-02-02,2,Feb 2025,MMS,Performance-Related,Final Release,6.38,0,True,False,False,True,True,True,True,PN-45916,ASM-2529,Field Service,final drive assembly,Non-Conformance Report NCR-00259: Test bench data shows the final drive assembly missing target cycle times; Field Service is submitting a change request against part PN-45916 to restore rated performance. Impact assessment on related assemblies is still in progress.
ECN-000891,2025-05-07,5,May 2025,ERP,Performance-Related,Final Release,7.25,4,True,True,False,True,True,True,True,PN-70344,ASM-3361,Quality Assurance,fuel injection system,Non-Conformance Report NCR-00891: Test bench data shows the fuel injection system missing target cycle times; Quality Assurance is submitting a change request against part PN-70344 to restore rated performance.
ECN-000834,2025-05-08,5,May 2025,PLM,Performance-Related,Quality Approval,14.26,2,True,False,False,True,True,True,True,PN-80544,ASM-9365,Manufacturing Engineering,transmission control unit,"Maintenance Log #00834: Engineering comment: transmission control unit (part PN-80544, assembly ASM-9365) is underperforming relative to spec by ~8%; Manufacturing Engineering proposes a performance tuning change to improve efficiency."
ECN-001188,2025-06-15,6,Jun 2025,ECN Database,Customer-Requested,Final Release,12.21,7,False,False,False,True,True,True,True,PN-54204,ASM-4052,Electrical Systems,steering valve block,Engineering Comment EC-01188: Field service report: customer has asked for a configuration change to the steering valve block to support a new attachment; Electrical Systems opens a customer-requested engineering change against part PN-54204.
ECN-000905,2025-05-03,5,May 2025,CAD,Performance-Related,Quality Approval,14.08,5,True,False,False,True,True,True,True,PN-21425,ASM-9174,Field Service,final drive assembly,"Non-Conformance Report NCR-00905: Engineering comment: final drive assembly (part PN-21425, assembly ASM-9174) is underperforming relative to spec by ~8%; Field Service proposes a performance tuning change to improve efficiency. Cross-functional stakeholders have been notified for input."
ECN-000526,2025-03-10,3,Mar 2025,ECN Database,Cost-Driven,Design Review,8.74,4,False,False,False,False,False,True,True,PN-81449,ASM-4460,Regulatory Affairs,track undercarriage,"Non-Conformance Report NCR-00526: Procurement flags rising cost of PN-81449 used in the track undercarriage; Regulatory Affairs requests a cost-driven change to qualify a second source for assembly ASM-4460. Engineering comment: transmission control unit (part PN-81449, assembly ASM-4460) is underperforming relative to spec by ~8%; Regulatory Affairs proposes a performance tuning change to improve efficiency."
ECN-000814,2025-05-26,5,May 2025,ERP,Customer-Requested,Final Release,5.18,4,True,True,False,True,True,True,True,PN-59415,ASM-7252,Hydraulics Engineering,exhaust aftertreatment system,Supplier Communication SC-00814: Supplier communication forwards a customer complaint about PN-59415 wear rate on the exhaust aftertreatment system; Hydraulics Engineering is preparing a customer-driven revision to assembly ASM-7252.
ECN-000732,2025-04-28,4,Apr 2025,CAD,Cost-Driven,Quality Approval,18.83,2,True,False,True,True,True,True,True,PN-45956,ASM-4143,Supplier Quality,exhaust aftertreatment system,Maintenance Log #00732: Procurement flags rising cost of PN-45956 used in the exhaust aftertreatment system; Supplier Quality requests a cost-driven change to qualify a second source for assembly ASM-4143. Supplier communication forwards a customer complaint about PN-45956 wear rate on the transmission control unit; Structural Engineering is preparing a customer-driven revision to assembly ASM-4143.
ECN-001032,2025-06-20,6,Jun 2025,CAD,Regulatory Compliance,Final Release,7.36,3,True,False,True,True,True,True,True,PN-26420,ASM-9808,Supplier Quality,track undercarriage,Non-Conformance Report NCR-01032: Regulatory bulletin requires updated emissions documentation for the track undercarriage (part PN-26420); Supplier Quality is initiating a compliance-driven engineering change to assembly ASM-9808. A follow-up review is scheduled for the next engineering change meeting.
ECN-001141,2025-06-20,6,Jun 2025,CAD,Customer-Requested,Final Release,7.4,3,True,False,False,True,True,True,True,PN-67653,ASM-5831,Field Service,exhaust aftertreatment system,Non-Conformance Report NCR-01141: Customer feedback log: fleet operator requests an enhancement to the exhaust aftertreatment system (part PN-67653) for improved serviceability; Field Service is drafting a customer-requested change to assembly ASM-5831.
ECN-000441,2025-03-26,3,Mar 2025,ECN Database,Customer-Requested,Quality Approval,19.59,5,True,False,False,True,True,True,True,PN-92956,ASM-8113,Hydraulics Engineering,boom cylinder,Engineering Comment EC-00441: Field service report: customer has asked for a configuration change to the boom cylinder to support a new attachment; Hydraulics Engineering opens a customer-requested engineering change against part PN-92956. Procurement flags rising cost of PN-92956 used in the engine control module; Regulatory Affairs requests a cost-driven change to qualify a second source for assembly ASM-8113. This item is currently pending review by the change control board.
ECN-000532,2025-03-19,3,Mar 2025,ECN Database,Customer-Requested,Manufacturing,11.61,4,True,False,False,True,False,False,True,PN-16917,ASM-6628,Field Service,transmission control unit,Supplier Communication SC-00532: Supplier communication forwards a customer complaint about PN-16917 wear rate on the transmission control unit; Field Service is preparing a customer-driven revision to assembly ASM-6628. A follow-up review is scheduled for the next engineering change meeting.
ECN-000960,2025-05-22,5,May 2025,PLM,Cost-Driven,Design Review,7.3,4,True,False,False,True,True,True,True,PN-87863,ASM-5520,Regulatory Affairs,boom cylinder,Maintenance Log #00960: Procurement flags rising cost of PN-87863 used in the boom cylinder; Regulatory Affairs requests a cost-driven change to qualify a second source for assembly ASM-5520.
ECN-000229,2025-02-19,2,Feb 2025,Supplier Portal,Cost-Driven,Final Release,6.63,5,True,False,False,True,False,True,False,PN-60829,ASM-2387,Field Service,hydraulic pump,Non-Conformance Report NCR-00229: Procurement flags rising cost of PN-60829 used in the hydraulic pump; Field Service requests a cost-driven change to qualify a second source for assembly ASM-2387.
ECN-001041,2025-06-20,6,Jun 2025,PLM,Regulatory Compliance,Design Review,7.12,3,False,False,False,True,True,True,True,PN-22579,ASM-4388,Field Service,boom cylinder,Maintenance Log #01041: Supplier communication from Continental Driveline Systems indicates a material certification gap on PN-22579; Field Service requests a compliance change to the boom cylinder.
ECN-000213,2025-02-25,2,Feb 2025,CAD,Customer-Requested,Final Release,16.5,4,True,True,False,True,True,True,True,PN-44283,ASM-6892,Manufacturing Engineering,transmission control unit,Supplier Communication SC-00213: Supplier communication forwards a customer complaint about PN-44283 wear rate on the transmission control unit; Manufacturing Engineering is preparing a customer-driven revision to assembly ASM-6892. Impact assessment on related assemblies is still in progress.
ECN-000080,2025-01-17,1,Jan 2025,ECN Database,Cost-Driven,Design Review,13.92,2,True,False,False,False,False,False,False,PN-48254,ASM-9337,Quality Assurance,steering valve block,Engineering Comment EC-00080: Procurement flags rising cost of PN-48254 used in the steering valve block; Quality Assurance requests a cost-driven change to qualify a second source for assembly ASM-9337. Field service report: customer has asked for a configuration change to the boom cylinder to support a new attachment; Structural Engineering opens a customer-requested engineering change against part PN-48254. Additional supporting documentation has been attached to the ECN record.
ECN-000149,2025-01-13,1,Jan 2025,Supplier Portal,Regulatory Compliance,Manufacturing,15.48,5,False,False,False,True,True,True,True,PN-36422,ASM-1717,Powertrain Engineering,cab HVAC unit,Engineering Comment EC-00149: Regulatory bulletin requires updated emissions documentation for the cab HVAC unit (part PN-36422); Powertrain Engineering is initiating a compliance-driven engineering change to assembly ASM-1717. Cross-functional stakeholders have been notified for input.
ECN-000592,2025-03-26,3,Mar 2025,CAD,Performance-Related,Final Release,7.96,3,True,False,True,False,False,False,False,PN-52777,ASM-1901,Manufacturing Engineering,cab HVAC unit,Non-Conformance Report NCR-00592: Test bench data shows the cab HVAC unit missing target cycle times; Manufacturing Engineering is submitting a change request against part PN-52777 to restore rated performance.
ECN-000708,2025-04-10,4,Apr 2025,CAD,Safety-Critical,Final Release,9.45,3,False,False,False,True,True,True,True,PN-84942,ASM-5744,Hydraulics Engineering,engine control module,"Field Service Report FSR-00708: Field service report flags a potential failure mode in the engine control module (assembly ASM-5744, part PN-84942) that could compromise operator safety under high-load conditions; Hydraulics Engineering has requested an urgent design review. Cross-functional stakeholders have been notified for input."
ECN-000590,2025-03-16,3,Mar 2025,CAD,Cost-Driven,Quality Approval,20.03,5,True,False,False,True,True,True,True,PN-30454,ASM-1070,Structural Engineering,final drive assembly,Field Service Report FSR-00590: Procurement flags rising cost of PN-30454 used in the final drive assembly; Structural Engineering requests a cost-driven change to qualify a second source for assembly ASM-1070.
ECN-000134,2025-01-03,1,Jan 2025,CAD,Performance-Related,Quality Approval,40.63,5,False,False,False,True,False,False,False,PN-57425,ASM-1298,Regulatory Affairs,steering valve block,Non-Conformance Report NCR-00134: Field service report notes reduced output from the steering valve block; Regulatory Affairs traces the root cause to part PN-57425 tolerance drift and requests a performance-related revision to assembly ASM-1298. Engineering comment: value-engineering review of the cab HVAC unit identifies part PN-57425 as a candidate for redesign to reduce unit cost; Supplier Quality to submit change request.
ECN-000782,2025-04-08,4,Apr 2025,PLM,Performance-Related,Design Review,11.88,6,True,False,True,False,True,False,False,PN-25834,ASM-4807,Regulatory Affairs,transmission control unit,"Supplier Communication SC-00782: Engineering comment: transmission control unit (part PN-25834, assembly ASM-4807) is underperforming relative to spec by ~8%; Regulatory Affairs proposes a performance tuning change to improve efficiency. Customer feedback log: fleet operator requests an enhancement to the hydraulic pump (part PN-25834) for improved serviceability; Regulatory Affairs is drafting a customer-requested change to assembly ASM-4807. Additional supporting documentation has been attached to the ECN record."
ECN-000409,2025-03-19,3,Mar 2025,MMS,Cost-Driven,Design Review,15.49,3,True,False,False,True,True,True,True,PN-23954,ASM-2185,Regulatory Affairs,final drive assembly,Supplier Communication SC-00409: Procurement flags rising cost of PN-23954 used in the final drive assembly; Regulatory Affairs requests a cost-driven change to qualify a second source for assembly ASM-2185. Test bench data shows the cooling fan clutch missing target cycle times; Electrical Systems is submitting a change request against part PN-23954 to restore rated performance. The change request has been logged in the PLM system for tracking.
ECN-000970,2025-05-29,5,May 2025,MMS,Customer-Requested,Final Release,15.9,7,True,False,True,True,True,True,True,PN-42029,ASM-8056,Structural Engineering,fuel injection system,"Engineering Comment EC-00970: Field service report: customer has asked for a configuration change to the fuel injection system to support a new attachment; Structural Engineering opens a customer-requested engineering change against part PN-42029. Engineering comment: track undercarriage (part PN-42029, assembly ASM-8056) is underperforming relative to spec by ~8%; Hydraulics Engineering proposes a performance tuning change to improve efficiency."
ECN-000508,2025-03-01,3,Mar 2025,Supplier Portal,Cost-Driven,Quality Approval,17.67,6,True,False,False,True,True,True,True,PN-71194,ASM-1755,Hydraulics Engineering,steering valve block,Field Service Report FSR-00508: Supplier communication from Apex Sensor Technologies proposes an alternate source for PN-71194 on the steering valve block at a 12% cost reduction; Hydraulics Engineering is evaluating a cost-driven engineering change to assembly ASM-1755.
ECN-000877,2025-05-03,5,May 2025,ERP,Cost-Driven,Design Review,12.04,6,False,False,False,False,True,True,False,PN-50653,ASM-3669,Field Service,final drive assembly,Non-Conformance Report NCR-00877: Supplier communication from Meridian Hydraulics Inc. proposes an alternate source for PN-50653 on the final drive assembly at a 12% cost reduction; Field Service is evaluating a cost-driven engineering change to assembly ASM-3669.
ECN-000505,2025-03-25,3,Mar 2025,ERP,Performance-Related,Design Review,6.19,0,False,False,False,True,True,True,True,PN-69232,ASM-5958,Supplier Quality,cab HVAC unit,"Maintenance Log #00505: Engineering comment: cab HVAC unit (part PN-69232, assembly ASM-5958) is underperforming relative to spec by ~8%; Supplier Quality proposes a performance tuning change to improve efficiency. Cross-functional stakeholders have been notified for input."
ECN-000719,2025-04-09,4,Apr 2025,PLM,Customer-Requested,Design Review,24.11,1,False,True,False,True,True,False,False,PN-88250,ASM-4874,Supplier Quality,hydraulic pump,Maintenance Log #00719: Field service report: customer has asked for a configuration change to the hydraulic pump to support a new attachment; Supplier Quality opens a customer-requested engineering change against part PN-88250.
ECN-000348,2025-02-27,2,Feb 2025,ERP,Regulatory Compliance,Design Review,12.84,3,True,False,False,False,False,True,True,PN-46458,ASM-1824,Supplier Quality,fuel injection system,Supplier Communication SC-00348: Supplier communication from Apex Sensor Technologies indicates a material certification gap on PN-46458; Supplier Quality requests a compliance change to the fuel injection system.
ECN-000387,2025-02-27,2,Feb 2025,ECN Database,Customer-Requested,Manufacturing,22.83,4,True,True,False,True,True,True,True,PN-95003,ASM-6309,Powertrain Engineering,cab HVAC unit,Field Service Report FSR-00387: Customer feedback log: fleet operator requests an enhancement to the cab HVAC unit (part PN-95003) for improved serviceability; Powertrain Engineering is drafting a customer-requested change to assembly ASM-6309.
ECN-000001,2025-01-01,1,Jan 2025,PLM,Cost-Driven,Final Release,12.33,5,True,False,False,True,True,True,True,PN-46048,ASM-5012,Hydraulics Engineering,steering valve block,Maintenance Log #00001: Supplier communication from Meridian Hydraulics Inc. proposes an alternate source for PN-46048 on the steering valve block at a 12% cost reduction; Hydraulics Engineering is evaluating a cost-driven engineering change to assembly ASM-5012. Test bench data shows the alternator missing target cycle times; Electrical Systems is submitting a change request against part PN-46048 to restore rated performance.
ECN-000361,2025-02-07,2,Feb 2025,Supplier Portal,Performance-Related,Design Review,14.98,3,True,False,False,False,False,False,False,PN-47567,ASM-5105,Field Service,boom cylinder,"Field Service Report FSR-00361: Engineering comment: boom cylinder (part PN-47567, assembly ASM-5105) is underperforming relative to spec by ~8%; Field Service proposes a performance tuning change to improve efficiency."
ECN-001134,2025-06-28,6,Jun 2025,Supplier Portal,Performance-Related,Design Review,7.85,7,True,True,False,True,True,True,True,PN-42094,ASM-8572,Manufacturing Engineering,exhaust aftertreatment system,Supplier Communication SC-01134: Test bench data shows the exhaust aftertreatment system missing target cycle times; Manufacturing Engineering is submitting a change request against part PN-42094 to restore rated performance. This item is currently pending review by the change control board.
ECN-000476,2025-03-21,3,Mar 2025,ERP,Cost-Driven,Design Review,12.06,4,True,False,True,False,False,False,False,PN-91988,ASM-4726,Electrical Systems,track undercarriage,Non-Conformance Report NCR-00476: Engineering comment: value-engineering review of the track undercarriage identifies part PN-91988 as a candidate for redesign to reduce unit cost; Electrical Systems to submit change request. Field service report notes reduced output from the cooling fan clutch; Manufacturing Engineering traces the root cause to part PN-91988 tolerance drift and requests a performance-related revision to assembly ASM-4726.
ECN-000778,2025-04-13,4,Apr 2025,ECN Database,Regulatory Compliance,Final Release,11.27,6,True,False,False,True,True,True,True,PN-16259,ASM-9566,Supplier Quality,transmission control unit,Maintenance Log #00778: Supplier communication from Northgate Castings indicates a material certification gap on PN-16259; Supplier Quality requests a compliance change to the transmission control unit.
ECN-000754,2025-04-06,4,Apr 2025,CAD,Customer-Requested,Design Review,29.89,4,True,False,False,True,True,False,False,PN-95162,ASM-1599,Regulatory Affairs,exhaust aftertreatment system,Engineering Comment EC-00754: Customer feedback log: fleet operator requests an enhancement to the exhaust aftertreatment system (part PN-95162) for improved serviceability; Regulatory Affairs is drafting a customer-requested change to assembly ASM-1599. Field service report notes reduced output from the boom cylinder; Regulatory Affairs traces the root cause to part PN-95162 tolerance drift and requests a performance-related revision to assembly ASM-1599. The change request has been logged in the PLM system for tracking.
ECN-000173,2025-01-25,1,Jan 2025,Supplier Portal,Performance-Related,Quality Approval,21.33,8,True,True,False,True,True,True,True,PN-16705,ASM-4189,Powertrain Engineering,fuel injection system,Supplier Communication SC-00173: Field service report notes reduced output from the fuel injection system; Powertrain Engineering traces the root cause to part PN-16705 tolerance drift and requests a performance-related revision to assembly ASM-4189. A follow-up review is scheduled for the next engineering change meeting.
ECN-000451,2025-03-27,3,Mar 2025,CAD,Cost-Driven,Manufacturing,18.77,8,False,False,False,True,True,True,True,PN-71349,ASM-1994,Structural Engineering,steering valve block,Supplier Communication SC-00451: Engineering comment: value-engineering review of the steering valve block identifies part PN-71349 as a candidate for redesign to reduce unit cost; Structural Engineering to submit change request.
ECN-000126,2025-01-02,1,Jan 2025,CAD,Regulatory Compliance,Quality Approval,34.71,9,True,True,False,True,True,True,True,PN-18950,ASM-8682,Quality Assurance,fuel injection system,Engineering Comment EC-00126: Non-conformance report: PN-18950 on the fuel injection system does not meet the revised safety standard; Quality Assurance has opened a regulatory compliance change request for assembly ASM-8682.
ECN-000931,2025-05-15,5,May 2025,ECN Database,Cost-Driven,Design Review,11.96,4,True,False,False,True,True,True,False,PN-81260,ASM-2290,Powertrain Engineering,final drive assembly,Non-Conformance Report NCR-00931: Procurement flags rising cost of PN-81260 used in the final drive assembly; Powertrain Engineering requests a cost-driven change to qualify a second source for assembly ASM-2290.
ECN-000531,2025-03-22,3,Mar 2025,ECN Database,Performance-Related,Manufacturing,19.84,5,True,True,False,True,False,True,False,PN-21592,ASM-5017,Electrical Systems,engine control module,Maintenance Log #00531: Field service report notes reduced output from the engine control module; Electrical Systems traces the root cause to part PN-21592 tolerance drift and requests a performance-related revision to assembly ASM-5017.
ECN-000091,2025-01-28,1,Jan 2025,CAD,Safety-Critical,Final Release,11.49,5,False,False,False,True,True,False,False,PN-55293,ASM-5901,Hydraulics Engineering,final drive assembly,Supplier Communication SC-00091: Maintenance log entry: repeated overheating observed on final drive assembly (part PN-55293) across three units in the field; escalated to Hydraulics Engineering as a safety-critical change request.
ECN-001162,2025-06-18,6,Jun 2025,Supplier Portal,Performance-Related,Manufacturing,8.26,8,True,False,False,True,True,True,True,PN-87307,ASM-5896,Quality Assurance,track undercarriage,Field Service Report FSR-01162: Test bench data shows the track undercarriage missing target cycle times; Quality Assurance is submitting a change request against part PN-87307 to restore rated performance. Engineering comment: value-engineering review of the boom cylinder identifies part PN-87307 as a candidate for redesign to reduce unit cost; Manufacturing Engineering to submit change request.
ECN-000182,2025-01-23,1,Jan 2025,ERP,Customer-Requested,Final Release,12.74,2,True,False,False,True,False,True,False,PN-83149,ASM-5890,Supplier Quality,boom cylinder,Field Service Report FSR-00182: Customer feedback log: fleet operator requests an enhancement to the boom cylinder (part PN-83149) for improved serviceability; Supplier Quality is drafting a customer-requested change to assembly ASM-5890.
ECN-001027,2025-06-13,6,Jun 2025,ECN Database,Regulatory Compliance,Manufacturing,8.94,5,True,False,False,True,True,True,True,PN-76608,ASM-6636,Manufacturing Engineering,boom cylinder,Non-Conformance Report NCR-01027: Regulatory bulletin requires updated emissions documentation for the boom cylinder (part PN-76608); Manufacturing Engineering is initiating a compliance-driven engineering change to assembly ASM-6636.
ECN-001000,2025-05-20,5,May 2025,Supplier Portal,Cost-Driven,Design Review,14.23,2,True,False,False,True,True,True,True,PN-34921,ASM-4399,Electrical Systems,steering valve block,Field Service Report FSR-01000: Procurement flags rising cost of PN-34921 used in the steering valve block; Electrical Systems requests a cost-driven change to qualify a second source for assembly ASM-4399.
ECN-000252,2025-02-19,2,Feb 2025,CAD,Regulatory Compliance,Quality Approval,18.66,5,True,True,False,True,True,True,True,PN-46842,ASM-9827,Manufacturing Engineering,exhaust aftertreatment system,Field Service Report FSR-00252: Regulatory bulletin requires updated emissions documentation for the exhaust aftertreatment system (part PN-46842); Manufacturing Engineering is initiating a compliance-driven engineering change to assembly ASM-9827.
ECN-000070,2025-01-03,1,Jan 2025,ERP,Regulatory Compliance,Final Release,18.47,4,False,True,False,True,True,True,True,PN-91987,ASM-4457,Hydraulics Engineering,hydraulic pump,Engineering Comment EC-00070: Non-conformance report: PN-91987 on the hydraulic pump does not meet the revised safety standard; Hydraulics Engineering has opened a regulatory compliance change request for assembly ASM-4457. Additional supporting documentation has been attached to the ECN record.
ECN-000132,2025-01-05,1,Jan 2025,Supplier Portal,Customer-Requested,Design Review,9.88,3,True,False,False,True,True,True,True,PN-96980,ASM-3317,Hydraulics Engineering,fuel injection system,Supplier Communication SC-00132: Field service report: customer has asked for a configuration change to the fuel injection system to support a new attachment; Hydraulics Engineering opens a customer-requested engineering change against part PN-96980.
ECN-000301,2025-02-06,2,Feb 2025,MMS,Performance-Related,Quality Approval,7.0,4,False,False,False,True,True,True,True,PN-59197,ASM-2661,Manufacturing Engineering,track undercarriage,Non-Conformance Report NCR-00301: Field service report notes reduced output from the track undercarriage; Manufacturing Engineering traces the root cause to part PN-59197 tolerance drift and requests a performance-related revision to assembly ASM-2661.
ECN-001133,2025-06-21,6,Jun 2025,PLM,Performance-Related,Manufacturing,15.27,2,True,True,False,True,True,True,True,PN-42118,ASM-8268,Structural Engineering,boom cylinder,"Engineering Comment EC-01133: Engineering comment: boom cylinder (part PN-42118, assembly ASM-8268) is underperforming relative to spec by ~8%; Structural Engineering proposes a performance tuning change to improve efficiency."
ECN-000327,2025-02-28,2,Feb 2025,PLM,Regulatory Compliance,Quality Approval,10.12,3,True,False,True,True,True,True,True,PN-50250,ASM-7889,Manufacturing Engineering,boom cylinder,Supplier Communication SC-00327: Non-conformance report: PN-50250 on the boom cylinder does not meet the revised safety standard; Manufacturing Engineering has opened a regulatory compliance change request for assembly ASM-7889.
ECN-001020,2025-06-01,6,Jun 2025,MMS,Performance-Related,Manufacturing,6.54,5,False,False,False,True,True,True,True,PN-50225,ASM-6259,Powertrain Engineering,cooling fan clutch,Supplier Communication SC-01020: Field service report notes reduced output from the cooling fan clutch; Powertrain Engineering traces the root cause to part PN-50225 tolerance drift and requests a performance-related revision to assembly ASM-6259. This item is currently pending review by the change control board.
ECN-000500,2025-03-31,3,Mar 2025,PLM,Cost-Driven,Final Release,32.54,3,True,False,True,True,True,False,False,PN-49358,ASM-9301,Hydraulics Engineering,cooling fan clutch,"Engineering Comment EC-00500: Procurement flags rising cost of PN-49358 used in the cooling fan clutch; Hydraulics Engineering requests a cost-driven change to qualify a second source for assembly ASM-9301. Engineering comment: steering valve block (part PN-49358, assembly ASM-9301) is underperforming relative to spec by ~8%; Manufacturing Engineering proposes a performance tuning change to improve efficiency. A follow-up review is scheduled for the next engineering change meeting."
ECN-000666,2025-04-15,4,Apr 2025,ECN Database,Customer-Requested,Quality Approval,12.64,9,True,False,False,True,True,True,True,PN-30155,ASM-1473,Hydraulics Engineering,exhaust aftertreatment system,Supplier Communication SC-00666: Customer feedback log: fleet operator requests an enhancement to the exhaust aftertreatment system (part PN-30155) for improved serviceability; Hydraulics Engineering is drafting a customer-requested change to assembly ASM-1473.
ECN-000919,2025-05-31,5,May 2025,PLM,Safety-Critical,Quality Approval,16.28,2,True,False,False,True,True,True,True,PN-59487,ASM-4541,Quality Assurance,transmission control unit,Engineering Comment EC-00919: Non-conformance report: PN-59487 on the transmission control unit exhibited a crack during fatigue testing. Quality Assurance recommends immediate containment and a safety-critical engineering change to assembly ASM-4541. Impact assessment on related assemblies is still in progress.
ECN-000496,2025-03-20,3,Mar 2025,CAD,Performance-Related,Design Review,3.53,4,True,False,False,True,True,True,True,PN-73394,ASM-5705,Electrical Systems,exhaust aftertreatment system,Engineering Comment EC-00496: Field service report notes reduced output from the exhaust aftertreatment system; Electrical Systems traces the root cause to part PN-73394 tolerance drift and requests a performance-related revision to assembly ASM-5705. A follow-up review is scheduled for the next engineering change meeting.
ECN-000339,2025-02-03,2,Feb 2025,ECN Database,Performance-Related,Design Review,7.08,2,True,True,False,True,True,True,True,PN-73001,ASM-6416,Structural Engineering,transmission control unit,"Engineering Comment EC-00339: Engineering comment: transmission control unit (part PN-73001, assembly ASM-6416) is underperforming relative to spec by ~8%; Structural Engineering proposes a performance tuning change to improve efficiency. Supplier communication from Continental Driveline Systems proposes an alternate source for PN-73001 on the exhaust aftertreatment system at a 12% cost reduction; Structural Engineering is evaluating a cost-driven engineering change to assembly ASM-6416."
ECN-000964,2025-05-05,5,May 2025,PLM,Safety-Critical,Manufacturing,15.87,7,True,False,False,True,True,True,True,PN-41276,ASM-3789,Structural Engineering,alternator,Supplier Communication SC-00964: Non-conformance report: PN-41276 on the alternator exhibited a crack during fatigue testing. Structural Engineering recommends immediate containment and a safety-critical engineering change to assembly ASM-3789. Cross-functional stakeholders have been notified for input.
ECN-000165,2025-01-05,1,Jan 2025,ERP,Cost-Driven,Final Release,21.15,5,True,False,True,False,False,False,True,PN-79924,ASM-2530,Field Service,steering valve block,Engineering Comment EC-00165: Procurement flags rising cost of PN-79924 used in the steering valve block; Field Service requests a cost-driven change to qualify a second source for assembly ASM-2530.
ECN-000029,2025-01-03,1,Jan 2025,ECN Database,Safety-Critical,Design Review,23.56,1,False,False,False,True,True,True,True,PN-36685,ASM-5325,Supplier Quality,exhaust aftertreatment system,Maintenance Log #00029: Maintenance log entry: repeated overheating observed on exhaust aftertreatment system (part PN-36685) across three units in the field; escalated to Supplier Quality as a safety-critical change request.
ECN-000517,2025-03-15,3,Mar 2025,MMS,Performance-Related,Quality Approval,19.47,3,True,False,False,True,True,True,True,PN-24022,ASM-6339,Hydraulics Engineering,transmission control unit,Engineering Comment EC-00517: Test bench data shows the transmission control unit missing target cycle times; Hydraulics Engineering is submitting a change request against part PN-24022 to restore rated performance.
ECN-000194,2025-01-12,1,Jan 2025,MMS,Customer-Requested,Final Release,8.0,3,True,False,False,False,False,True,False,PN-90560,ASM-4618,Field Service,steering valve block,Engineering Comment EC-00194: Customer feedback log: fleet operator requests an enhancement to the steering valve block (part PN-90560) for improved serviceability; Field Service is drafting a customer-requested change to assembly ASM-4618. The change request has been logged in the PLM system for tracking.
ECN-001104,2025-06-20,6,Jun 2025,MMS,Safety-Critical,Final Release,8.61,2,False,False,False,True,True,True,True,PN-89760,ASM-3918,Powertrain Engineering,cab HVAC unit,"Engineering Comment EC-01104: Field service report flags a potential failure mode in the cab HVAC unit (assembly ASM-3918, part PN-89760) that could compromise operator safety under high-load conditions; Powertrain Engineering has requested an urgent design review. This item is currently pending review by the change control board."
ECN-000170,2025-01-01,1,Jan 2025,PLM,Customer-Requested,Manufacturing,13.74,4,True,True,True,True,True,True,True,PN-30885,ASM-9163,Manufacturing Engineering,alternator,Supplier Communication SC-00170: Supplier communication forwards a customer complaint about PN-30885 wear rate on the alternator; Manufacturing Engineering is preparing a customer-driven revision to assembly ASM-9163.
ECN-001059,2025-06-09,6,Jun 2025,ECN Database,Performance-Related,Quality Approval,2.9,6,False,False,False,False,True,False,True,PN-49513,ASM-1397,Quality Assurance,hydraulic pump,"Maintenance Log #01059: Engineering comment: hydraulic pump (part PN-49513, assembly ASM-1397) is underperforming relative to spec by ~8%; Quality Assurance proposes a performance tuning change to improve efficiency."
ECN-000174,2025-01-07,1,Jan 2025,Supplier Portal,Customer-Requested,Design Review,19.49,4,True,False,True,False,True,False,True,PN-22672,ASM-7453,Hydraulics Engineering,cooling fan clutch,Non-Conformance Report NCR-00174: Field service report: customer has asked for a configuration change to the cooling fan clutch to support a new attachment; Hydraulics Engineering opens a customer-requested engineering change against part PN-22672. Cross-functional stakeholders have been notified for input.
ECN-000519,2025-03-24,3,Mar 2025,ECN Database,Cost-Driven,Final Release,9.85,5,True,False,True,True,True,True,True,PN-84345,ASM-6606,Regulatory Affairs,exhaust aftertreatment system,Maintenance Log #00519: Procurement flags rising cost of PN-84345 used in the exhaust aftertreatment system; Regulatory Affairs requests a cost-driven change to qualify a second source for assembly ASM-6606. Impact assessment on related assemblies is still in progress.
ECN-000969,2025-05-22,5,May 2025,ERP,Customer-Requested,Quality Approval,9.29,1,True,False,False,True,True,True,True,PN-45381,ASM-9508,Structural Engineering,transmission control unit,Non-Conformance Report NCR-00969: Supplier communication forwards a customer complaint about PN-45381 wear rate on the transmission control unit; Structural Engineering is preparing a customer-driven revision to assembly ASM-9508. The change request has been logged in the PLM system for tracking.
ECN-000702,2025-04-19,4,Apr 2025,ECN Database,Performance-Related,Quality Approval,8.97,1,True,False,False,True,True,True,True,PN-85030,ASM-1085,Structural Engineering,engine control module,Engineering Comment EC-00702: Field service report notes reduced output from the engine control module; Structural Engineering traces the root cause to part PN-85030 tolerance drift and requests a performance-related revision to assembly ASM-1085. Impact assessment on related assemblies is still in progress.
ECN-000492,2025-03-08,3,Mar 2025,Supplier Portal,Customer-Requested,Design Review,16.3,1,True,False,False,True,True,True,True,PN-96438,ASM-8794,Supplier Quality,boom cylinder,Maintenance Log #00492: Field service report: customer has asked for a configuration change to the boom cylinder to support a new attachment; Supplier Quality opens a customer-requested engineering change against part PN-96438. A follow-up review is scheduled for the next engineering change meeting.
ECN-000074,2025-01-30,1,Jan 2025,CAD,Performance-Related,Quality Approval,54.83,6,True,True,False,True,True,True,True,PN-89129,ASM-5102,Regulatory Affairs,hydraulic pump,"Supplier Communication SC-00074: Engineering comment: hydraulic pump (part PN-89129, assembly ASM-5102) is underperforming relative to spec by ~8%; Regulatory Affairs proposes a performance tuning change to improve efficiency. Procurement flags rising cost of PN-89129 used in the cooling fan clutch; Powertrain Engineering requests a cost-driven change to qualify a second source for assembly ASM-5102. Impact assessment on related assemblies is still in progress."
ECN-000981,2025-05-27,5,May 2025,PLM,Cost-Driven,Design Review,12.6,4,True,True,False,True,True,True,True,PN-62814,ASM-1097,Regulatory Affairs,hydraulic pump,Supplier Communication SC-00981: Engineering comment: value-engineering review of the hydraulic pump identifies part PN-62814 as a candidate for redesign to reduce unit cost; Regulatory Affairs to submit change request.
ECN-000588,2025-03-22,3,Mar 2025,CAD,Regulatory Compliance,Quality Approval,18.95,6,True,True,False,True,False,False,False,PN-85304,ASM-3072,Powertrain Engineering,engine control module,Maintenance Log #00588: Non-conformance report: PN-85304 on the engine control module does not meet the revised safety standard; Powertrain Engineering has opened a regulatory compliance change request for assembly ASM-3072. A follow-up review is scheduled for the next engineering change meeting.
ECN-000235,2025-02-18,2,Feb 2025,PLM,Customer-Requested,Manufacturing,13.1,3,True,True,False,True,False,True,False,PN-88372,ASM-8851,Hydraulics Engineering,track undercarriage,Supplier Communication SC-00235: Supplier communication forwards a customer complaint about PN-88372 wear rate on the track undercarriage; Hydraulics Engineering is preparing a customer-driven revision to assembly ASM-8851.
ECN-000215,2025-02-24,2,Feb 2025,ECN Database,Cost-Driven,Final Release,17.69,2,True,False,False,True,True,True,True,PN-29976,ASM-4214,Regulatory Affairs,exhaust aftertreatment system,Supplier Communication SC-00215: Engineering comment: value-engineering review of the exhaust aftertreatment system identifies part PN-29976 as a candidate for redesign to reduce unit cost; Regulatory Affairs to submit change request. Field service report notes reduced output from the transmission control unit; Manufacturing Engineering traces the root cause to part PN-29976 tolerance drift and requests a performance-related revision to assembly ASM-4214.
ECN-000947,2025-05-11,5,May 2025,CAD,Customer-Requested,Design Review,7.09,6,False,False,False,True,True,True,True,PN-14850,ASM-9740,Quality Assurance,cooling fan clutch,"Field Service Report FSR-00947: Supplier communication forwards a customer complaint about PN-14850 wear rate on the cooling fan clutch; Quality Assurance is preparing a customer-driven revision to assembly ASM-9740. Engineering comment: cab HVAC unit (part PN-14850, assembly ASM-9740) is underperforming relative to spec by ~8%; Hydraulics Engineering proposes a performance tuning change to improve efficiency."
ECN-000133,2025-01-03,1,Jan 2025,ECN Database,Cost-Driven,Design Review,25.21,3,True,False,True,True,False,True,True,PN-83259,ASM-7171,Hydraulics Engineering,alternator,Engineering Comment EC-00133: Procurement flags rising cost of PN-83259 used in the alternator; Hydraulics Engineering requests a cost-driven change to qualify a second source for assembly ASM-7171.
ECN-001156,2025-06-30,6,Jun 2025,CAD,Safety-Critical,Manufacturing,14.26,2,True,False,False,False,False,False,True,PN-95654,ASM-7830,Electrical Systems,fuel injection system,Supplier Communication SC-01156: Maintenance log entry: repeated overheating observed on fuel injection system (part PN-95654) across three units in the field; escalated to Electrical Systems as a safety-critical change request.
ECN-000733,2025-04-29,4,Apr 2025,ECN Database,Performance-Related,Quality Approval,14.15,3,False,False,False,True,True,True,True,PN-25953,ASM-9491,Regulatory Affairs,track undercarriage,Maintenance Log #00733: Field service report notes reduced output from the track undercarriage; Regulatory Affairs traces the root cause to part PN-25953 tolerance drift and requests a performance-related revision to assembly ASM-9491.
ECN-000941,2025-05-12,5,May 2025,MMS,Cost-Driven,Design Review,9.91,4,True,False,False,True,True,True,True,PN-14424,ASM-9378,Structural Engineering,engine control module,Engineering Comment EC-00941: Engineering comment: value-engineering review of the engine control module identifies part PN-14424 as a candidate for redesign to reduce unit cost; Structural Engineering to submit change request. Impact assessment on related assemblies is still in progress.
ECN-000186,2025-01-14,1,Jan 2025,ECN Database,Cost-Driven,Final Release,4.47,1,False,False,False,True,True,True,True,PN-16880,ASM-2641,Supplier Quality,transmission control unit,Non-Conformance Report NCR-00186: Engineering comment: value-engineering review of the transmission control unit identifies part PN-16880 as a candidate for redesign to reduce unit cost; Supplier Quality to submit change request. Customer feedback log: fleet operator requests an enhancement to the steering valve block (part PN-16880) for improved serviceability; Quality Assurance is drafting a customer-requested change to assembly ASM-2641.
ECN-000042,2025-01-22,1,Jan 2025,PLM,Customer-Requested,Quality Approval,28.54,7,True,False,False,True,False,True,False,PN-10053,ASM-5978,Regulatory Affairs,cooling fan clutch,Non-Conformance Report NCR-00042: Field service report: customer has asked for a configuration change to the cooling fan clutch to support a new attachment; Regulatory Affairs opens a customer-requested engineering change against part PN-10053. Engineering comment: value-engineering review of the cab HVAC unit identifies part PN-10053 as a candidate for redesign to reduce unit cost; Structural Engineering to submit change request.
ECN-000109,2025-01-26,1,Jan 2025,ECN Database,Safety-Critical,Quality Approval,14.93,12,True,False,True,True,False,False,False,PN-88301,ASM-9692,Manufacturing Engineering,transmission control unit,Maintenance Log #00109: Non-conformance report: PN-88301 on the transmission control unit exhibited a crack during fatigue testing. Manufacturing Engineering recommends immediate containment and a safety-critical engineering change to assembly ASM-9692.
ECN-000849,2025-05-13,5,May 2025,ERP,Cost-Driven,Final Release,11.24,3,True,False,False,True,True,True,True,PN-25448,ASM-5752,Supplier Quality,fuel injection system,Engineering Comment EC-00849: Engineering comment: value-engineering review of the fuel injection system identifies part PN-25448 as a candidate for redesign to reduce unit cost; Supplier Quality to submit change request. This item is currently pending review by the change control board.
ECN-000569,2025-03-07,3,Mar 2025,CAD,Customer-Requested,Design Review,9.47,8,False,False,False,True,True,True,True,PN-58953,ASM-3234,Quality Assurance,cab HVAC unit,Field Service Report FSR-00569: Field service report: customer has asked for a configuration change to the cab HVAC unit to support a new attachment; Quality Assurance opens a customer-requested engineering change against part PN-58953.
ECN-000651,2025-04-08,4,Apr 2025,PLM,Cost-Driven,Manufacturing,15.52,4,True,False,False,True,True,True,True,PN-36039,ASM-2382,Manufacturing Engineering,steering valve block,Engineering Comment EC-00651: Engineering comment: value-engineering review of the steering valve block identifies part PN-36039 as a candidate for redesign to reduce unit cost; Manufacturing Engineering to submit change request. The change request has been logged in the PLM system for tracking.
ECN-001001,2025-06-04,6,Jun 2025,PLM,Performance-Related,Final Release,10.27,5,True,False,False,True,True,True,True,PN-66034,ASM-7162,Hydraulics Engineering,final drive assembly,"Field Service Report FSR-01001: Engineering comment: final drive assembly (part PN-66034, assembly ASM-7162) is underperforming relative to spec by ~8%; Hydraulics Engineering proposes a performance tuning change to improve efficiency. A follow-up review is scheduled for the next engineering change meeting."
ECN-001166,2025-06-19,6,Jun 2025,PLM,Safety-Critical,Quality Approval,8.66,3,True,False,False,True,True,True,True,PN-52869,ASM-9827,Powertrain Engineering,track undercarriage,Maintenance Log #01166: Non-conformance report: PN-52869 on the track undercarriage exhibited a crack during fatigue testing. Powertrain Engineering recommends immediate containment and a safety-critical engineering change to assembly ASM-9827. This item is currently pending review by the change control board.
ECN-000484,2025-03-15,3,Mar 2025,ERP,Customer-Requested,Final Release,14.33,4,True,False,False,True,True,True,True,PN-48165,ASM-8201,Powertrain Engineering,transmission control unit,Field Service Report FSR-00484: Field service report: customer has asked for a configuration change to the transmission control unit to support a new attachment; Powertrain Engineering opens a customer-requested engineering change against part PN-48165.
ECN-000469,2025-03-11,3,Mar 2025,ERP,Regulatory Compliance,Final Release,8.82,4,True,False,False,True,False,False,False,PN-11800,ASM-6624,Quality Assurance,boom cylinder,Maintenance Log #00469: Supplier communication from Apex Sensor Technologies indicates a material certification gap on PN-11800; Quality Assurance requests a compliance change to the boom cylinder. The change request has been logged in the PLM system for tracking.
ECN-000025,2025-01-08,1,Jan 2025,CAD,Cost-Driven,Quality Approval,29.66,11,False,False,False,True,True,True,True,PN-96163,ASM-9565,Hydraulics Engineering,hydraulic pump,Field Service Report FSR-00025: Engineering comment: value-engineering review of the hydraulic pump identifies part PN-96163 as a candidate for redesign to reduce unit cost; Hydraulics Engineering to submit change request. Impact assessment on related assemblies is still in progress.
ECN-000661,2025-04-11,4,Apr 2025,MMS,Cost-Driven,Design Review,14.56,3,True,False,False,False,False,True,False,PN-47083,ASM-5312,Manufacturing Engineering,alternator,Engineering Comment EC-00661: Procurement flags rising cost of PN-47083 used in the alternator; Manufacturing Engineering requests a cost-driven change to qualify a second source for assembly ASM-5312.
ECN-000680,2025-04-07,4,Apr 2025,PLM,Customer-Requested,Quality Approval,12.16,1,True,False,False,True,True,True,True,PN-95162,ASM-4961,Structural Engineering,boom cylinder,Engineering Comment EC-00680: Field service report: customer has asked for a configuration change to the boom cylinder to support a new attachment; Structural Engineering opens a customer-requested engineering change against part PN-95162.
ECN-000753,2025-04-16,4,Apr 2025,CAD,Regulatory Compliance,Quality Approval,19.81,6,True,False,False,True,True,True,True,PN-52182,ASM-7125,Structural Engineering,transmission control unit,Supplier Communication SC-00753: Supplier communication from Continental Driveline Systems indicates a material certification gap on PN-52182; Structural Engineering requests a compliance change to the transmission control unit.
ECN-000994,2025-05-28,5,May 2025,ECN Database,Safety-Critical,Design Review,6.64,3,True,False,False,True,True,True,True,PN-52477,ASM-6703,Field Service,transmission control unit,Maintenance Log #00994: Maintenance log entry: repeated overheating observed on transmission control unit (part PN-52477) across three units in the field; escalated to Field Service as a safety-critical change request. This item is currently pending review by the change control board.
ECN-000367,2025-02-17,2,Feb 2025,MMS,Cost-Driven,Manufacturing,20.34,4,False,False,True,True,True,True,True,PN-81182,ASM-9798,Quality Assurance,transmission control unit,"Engineering Comment EC-00367: Engineering comment: value-engineering review of the transmission control unit identifies part PN-81182 as a candidate for redesign to reduce unit cost; Quality Assurance to submit change request. Engineering comment: steering valve block (part PN-81182, assembly ASM-9798) is underperforming relative to spec by ~8%; Manufacturing Engineering proposes a performance tuning change to improve efficiency. Additional supporting documentation has been attached to the ECN record."
ECN-000840,2025-05-31,5,May 2025,PLM,Cost-Driven,Quality Approval,9.99,2,True,False,True,True,True,True,True,PN-45867,ASM-1161,Quality Assurance,cooling fan clutch,Supplier Communication SC-00840: Supplier communication from Continental Driveline Systems proposes an alternate source for PN-45867 on the cooling fan clutch at a 12% cost reduction; Quality Assurance is evaluating a cost-driven engineering change to assembly ASM-1161.
ECN-001053,2025-06-18,6,Jun 2025,CAD,Cost-Driven,Design Review,8.51,7,True,False,False,True,True,True,True,PN-45117,ASM-9314,Powertrain Engineering,boom cylinder,Maintenance Log #01053: Supplier communication from Apex Sensor Technologies proposes an alternate source for PN-45117 on the boom cylinder at a 12% cost reduction; Powertrain Engineering is evaluating a cost-driven engineering change to assembly ASM-9314.
ECN-000384,2025-02-22,2,Feb 2025,ERP,Performance-Related,Manufacturing,4.46,5,True,False,False,True,False,True,True,PN-76900,ASM-2483,Structural Engineering,final drive assembly,Engineering Comment EC-00384: Field service report notes reduced output from the final drive assembly; Structural Engineering traces the root cause to part PN-76900 tolerance drift and requests a performance-related revision to assembly ASM-2483. Additional supporting documentation has been attached to the ECN record.
ECN-000455,2025-03-15,3,Mar 2025,CAD,Cost-Driven,Manufacturing,23.84,2,True,False,False,True,True,True,True,PN-62632,ASM-9268,Quality Assurance,final drive assembly,Engineering Comment EC-00455: Engineering comment: value-engineering review of the final drive assembly identifies part PN-62632 as a candidate for redesign to reduce unit cost; Quality Assurance to submit change request.
ECN-000265,2025-02-11,2,Feb 2025,ERP,Regulatory Compliance,Quality Approval,41.18,4,True,True,False,True,True,True,True,PN-24777,ASM-4949,Structural Engineering,boom cylinder,Field Service Report FSR-00265: Non-conformance report: PN-24777 on the boom cylinder does not meet the revised safety standard; Structural Engineering has opened a regulatory compliance change request for assembly ASM-4949. This item is currently pending review by the change control board.
ECN-000761,2025-04-07,4,Apr 2025,MMS,Regulatory Compliance,Final Release,15.6,2,False,False,False,True,True,True,True,PN-70476,ASM-6581,Electrical Systems,transmission control unit,Supplier Communication SC-00761: Regulatory bulletin requires updated emissions documentation for the transmission control unit (part PN-70476); Electrical Systems is initiating a compliance-driven engineering change to assembly ASM-6581. Impact assessment on related assemblies is still in progress.
ECN-000980,2025-05-29,5,May 2025,CAD,Customer-Requested,Design Review,12.28,4,True,False,False,True,True,True,True,PN-49634,ASM-4975,Quality Assurance,engine control module,Engineering Comment EC-00980: Supplier communication forwards a customer complaint about PN-49634 wear rate on the engine control module; Quality Assurance is preparing a customer-driven revision to assembly ASM-4975. A follow-up review is scheduled for the next engineering change meeting.
ECN-000445,2025-03-12,3,Mar 2025,CAD,Performance-Related,Manufacturing,22.94,3,True,False,True,True,True,True,True,PN-48628,ASM-9892,Structural Engineering,cab HVAC unit,Engineering Comment EC-00445: Test bench data shows the cab HVAC unit missing target cycle times; Structural Engineering is submitting a change request against part PN-48628 to restore rated performance.
ECN-000396,2025-02-02,2,Feb 2025,Supplier Portal,Regulatory Compliance,Design Review,6.9,4,False,False,True,True,True,True,True,PN-76107,ASM-7877,Supplier Quality,hydraulic pump,Engineering Comment EC-00396: Regulatory bulletin requires updated emissions documentation for the hydraulic pump (part PN-76107); Supplier Quality is initiating a compliance-driven engineering change to assembly ASM-7877. A follow-up review is scheduled for the next engineering change meeting.
ECN-000742,2025-04-02,4,Apr 2025,ERP,Regulatory Compliance,Design Review,8.42,3,False,False,False,True,True,True,True,PN-89079,ASM-6618,Structural Engineering,final drive assembly,Non-Conformance Report NCR-00742: Non-conformance report: PN-89079 on the final drive assembly does not meet the revised safety standard; Structural Engineering has opened a regulatory compliance change request for assembly ASM-6618. A follow-up review is scheduled for the next engineering change meeting.
ECN-000177,2025-01-10,1,Jan 2025,ECN Database,Regulatory Compliance,Final Release,22.34,5,True,False,True,True,True,True,True,PN-12180,ASM-7035,Field Service,exhaust aftertreatment system,Engineering Comment EC-00177: Non-conformance report: PN-12180 on the exhaust aftertreatment system does not meet the revised safety standard; Field Service has opened a regulatory compliance change request for assembly ASM-7035.
ECN-000019,2025-01-02,1,Jan 2025,MMS,Customer-Requested,Quality Approval,22.33,8,True,False,False,True,True,True,True,PN-65519,ASM-7735,Regulatory Affairs,steering valve block,Maintenance Log #00019: Field service report: customer has asked for a configuration change to the steering valve block to support a new attachment; Regulatory Affairs opens a customer-requested engineering change against part PN-65519. Impact assessment on related assemblies is still in progress.
ECN-000949,2025-05-06,5,May 2025,PLM,Customer-Requested,Manufacturing,15.37,5,True,False,False,True,True,True,True,PN-28184,ASM-2722,Powertrain Engineering,boom cylinder,Non-Conformance Report NCR-00949: Field service report: customer has asked for a configuration change to the boom cylinder to support a new attachment; Powertrain Engineering opens a customer-requested engineering change against part PN-28184.
ECN-000815,2025-05-19,5,May 2025,ECN Database,Customer-Requested,Manufacturing,18.06,2,True,False,True,False,True,False,False,PN-48138,ASM-2436,Field Service,boom cylinder,Supplier Communication SC-00815: Customer feedback log: fleet operator requests an enhancement to the boom cylinder (part PN-48138) for improved serviceability; Field Service is drafting a customer-requested change to assembly ASM-2436. Test bench data shows the engine control module missing target cycle times; Manufacturing Engineering is submitting a change request against part PN-48138 to restore rated performance.
ECN-000596,2025-03-03,3,Mar 2025,Supplier Portal,Customer-Requested,Final Release,8.03,2,True,False,False,True,True,True,True,PN-37234,ASM-5968,Hydraulics Engineering,final drive assembly,Field Service Report FSR-00596: Field service report: customer has asked for a configuration change to the final drive assembly to support a new attachment; Hydraulics Engineering opens a customer-requested engineering change against part PN-37234.
ECN-000062,2025-01-22,1,Jan 2025,Supplier Portal,Regulatory Compliance,Design Review,17.24,4,True,False,False,True,True,True,True,PN-68743,ASM-1282,Structural Engineering,boom cylinder,Field Service Report FSR-00062: Regulatory bulletin requires updated emissions documentation for the boom cylinder (part PN-68743); Structural Engineering is initiating a compliance-driven engineering change to assembly ASM-1282. Additional supporting documentation has been attached to the ECN record.
ECN-000273,2025-02-25,2,Feb 2025,PLM,Customer-Requested,Design Review,14.2,2,False,False,False,True,True,True,True,PN-57202,ASM-1908,Structural Engineering,cab HVAC unit,Field Service Report FSR-00273: Field service report: customer has asked for a configuration change to the cab HVAC unit to support a new attachment; Structural Engineering opens a customer-requested engineering change against part PN-57202. Additional supporting documentation has been attached to the ECN record.
ECN-001126,2025-06-18,6,Jun 2025,MMS,Performance-Related,Manufacturing,12.02,4,True,False,False,False,True,True,True,PN-26186,ASM-2588,Regulatory Affairs,final drive assembly,Supplier Communication SC-01126: Field service report notes reduced output from the final drive assembly; Regulatory Affairs traces the root cause to part PN-26186 tolerance drift and requests a performance-related revision to assembly ASM-2588. Procurement flags rising cost of PN-26186 used in the cooling fan clutch; Quality Assurance requests a cost-driven change to qualify a second source for assembly ASM-2588.
ECN-000279,2025-02-23,2,Feb 2025,CAD,Regulatory Compliance,Manufacturing,12.68,4,True,False,False,True,True,True,True,PN-23624,ASM-4361,Regulatory Affairs,steering valve block,Non-Conformance Report NCR-00279: Supplier communication from Apex Sensor Technologies indicates a material certification gap on PN-23624; Regulatory Affairs requests a compliance change to the steering valve block. This item is currently pending review by the change control board.
ECN-000842,2025-05-22,5,May 2025,ERP,Cost-Driven,Design Review,16.17,4,True,False,False,True,True,True,True,PN-32380,ASM-6210,Hydraulics Engineering,exhaust aftertreatment system,Non-Conformance Report NCR-00842: Engineering comment: value-engineering review of the exhaust aftertreatment system identifies part PN-32380 as a candidate for redesign to reduce unit cost; Hydraulics Engineering to submit change request. Field service report: customer has asked for a configuration change to the exhaust aftertreatment system to support a new attachment; Quality Assurance opens a customer-requested engineering change against part PN-32380. A follow-up review is scheduled for the next engineering change meeting.
ECN-000369,2025-02-21,2,Feb 2025,ERP,Customer-Requested,Final Release,10.5,5,True,False,False,True,True,True,True,PN-77746,ASM-7143,Field Service,transmission control unit,Field Service Report FSR-00369: Supplier communication forwards a customer complaint about PN-77746 wear rate on the transmission control unit; Field Service is preparing a customer-driven revision to assembly ASM-7143. This item is currently pending review by the change control board.
ECN-000887,2025-05-26,5,May 2025,ECN Database,Cost-Driven,Manufacturing,10.12,2,False,False,False,True,True,True,True,PN-21855,ASM-6292,Field Service,track undercarriage,Engineering Comment EC-00887: Supplier communication from Continental Driveline Systems proposes an alternate source for PN-21855 on the track undercarriage at a 12% cost reduction; Field Service is evaluating a cost-driven engineering change to assembly ASM-6292. Field service report: customer has asked for a configuration change to the fuel injection system to support a new attachment; Structural Engineering opens a customer-requested engineering change against part PN-21855. The change request has been logged in the PLM system for tracking.
ECN-001015,2025-06-09,6,Jun 2025,Supplier Portal,Customer-Requested,Final Release,3.8,3,True,False,False,True,True,False,False,PN-14424,ASM-5428,Powertrain Engineering,engine control module,Maintenance Log #01015: Field service report: customer has asked for a configuration change to the engine control module to support a new attachment; Powertrain Engineering opens a customer-requested engineering change against part PN-14424. This item is currently pending review by the change control board.
ECN-000860,2025-05-21,5,May 2025,PLM,Safety-Critical,Final Release,10.37,5,True,False,False,True,True,True,True,PN-50166,ASM-4791,Regulatory Affairs,track undercarriage,"Supplier Communication SC-00860: Field service report flags a potential failure mode in the track undercarriage (assembly ASM-4791, part PN-50166) that could compromise operator safety under high-load conditions; Regulatory Affairs has requested an urgent design review. A follow-up review is scheduled for the next engineering change meeting."
ECN-000721,2025-04-14,4,Apr 2025,Supplier Portal,Performance-Related,Manufacturing,11.98,4,False,False,False,True,True,True,True,PN-84481,ASM-7664,Quality Assurance,steering valve block,Engineering Comment EC-00721: Field service report notes reduced output from the steering valve block; Quality Assurance traces the root cause to part PN-84481 tolerance drift and requests a performance-related revision to assembly ASM-7664. Supplier communication from Continental Driveline Systems proposes an alternate source for PN-84481 on the fuel injection system at a 12% cost reduction; Electrical Systems is evaluating a cost-driven engineering change to assembly ASM-7664.
ECN-000826,2025-05-21,5,May 2025,ECN Database,Cost-Driven,Design Review,10.54,2,False,False,False,True,True,False,False,PN-14455,ASM-2946,Regulatory Affairs,final drive assembly,Non-Conformance Report NCR-00826: Supplier communication from Continental Driveline Systems proposes an alternate source for PN-14455 on the final drive assembly at a 12% cost reduction; Regulatory Affairs is evaluating a cost-driven engineering change to assembly ASM-2946. A follow-up review is scheduled for the next engineering change meeting.
ECN-000548,2025-03-19,3,Mar 2025,ECN Database,Safety-Critical,Final Release,14.76,2,True,False,False,False,True,False,False,PN-94323,ASM-2740,Supplier Quality,track undercarriage,Maintenance Log #00548: Non-conformance report: PN-94323 on the track undercarriage exhibited a crack during fatigue testing. Supplier Quality recommends immediate containment and a safety-critical engineering change to assembly ASM-2740. This item is currently pending review by the change control board.
ECN-000880,2025-05-11,5,May 2025,MMS,Safety-Critical,Design Review,9.72,3,True,False,False,True,True,True,True,PN-28249,ASM-8871,Hydraulics Engineering,fuel injection system,Field Service Report FSR-00880: Maintenance log entry: repeated overheating observed on fuel injection system (part PN-28249) across three units in the field; escalated to Hydraulics Engineering as a safety-critical change request.
ECN-000900,2025-05-25,5,May 2025,MMS,Cost-Driven,Final Release,5.73,0,True,True,False,True,True,True,True,PN-73413,ASM-1748,Powertrain Engineering,engine control module,Field Service Report FSR-00900: Supplier communication from Vantage Electronics proposes an alternate source for PN-73413 on the engine control module at a 12% cost reduction; Powertrain Engineering is evaluating a cost-driven engineering change to assembly ASM-1748. Customer feedback log: fleet operator requests an enhancement to the fuel injection system (part PN-73413) for improved serviceability; Field Service is drafting a customer-requested change to assembly ASM-1748.
ECN-000457,2025-03-24,3,Mar 2025,PLM,Customer-Requested,Quality Approval,9.33,8,True,False,False,True,True,True,True,PN-82120,ASM-5162,Supplier Quality,transmission control unit,Maintenance Log #00457: Field service report: customer has asked for a configuration change to the transmission control unit to support a new attachment; Supplier Quality opens a customer-requested engineering change against part PN-82120. The change request has been logged in the PLM system for tracking.
ECN-000394,2025-02-20,2,Feb 2025,ECN Database,Customer-Requested,Quality Approval,24.65,5,False,False,False,True,True,True,True,PN-32356,ASM-4594,Structural Engineering,exhaust aftertreatment system,Non-Conformance Report NCR-00394: Field service report: customer has asked for a configuration change to the exhaust aftertreatment system to support a new attachment; Structural Engineering opens a customer-requested engineering change against part PN-32356.
ECN-000676,2025-04-30,4,Apr 2025,ERP,Customer-Requested,Quality Approval,11.52,4,True,False,False,True,True,True,True,PN-86966,ASM-8454,Field Service,alternator,Field Service Report FSR-00676: Supplier communication forwards a customer complaint about PN-86966 wear rate on the alternator; Field Service is preparing a customer-driven revision to assembly ASM-8454.
ECN-000912,2025-05-25,5,May 2025,MMS,Safety-Critical,Design Review,3.59,5,True,False,False,True,False,False,False,PN-30413,ASM-8699,Powertrain Engineering,cab HVAC unit,"Engineering Comment EC-00912: Field service report flags a potential failure mode in the cab HVAC unit (assembly ASM-8699, part PN-30413) that could compromise operator safety under high-load conditions; Powertrain Engineering has requested an urgent design review. This item is currently pending review by the change control board."
ECN-000965,2025-05-22,5,May 2025,PLM,Cost-Driven,Manufacturing,11.71,8,True,True,False,True,True,True,True,PN-53785,ASM-1341,Structural Engineering,steering valve block,Non-Conformance Report NCR-00965: Supplier communication from Northgate Castings proposes an alternate source for PN-53785 on the steering valve block at a 12% cost reduction; Structural Engineering is evaluating a cost-driven engineering change to assembly ASM-1341.
ECN-000376,2025-02-07,2,Feb 2025,MMS,Performance-Related,Design Review,11.31,2,True,False,False,True,True,True,True,PN-82551,ASM-3316,Manufacturing Engineering,alternator,"Field Service Report FSR-00376: Engineering comment: alternator (part PN-82551, assembly ASM-3316) is underperforming relative to spec by ~8%; Manufacturing Engineering proposes a performance tuning change to improve efficiency. Supplier communication forwards a customer complaint about PN-82551 wear rate on the transmission control unit; Hydraulics Engineering is preparing a customer-driven revision to assembly ASM-3316. Impact assessment on related assemblies is still in progress."
ECN-000413,2025-03-05,3,Mar 2025,PLM,Customer-Requested,Quality Approval,17.82,6,True,False,False,True,True,True,True,PN-36170,ASM-4847,Supplier Quality,steering valve block,Field Service Report FSR-00413: Supplier communication forwards a customer complaint about PN-36170 wear rate on the steering valve block; Supplier Quality is preparing a customer-driven revision to assembly ASM-4847. Supplier communication from Continental Driveline Systems proposes an alternate source for PN-36170 on the boom cylinder at a 12% cost reduction; Supplier Quality is evaluating a cost-driven engineering change to assembly ASM-4847.
ECN-000075,2025-01-11,1,Jan 2025,MMS,Safety-Critical,Manufacturing,11.26,7,True,True,True,True,True,True,True,PN-21959,ASM-8700,Regulatory Affairs,final drive assembly,Non-Conformance Report NCR-00075: Non-conformance report: PN-21959 on the final drive assembly exhibited a crack during fatigue testing. Regulatory Affairs recommends immediate containment and a safety-critical engineering change to assembly ASM-8700. This item is currently pending review by the change control board.
ECN-001122,2025-06-22,6,Jun 2025,MMS,Cost-Driven,Manufacturing,9.74,6,True,False,False,True,True,True,True,PN-54951,ASM-6580,Electrical Systems,cab HVAC unit,Non-Conformance Report NCR-01122: Engineering comment: value-engineering review of the cab HVAC unit identifies part PN-54951 as a candidate for redesign to reduce unit cost; Electrical Systems to submit change request. Customer feedback log: fleet operator requests an enhancement to the cab HVAC unit (part PN-54951) for improved serviceability; Structural Engineering is drafting a customer-requested change to assembly ASM-6580.
ECN-000863,2025-05-08,5,May 2025,ECN Database,Cost-Driven,Quality Approval,13.37,4,True,False,False,True,True,True,True,PN-24618,ASM-2587,Manufacturing Engineering,fuel injection system,Field Service Report FSR-00863: Procurement flags rising cost of PN-24618 used in the fuel injection system; Manufacturing Engineering requests a cost-driven change to qualify a second source for assembly ASM-2587. Field service report notes reduced output from the fuel injection system; Manufacturing Engineering traces the root cause to part PN-24618 tolerance drift and requests a performance-related revision to assembly ASM-2587.
ECN-000501,2025-03-05,3,Mar 2025,ECN Database,Cost-Driven,Manufacturing,18.35,5,True,False,False,True,True,True,True,PN-54294,ASM-8849,Supplier Quality,final drive assembly,Supplier Communication SC-00501: Engineering comment: value-engineering review of the final drive assembly identifies part PN-54294 as a candidate for redesign to reduce unit cost; Supplier Quality to submit change request.
ECN-000942,2025-05-12,5,May 2025,ERP,Customer-Requested,Design Review,18.27,3,True,True,False,True,True,True,True,PN-52294,ASM-8035,Hydraulics Engineering,hydraulic pump,Field Service Report FSR-00942: Customer feedback log: fleet operator requests an enhancement to the hydraulic pump (part PN-52294) for improved serviceability; Hydraulics Engineering is drafting a customer-requested change to assembly ASM-8035. Impact assessment on related assemblies is still in progress.
ECN-000617,2025-04-28,4,Apr 2025,MMS,Customer-Requested,Design Review,5.81,2,False,False,False,True,True,True,True,PN-23332,ASM-3764,Regulatory Affairs,track undercarriage,Engineering Comment EC-00617: Customer feedback log: fleet operator requests an enhancement to the track undercarriage (part PN-23332) for improved serviceability; Regulatory Affairs is drafting a customer-requested change to assembly ASM-3764. Additional supporting documentation has been attached to the ECN record.
ECN-000115,2025-01-22,1,Jan 2025,MMS,Performance-Related,Final Release,18.69,2,True,False,False,True,True,True,True,PN-89822,ASM-5381,Electrical Systems,exhaust aftertreatment system,"Engineering Comment EC-00115: Engineering comment: exhaust aftertreatment system (part PN-89822, assembly ASM-5381) is underperforming relative to spec by ~8%; Electrical Systems proposes a performance tuning change to improve efficiency. Field service report: customer has asked for a configuration change to the fuel injection system to support a new attachment; Powertrain Engineering opens a customer-requested engineering change against part PN-89822."
ECN-000418,2025-03-06,3,Mar 2025,MMS,Regulatory Compliance,Final Release,9.36,1,True,False,False,True,True,True,True,PN-44452,ASM-4885,Quality Assurance,cooling fan clutch,Field Service Report FSR-00418: Non-conformance report: PN-44452 on the cooling fan clutch does not meet the revised safety standard; Quality Assurance has opened a regulatory compliance change request for assembly ASM-4885.
ECN-000602,2025-04-11,4,Apr 2025,CAD,Regulatory Compliance,Design Review,16.1,3,True,False,False,True,True,True,True,PN-77353,ASM-4175,Electrical Systems,cooling fan clutch,Engineering Comment EC-00602: Supplier communication from Meridian Hydraulics Inc. indicates a material certification gap on PN-77353; Electrical Systems requests a compliance change to the cooling fan clutch. Additional supporting documentation has been attached to the ECN record.
ECN-000605,2025-04-27,4,Apr 2025,MMS,Safety-Critical,Design Review,4.28,3,True,False,False,True,True,True,True,PN-64702,ASM-8544,Electrical Systems,alternator,"Non-Conformance Report NCR-00605: Field service report flags a potential failure mode in the alternator (assembly ASM-8544, part PN-64702) that could compromise operator safety under high-load conditions; Electrical Systems has requested an urgent design review. Regulatory bulletin requires updated emissions documentation for the cab HVAC unit (part PN-64702); Manufacturing Engineering is initiating a compliance-driven engineering change to assembly ASM-8544."
ECN-000090,2025-01-22,1,Jan 2025,Supplier Portal,Regulatory Compliance,Manufacturing,28.19,5,True,False,False,True,True,True,True,PN-93611,ASM-5161,Supplier Quality,final drive assembly,Field Service Report FSR-00090: Non-conformance report: PN-93611 on the final drive assembly does not meet the revised safety standard; Supplier Quality has opened a regulatory compliance change request for assembly ASM-5161. The change request has been logged in the PLM system for tracking.
ECN-001149,2025-06-16,6,Jun 2025,ERP,Regulatory Compliance,Final Release,11.28,2,True,False,False,True,True,True,True,PN-41973,ASM-8819,Supplier Quality,hydraulic pump,Maintenance Log #01149: Non-conformance report: PN-41973 on the hydraulic pump does not meet the revised safety standard; Supplier Quality has opened a regulatory compliance change request for assembly ASM-8819. Non-conformance report: PN-41973 on the steering valve block exhibited a crack during fatigue testing. Hydraulics Engineering recommends immediate containment and a safety-critical engineering change to assembly ASM-8819. The change request has been logged in the PLM system for tracking.
ECN-000499,2025-03-23,3,Mar 2025,CAD,Safety-Critical,Manufacturing,9.3,1,True,True,False,True,True,True,True,PN-53750,ASM-6728,Regulatory Affairs,track undercarriage,Non-Conformance Report NCR-00499: Maintenance log entry: repeated overheating observed on track undercarriage (part PN-53750) across three units in the field; escalated to Regulatory Affairs as a safety-critical change request. Impact assessment on related assemblies is still in progress.
ECN-000876,2025-05-31,5,May 2025,ECN Database,Performance-Related,Final Release,9.07,5,False,True,False,True,True,True,True,PN-33791,ASM-8526,Hydraulics Engineering,cab HVAC unit,"Supplier Communication SC-00876: Engineering comment: cab HVAC unit (part PN-33791, assembly ASM-8526) is underperforming relative to spec by ~8%; Hydraulics Engineering proposes a performance tuning change to improve efficiency. A follow-up review is scheduled for the next engineering change meeting."
ECN-000927,2025-05-27,5,May 2025,ECN Database,Cost-Driven,Manufacturing,10.01,3,True,True,True,True,True,True,True,PN-12035,ASM-1430,Regulatory Affairs,hydraulic pump,Engineering Comment EC-00927: Supplier communication from Meridian Hydraulics Inc. proposes an alternate source for PN-12035 on the hydraulic pump at a 12% cost reduction; Regulatory Affairs is evaluating a cost-driven engineering change to assembly ASM-1430.
ECN-000999,2025-05-11,5,May 2025,ERP,Customer-Requested,Final Release,10.56,3,True,False,False,True,True,True,True,PN-28423,ASM-1085,Supplier Quality,engine control module,Maintenance Log #00999: Field service report: customer has asked for a configuration change to the engine control module to support a new attachment; Supplier Quality opens a customer-requested engineering change against part PN-28423.
ECN-000012,2025-01-17,1,Jan 2025,ERP,Customer-Requested,Design Review,30.51,5,True,False,False,True,True,True,True,PN-94012,ASM-6573,Electrical Systems,engine control module,Field Service Report FSR-00012: Customer feedback log: fleet operator requests an enhancement to the engine control module (part PN-94012) for improved serviceability; Electrical Systems is drafting a customer-requested change to assembly ASM-6573. This item is currently pending review by the change control board.
ECN-000397,2025-02-17,2,Feb 2025,MMS,Customer-Requested,Quality Approval,32.98,3,True,True,False,True,True,True,True,PN-73208,ASM-3135,Hydraulics Engineering,transmission control unit,Supplier Communication SC-00397: Supplier communication forwards a customer complaint about PN-73208 wear rate on the transmission control unit; Hydraulics Engineering is preparing a customer-driven revision to assembly ASM-3135. Impact assessment on related assemblies is still in progress.
ECN-000755,2025-04-15,4,Apr 2025,Supplier Portal,Performance-Related,Manufacturing,11.79,1,True,False,False,True,True,True,True,PN-27606,ASM-2376,Electrical Systems,cooling fan clutch,Maintenance Log #00755: Field service report notes reduced output from the cooling fan clutch; Electrical Systems traces the root cause to part PN-27606 tolerance drift and requests a performance-related revision to assembly ASM-2376. A follow-up review is scheduled for the next engineering change meeting.
ECN-000556,2025-03-08,3,Mar 2025,ECN Database,Customer-Requested,Quality Approval,21.47,4,True,False,False,True,True,True,True,PN-14833,ASM-3319,Supplier Quality,exhaust aftertreatment system,Maintenance Log #00556: Field service report: customer has asked for a configuration change to the exhaust aftertreatment system to support a new attachment; Supplier Quality opens a customer-requested engineering change against part PN-14833. A follow-up review is scheduled for the next engineering change meeting.
ECN-000043,2025-01-01,1,Jan 2025,PLM,Cost-Driven,Design Review,13.31,2,True,True,False,True,True,True,True,PN-53933,ASM-2530,Electrical Systems,cooling fan clutch,Non-Conformance Report NCR-00043: Supplier communication from Vantage Electronics proposes an alternate source for PN-53933 on the cooling fan clutch at a 12% cost reduction; Electrical Systems is evaluating a cost-driven engineering change to assembly ASM-2530. Additional supporting documentation has been attached to the ECN record.
ECN-000168,2025-01-18,1,Jan 2025,PLM,Customer-Requested,Design Review,16.51,4,False,True,True,True,True,True,True,PN-36741,ASM-6573,Structural Engineering,track undercarriage,Engineering Comment EC-00168: Supplier communication forwards a customer complaint about PN-36741 wear rate on the track undercarriage; Structural Engineering is preparing a customer-driven revision to assembly ASM-6573. Procurement flags rising cost of PN-36741 used in the fuel injection system; Regulatory Affairs requests a cost-driven change to qualify a second source for assembly ASM-6573.
ECN-000417,2025-03-12,3,Mar 2025,Supplier Portal,Customer-Requested,Design Review,9.18,6,False,False,True,True,True,True,True,PN-51373,ASM-1137,Electrical Systems,alternator,Field Service Report FSR-00417: Customer feedback log: fleet operator requests an enhancement to the alternator (part PN-51373) for improved serviceability; Electrical Systems is drafting a customer-requested change to assembly ASM-1137. This item is currently pending review by the change control board.
ECN-000577,2025-03-20,3,Mar 2025,CAD,Safety-Critical,Design Review,5.98,2,True,False,False,True,True,True,True,PN-60446,ASM-6454,Powertrain Engineering,alternator,Maintenance Log #00577: Maintenance log entry: repeated overheating observed on alternator (part PN-60446) across three units in the field; escalated to Powertrain Engineering as a safety-critical change request. Non-conformance report: PN-60446 on the alternator does not meet the revised safety standard; Electrical Systems has opened a regulatory compliance change request for assembly ASM-6454.
ECN-000268,2025-02-17,2,Feb 2025,ERP,Performance-Related,Final Release,6.72,3,False,True,True,True,True,True,True,PN-93956,ASM-9791,Regulatory Affairs,track undercarriage,Maintenance Log #00268: Test bench data shows the track undercarriage missing target cycle times; Regulatory Affairs is submitting a change request against part PN-93956 to restore rated performance. Cross-functional stakeholders have been notified for input.
ECN-000808,2025-05-15,5,May 2025,ECN Database,Customer-Requested,Design Review,14.33,3,True,False,False,True,True,True,True,PN-90059,ASM-1937,Regulatory Affairs,steering valve block,Maintenance Log #00808: Field service report: customer has asked for a configuration change to the steering valve block to support a new attachment; Regulatory Affairs opens a customer-requested engineering change against part PN-90059.
ECN-000427,2025-03-24,3,Mar 2025,CAD,Regulatory Compliance,Quality Approval,21.04,4,True,False,False,True,True,True,True,PN-30352,ASM-2381,Field Service,engine control module,Non-Conformance Report NCR-00427: Supplier communication from Vantage Electronics indicates a material certification gap on PN-30352; Field Service requests a compliance change to the engine control module. Additional supporting documentation has been attached to the ECN record.
ECN-000691,2025-04-27,4,Apr 2025,Supplier Portal,Regulatory Compliance,Design Review,13.95,8,False,True,False,True,True,True,True,PN-97750,ASM-2706,Electrical Systems,alternator,Maintenance Log #00691: Supplier communication from Vantage Electronics indicates a material certification gap on PN-97750; Electrical Systems requests a compliance change to the alternator. Non-conformance report: PN-97750 on the engine control module exhibited a crack during fatigue testing. Hydraulics Engineering recommends immediate containment and a safety-critical engineering change to assembly ASM-2706.
ECN-000545,2025-03-25,3,Mar 2025,MMS,Customer-Requested,Manufacturing,7.03,2,True,False,False,True,True,True,True,PN-48609,ASM-8650,Quality Assurance,engine control module,Field Service Report FSR-00545: Supplier communication forwards a customer complaint about PN-48609 wear rate on the engine control module; Quality Assurance is preparing a customer-driven revision to assembly ASM-8650.
ECN-001123,2025-06-07,6,Jun 2025,ECN Database,Customer-Requested,Design Review,11.62,5,False,False,False,True,True,True,True,PN-96599,ASM-2287,Regulatory Affairs,cooling fan clutch,Maintenance Log #01123: Supplier communication forwards a customer complaint about PN-96599 wear rate on the cooling fan clutch; Regulatory Affairs is preparing a customer-driven revision to assembly ASM-2287.
ECN-000675,2025-04-03,4,Apr 2025,MMS,Performance-Related,Final Release,11.89,3,False,True,False,True,False,False,False,PN-24933,ASM-8583,Electrical Systems,engine control module,"Maintenance Log #00675: Engineering comment: engine control module (part PN-24933, assembly ASM-8583) is underperforming relative to spec by ~8%; Electrical Systems proposes a performance tuning change to improve efficiency."
ECN-000690,2025-04-09,4,Apr 2025,ERP,Safety-Critical,Final Release,8.23,2,True,False,False,True,True,True,True,PN-43793,ASM-6575,Supplier Quality,transmission control unit,Engineering Comment EC-00690: Non-conformance report: PN-43793 on the transmission control unit exhibited a crack during fatigue testing. Supplier Quality recommends immediate containment and a safety-critical engineering change to assembly ASM-6575.
ECN-001055,2025-06-07,6,Jun 2025,ECN Database,Regulatory Compliance,Final Release,3.97,7,True,False,False,True,True,True,True,PN-50437,ASM-8334,Manufacturing Engineering,boom cylinder,Engineering Comment EC-01055: Non-conformance report: PN-50437 on the boom cylinder does not meet the revised safety standard; Manufacturing Engineering has opened a regulatory compliance change request for assembly ASM-8334.
ECN-001177,2025-06-19,6,Jun 2025,PLM,Customer-Requested,Design Review,13.57,2,True,False,False,True,True,True,True,PN-95253,ASM-7384,Supplier Quality,cooling fan clutch,Non-Conformance Report NCR-01177: Field service report: customer has asked for a configuration change to the cooling fan clutch to support a new attachment; Supplier Quality opens a customer-requested engineering change against part PN-95253. Procurement flags rising cost of PN-95253 used in the steering valve block; Manufacturing Engineering requests a cost-driven change to qualify a second source for assembly ASM-7384. Additional supporting documentation has been attached to the ECN record.
ECN-001033,2025-06-16,6,Jun 2025,ECN Database,Performance-Related,Final Release,6.88,2,True,False,False,True,True,False,False,PN-25461,ASM-2335,Manufacturing Engineering,cooling fan clutch,Engineering Comment EC-01033: Field service report notes reduced output from the cooling fan clutch; Manufacturing Engineering traces the root cause to part PN-25461 tolerance drift and requests a performance-related revision to assembly ASM-2335.
ECN-001035,2025-06-23,6,Jun 2025,CAD,Performance-Related,Final Release,16.11,3,True,False,False,True,True,True,True,PN-13136,ASM-3735,Powertrain Engineering,final drive assembly,"Non-Conformance Report NCR-01035: Engineering comment: final drive assembly (part PN-13136, assembly ASM-3735) is underperforming relative to spec by ~8%; Powertrain Engineering proposes a performance tuning change to improve efficiency. Field service report: customer has asked for a configuration change to the fuel injection system to support a new attachment; Quality Assurance opens a customer-requested engineering change against part PN-13136."
ECN-000258,2025-02-07,2,Feb 2025,ECN Database,Cost-Driven,Manufacturing,13.85,5,False,False,False,True,True,True,True,PN-26284,ASM-3588,Structural Engineering,steering valve block,Supplier Communication SC-00258: Engineering comment: value-engineering review of the steering valve block identifies part PN-26284 as a candidate for redesign to reduce unit cost; Structural Engineering to submit change request.
ECN-000336,2025-02-23,2,Feb 2025,ERP,Safety-Critical,Manufacturing,11.73,3,False,False,False,True,True,True,True,PN-25176,ASM-7828,Powertrain Engineering,engine control module,Supplier Communication SC-00336: Non-conformance report: PN-25176 on the engine control module exhibited a crack during fatigue testing. Powertrain Engineering recommends immediate containment and a safety-critical engineering change to assembly ASM-7828.
ECN-000016,2025-01-03,1,Jan 2025,CAD,Performance-Related,Manufacturing,22.06,4,False,False,False,True,True,False,True,PN-62296,ASM-7118,Supplier Quality,alternator,Non-Conformance Report NCR-00016: Field service report notes reduced output from the alternator; Supplier Quality traces the root cause to part PN-62296 tolerance drift and requests a performance-related revision to assembly ASM-7118. Additional supporting documentation has been attached to the ECN record.
ECN-000902,2025-05-25,5,May 2025,ECN Database,Performance-Related,Final Release,13.42,1,True,True,False,True,True,True,True,PN-86855,ASM-1612,Regulatory Affairs,hydraulic pump,Non-Conformance Report NCR-00902: Field service report notes reduced output from the hydraulic pump; Regulatory Affairs traces the root cause to part PN-86855 tolerance drift and requests a performance-related revision to assembly ASM-1612. Customer feedback log: fleet operator requests an enhancement to the steering valve block (part PN-86855) for improved serviceability; Hydraulics Engineering is drafting a customer-requested change to assembly ASM-1612.
ECN-000325,2025-02-22,2,Feb 2025,CAD,Cost-Driven,Design Review,14.3,4,True,False,True,True,True,True,True,PN-63031,ASM-7361,Field Service,cooling fan clutch,Supplier Communication SC-00325: Procurement flags rising cost of PN-63031 used in the cooling fan clutch; Field Service requests a cost-driven change to qualify a second source for assembly ASM-7361. Field service report notes reduced output from the alternator; Supplier Quality traces the root cause to part PN-63031 tolerance drift and requests a performance-related revision to assembly ASM-7361.
ECN-000608,2025-04-02,4,Apr 2025,PLM,Customer-Requested,Final Release,10.55,2,False,False,False,True,True,True,True,PN-24131,ASM-1537,Powertrain Engineering,track undercarriage,Field Service Report FSR-00608: Supplier communication forwards a customer complaint about PN-24131 wear rate on the track undercarriage; Powertrain Engineering is preparing a customer-driven revision to assembly ASM-1537. This item is currently pending review by the change control board.
ECN-001054,2025-06-16,6,Jun 2025,ECN Database,Safety-Critical,Design Review,6.58,3,False,False,False,True,True,True,True,PN-61298,ASM-8240,Manufacturing Engineering,cooling fan clutch,Field Service Report FSR-01054: Non-conformance report: PN-61298 on the cooling fan clutch exhibited a crack during fatigue testing. Manufacturing Engineering recommends immediate containment and a safety-critical engineering change to assembly ASM-8240.
ECN-000791,2025-04-08,4,Apr 2025,MMS,Customer-Requested,Quality Approval,17.69,9,False,False,False,True,True,True,True,PN-40973,ASM-9313,Electrical Systems,final drive assembly,Non-Conformance Report NCR-00791: Customer feedback log: fleet operator requests an enhancement to the final drive assembly (part PN-40973) for improved serviceability; Electrical Systems is drafting a customer-requested change to assembly ASM-9313. Additional supporting documentation has been attached to the ECN record.
ECN-000223,2025-02-06,2,Feb 2025,Supplier Portal,Customer-Requested,Manufacturing,20.51,5,False,False,False,True,True,True,True,PN-37152,ASM-3362,Manufacturing Engineering,final drive assembly,Field Service Report FSR-00223: Supplier communication forwards a customer complaint about PN-37152 wear rate on the final drive assembly; Manufacturing Engineering is preparing a customer-driven revision to assembly ASM-3362.
ECN-000180,2025-01-11,1,Jan 2025,ECN Database,Cost-Driven,Design Review,9.03,3,False,False,True,True,True,True,True,PN-29848,ASM-7765,Manufacturing Engineering,cab HVAC unit,Engineering Comment EC-00180: Procurement flags rising cost of PN-29848 used in the cab HVAC unit; Manufacturing Engineering requests a cost-driven change to qualify a second source for assembly ASM-7765. Supplier communication forwards a customer complaint about PN-29848 wear rate on the alternator; Powertrain Engineering is preparing a customer-driven revision to assembly ASM-7765.
ECN-000100,2025-01-14,1,Jan 2025,CAD,Customer-Requested,Quality Approval,41.75,9,False,True,False,True,True,False,False,PN-86983,ASM-3531,Electrical Systems,fuel injection system,Engineering Comment EC-00100: Field service report: customer has asked for a configuration change to the fuel injection system to support a new attachment; Electrical Systems opens a customer-requested engineering change against part PN-86983.
ECN-000522,2025-03-07,3,Mar 2025,ERP,Cost-Driven,Manufacturing,25.15,4,True,False,False,True,True,True,True,PN-96623,ASM-3444,Powertrain Engineering,steering valve block,Supplier Communication SC-00522: Engineering comment: value-engineering review of the steering valve block identifies part PN-96623 as a candidate for redesign to reduce unit cost; Powertrain Engineering to submit change request. A follow-up review is scheduled for the next engineering change meeting.
ECN-000023,2025-01-02,1,Jan 2025,Supplier Portal,Customer-Requested,Final Release,6.08,3,True,False,False,True,True,True,True,PN-96752,ASM-8973,Regulatory Affairs,cooling fan clutch,"Maintenance Log #00023: Customer feedback log: fleet operator requests an enhancement to the cooling fan clutch (part PN-96752) for improved serviceability; Regulatory Affairs is drafting a customer-requested change to assembly ASM-8973. Engineering comment: exhaust aftertreatment system (part PN-96752, assembly ASM-8973) is underperforming relative to spec by ~8%; Electrical Systems proposes a performance tuning change to improve efficiency."
ECN-000357,2025-02-26,2,Feb 2025,ERP,Customer-Requested,Quality Approval,43.44,0,False,True,False,True,True,True,True,PN-89822,ASM-5067,Regulatory Affairs,transmission control unit,Supplier Communication SC-00357: Field service report: customer has asked for a configuration change to the transmission control unit to support a new attachment; Regulatory Affairs opens a customer-requested engineering change against part PN-89822. Cross-functional stakeholders have been notified for input.
ECN-000734,2025-04-29,4,Apr 2025,Supplier Portal,Customer-Requested,Manufacturing,21.44,7,False,False,False,True,True,True,True,PN-65058,ASM-9723,Powertrain Engineering,boom cylinder,Maintenance Log #00734: Field service report: customer has asked for a configuration change to the boom cylinder to support a new attachment; Powertrain Engineering opens a customer-requested engineering change against part PN-65058. Cross-functional stakeholders have been notified for input.
ECN-001094,2025-06-29,6,Jun 2025,PLM,Regulatory Compliance,Final Release,8.59,2,True,False,False,True,False,False,False,PN-28325,ASM-8655,Quality Assurance,transmission control unit,Engineering Comment EC-01094: Supplier communication from Northgate Castings indicates a material certification gap on PN-28325; Quality Assurance requests a compliance change to the transmission control unit.
ECN-001112,2025-06-09,6,Jun 2025,MMS,Cost-Driven,Manufacturing,19.06,9,True,False,False,True,True,True,True,PN-25931,ASM-9021,Field Service,cab HVAC unit,Field Service Report FSR-01112: Engineering comment: value-engineering review of the cab HVAC unit identifies part PN-25931 as a candidate for redesign to reduce unit cost; Field Service to submit change request.
ECN-000612,2025-04-14,4,Apr 2025,ERP,Customer-Requested,Manufacturing,11.48,3,True,True,False,True,True,True,True,PN-87251,ASM-4033,Structural Engineering,transmission control unit,Supplier Communication SC-00612: Field service report: customer has asked for a configuration change to the transmission control unit to support a new attachment; Structural Engineering opens a customer-requested engineering change against part PN-87251. Cross-functional stakeholders have been notified for input.
ECN-001010,2025-06-20,6,Jun 2025,ECN Database,Customer-Requested,Design Review,9.17,3,True,False,True,True,True,True,True,PN-20041,ASM-1928,Supplier Quality,hydraulic pump,Field Service Report FSR-01010: Customer feedback log: fleet operator requests an enhancement to the hydraulic pump (part PN-20041) for improved serviceability; Supplier Quality is drafting a customer-requested change to assembly ASM-1928. Cross-functional stakeholders have been notified for input.
ECN-000341,2025-02-28,2,Feb 2025,ERP,Customer-Requested,Manufacturing,15.45,5,True,False,False,True,True,True,True,PN-98705,ASM-6123,Field Service,hydraulic pump,Maintenance Log #00341: Field service report: customer has asked for a configuration change to the hydraulic pump to support a new attachment; Field Service opens a customer-requested engineering change against part PN-98705. This item is currently pending review by the change control board.
ECN-000432,2025-03-08,3,Mar 2025,ERP,Customer-Requested,Manufacturing,12.45,2,True,False,False,True,False,False,False,PN-81855,ASM-7121,Supplier Quality,cooling fan clutch,Supplier Communication SC-00432: Customer feedback log: fleet operator requests an enhancement to the cooling fan clutch (part PN-81855) for improved serviceability; Supplier Quality is drafting a customer-requested change to assembly ASM-7121.
ECN-000962,2025-05-16,5,May 2025,ERP,Cost-Driven,Manufacturing,16.39,5,True,True,False,True,True,True,True,PN-91293,ASM-7628,Field Service,engine control module,Field Service Report FSR-00962: Engineering comment: value-engineering review of the engine control module identifies part PN-91293 as a candidate for redesign to reduce unit cost; Field Service to submit change request. Impact assessment on related assemblies is still in progress.
ECN-000218,2025-02-18,2,Feb 2025,CAD,Safety-Critical,Quality Approval,20.63,8,False,False,True,True,True,True,True,PN-12061,ASM-1108,Structural Engineering,exhaust aftertreatment system,Field Service Report FSR-00218: Maintenance log entry: repeated overheating observed on exhaust aftertreatment system (part PN-12061) across three units in the field; escalated to Structural Engineering as a safety-critical change request. A follow-up review is scheduled for the next engineering change meeting.
ECN-000204,2025-02-08,2,Feb 2025,ECN Database,Cost-Driven,Quality Approval,22.09,6,True,True,False,True,True,True,True,PN-37011,ASM-2102,Powertrain Engineering,track undercarriage,Maintenance Log #00204: Supplier communication from Continental Driveline Systems proposes an alternate source for PN-37011 on the track undercarriage at a 12% cost reduction; Powertrain Engineering is evaluating a cost-driven engineering change to assembly ASM-2102. Impact assessment on related assemblies is still in progress.
ECN-000906,2025-05-25,5,May 2025,MMS,Cost-Driven,Manufacturing,9.84,4,True,False,False,False,False,False,False,PN-21695,ASM-2165,Manufacturing Engineering,exhaust aftertreatment system,Field Service Report FSR-00906: Supplier communication from Apex Sensor Technologies proposes an alternate source for PN-21695 on the exhaust aftertreatment system at a 12% cost reduction; Manufacturing Engineering is evaluating a cost-driven engineering change to assembly ASM-2165. The change request has been logged in the PLM system for tracking.
ECN-000923,2025-05-04,5,May 2025,ECN Database,Customer-Requested,Quality Approval,6.77,3,True,True,True,True,True,True,True,PN-63907,ASM-2698,Powertrain Engineering,engine control module,Engineering Comment EC-00923: Field service report: customer has asked for a configuration change to the engine control module to support a new attachment; Powertrain Engineering opens a customer-requested engineering change against part PN-63907.
ECN-000094,2025-01-19,1,Jan 2025,CAD,Performance-Related,Manufacturing,24.94,8,False,False,False,True,True,True,True,PN-93442,ASM-4115,Manufacturing Engineering,exhaust aftertreatment system,Maintenance Log #00094: Test bench data shows the exhaust aftertreatment system missing target cycle times; Manufacturing Engineering is submitting a change request against part PN-93442 to restore rated performance. Procurement flags rising cost of PN-93442 used in the engine control module; Powertrain Engineering requests a cost-driven change to qualify a second source for assembly ASM-4115.
ECN-000911,2025-05-04,5,May 2025,CAD,Cost-Driven,Final Release,11.32,2,False,False,False,True,True,True,True,PN-66769,ASM-4268,Hydraulics Engineering,alternator,Supplier Communication SC-00911: Engineering comment: value-engineering review of the alternator identifies part PN-66769 as a candidate for redesign to reduce unit cost; Hydraulics Engineering to submit change request. Field service report: customer has asked for a configuration change to the exhaust aftertreatment system to support a new attachment; Structural Engineering opens a customer-requested engineering change against part PN-66769.
ECN-000069,2025-01-19,1,Jan 2025,Supplier Portal,Safety-Critical,Design Review,9.84,1,True,True,False,False,True,True,True,PN-69049,ASM-8253,Electrical Systems,boom cylinder,Field Service Report FSR-00069: Non-conformance report: PN-69049 on the boom cylinder exhibited a crack during fatigue testing. Electrical Systems recommends immediate containment and a safety-critical engineering change to assembly ASM-8253.
ECN-000895,2025-05-30,5,May 2025,Supplier Portal,Cost-Driven,Quality Approval,8.5,5,True,False,False,True,True,True,True,PN-89190,ASM-3843,Powertrain Engineering,final drive assembly,Field Service Report FSR-00895: Procurement flags rising cost of PN-89190 used in the final drive assembly; Powertrain Engineering requests a cost-driven change to qualify a second source for assembly ASM-3843. Field service report: customer has asked for a configuration change to the steering valve block to support a new attachment; Structural Engineering opens a customer-requested engineering change against part PN-89190.
ECN-000285,2025-02-08,2,Feb 2025,PLM,Cost-Driven,Manufacturing,11.39,6,False,True,False,False,True,False,False,PN-32789,ASM-1509,Field Service,steering valve block,Engineering Comment EC-00285: Engineering comment: value-engineering review of the steering valve block identifies part PN-32789 as a candidate for redesign to reduce unit cost; Field Service to submit change request.
ECN-000697,2025-04-28,4,Apr 2025,CAD,Customer-Requested,Design Review,15.75,7,True,False,False,True,True,True,True,PN-17577,ASM-9516,Quality Assurance,hydraulic pump,Engineering Comment EC-00697: Field service report: customer has asked for a configuration change to the hydraulic pump to support a new attachment; Quality Assurance opens a customer-requested engineering change against part PN-17577.
ECN-000086,2025-01-28,1,Jan 2025,Supplier Portal,Safety-Critical,Design Review,13.99,2,False,True,False,True,True,True,False,PN-98389,ASM-9742,Hydraulics Engineering,track undercarriage,Supplier Communication SC-00086: Non-conformance report: PN-98389 on the track undercarriage exhibited a crack during fatigue testing. Hydraulics Engineering recommends immediate containment and a safety-critical engineering change to assembly ASM-9742.
ECN-000435,2025-03-23,3,Mar 2025,MMS,Safety-Critical,Quality Approval,9.09,5,False,False,False,True,True,True,True,PN-16505,ASM-9764,Powertrain Engineering,fuel injection system,"Non-Conformance Report NCR-00435: Field service report flags a potential failure mode in the fuel injection system (assembly ASM-9764, part PN-16505) that could compromise operator safety under high-load conditions; Powertrain Engineering has requested an urgent design review. Cross-functional stakeholders have been notified for input."
ECN-000797,2025-04-25,4,Apr 2025,ECN Database,Customer-Requested,Final Release,9.27,2,False,False,True,True,True,False,False,PN-15089,ASM-3039,Hydraulics Engineering,cooling fan clutch,Field Service Report FSR-00797: Field service report: customer has asked for a configuration change to the cooling fan clutch to support a new attachment; Hydraulics Engineering opens a customer-requested engineering change against part PN-15089. The change request has been logged in the PLM system for tracking.
ECN-000154,2025-01-31,1,Jan 2025,PLM,Cost-Driven,Quality Approval,62.22,6,True,False,False,False,False,True,False,PN-97973,ASM-7655,Powertrain Engineering,cooling fan clutch,Non-Conformance Report NCR-00154: Engineering comment: value-engineering review of the cooling fan clutch identifies part PN-97973 as a candidate for redesign to reduce unit cost; Powertrain Engineering to submit change request.
ECN-000076,2025-01-28,1,Jan 2025,Supplier Portal,Performance-Related,Final Release,17.45,4,False,False,False,False,True,True,True,PN-96846,ASM-7561,Structural Engineering,alternator,Supplier Communication SC-00076: Test bench data shows the alternator missing target cycle times; Structural Engineering is submitting a change request against part PN-96846 to restore rated performance. Engineering comment: value-engineering review of the cooling fan clutch identifies part PN-96846 as a candidate for redesign to reduce unit cost; Manufacturing Engineering to submit change request.
ECN-001043,2025-06-29,6,Jun 2025,MMS,Regulatory Compliance,Quality Approval,7.3,2,True,False,False,True,True,True,True,PN-48658,ASM-2795,Quality Assurance,transmission control unit,Supplier Communication SC-01043: Supplier communication from Northgate Castings indicates a material certification gap on PN-48658; Quality Assurance requests a compliance change to the transmission control unit.
ECN-000581,2025-03-07,3,Mar 2025,MMS,Performance-Related,Manufacturing,25.31,3,True,False,False,False,True,True,False,PN-69241,ASM-7031,Electrical Systems,transmission control unit,Maintenance Log #00581: Test bench data shows the transmission control unit missing target cycle times; Electrical Systems is submitting a change request against part PN-69241 to restore rated performance.
ECN-000447,2025-03-11,3,Mar 2025,ECN Database,Performance-Related,Design Review,19.19,3,False,False,False,True,True,True,True,PN-34318,ASM-1306,Electrical Systems,hydraulic pump,Non-Conformance Report NCR-00447: Test bench data shows the hydraulic pump missing target cycle times; Electrical Systems is submitting a change request against part PN-34318 to restore rated performance.
ECN-000704,2025-04-13,4,Apr 2025,Supplier Portal,Cost-Driven,Design Review,9.71,2,False,False,False,True,True,True,True,PN-65796,ASM-7751,Hydraulics Engineering,cab HVAC unit,Engineering Comment EC-00704: Supplier communication from Continental Driveline Systems proposes an alternate source for PN-65796 on the cab HVAC unit at a 12% cost reduction; Hydraulics Engineering is evaluating a cost-driven engineering change to assembly ASM-7751. Customer feedback log: fleet operator requests an enhancement to the cab HVAC unit (part PN-65796) for improved serviceability; Supplier Quality is drafting a customer-requested change to assembly ASM-7751. Impact assessment on related assemblies is still in progress.
ECN-000189,2025-01-06,1,Jan 2025,ECN Database,Cost-Driven,Final Release,5.15,6,False,False,False,False,True,False,False,PN-49110,ASM-2758,Powertrain Engineering,cooling fan clutch,Field Service Report FSR-00189: Engineering comment: value-engineering review of the cooling fan clutch identifies part PN-49110 as a candidate for redesign to reduce unit cost; Powertrain Engineering to submit change request. Customer feedback log: fleet operator requests an enhancement to the transmission control unit (part PN-49110) for improved serviceability; Structural Engineering is drafting a customer-requested change to assembly ASM-2758. This item is currently pending review by the change control board.
ECN-000272,2025-02-21,2,Feb 2025,PLM,Safety-Critical,Final Release,18.87,2,True,True,False,True,True,True,True,PN-13847,ASM-6488,Field Service,final drive assembly,Engineering Comment EC-00272: Non-conformance report: PN-13847 on the final drive assembly exhibited a crack during fatigue testing. Field Service recommends immediate containment and a safety-critical engineering change to assembly ASM-6488. Impact assessment on related assemblies is still in progress.
ECN-000237,2025-02-09,2,Feb 2025,ERP,Customer-Requested,Design Review,11.37,4,False,True,False,True,True,True,True,PN-94545,ASM-7547,Powertrain Engineering,exhaust aftertreatment system,Maintenance Log #00237: Field service report: customer has asked for a configuration change to the exhaust aftertreatment system to support a new attachment; Powertrain Engineering opens a customer-requested engineering change against part PN-94545. This item is currently pending review by the change control board.
ECN-000488,2025-03-31,3,Mar 2025,ERP,Customer-Requested,Design Review,12.03,9,True,False,False,True,True,True,True,PN-68903,ASM-6946,Hydraulics Engineering,engine control module,Engineering Comment EC-00488: Customer feedback log: fleet operator requests an enhancement to the engine control module (part PN-68903) for improved serviceability; Hydraulics Engineering is drafting a customer-requested change to assembly ASM-6946. A follow-up review is scheduled for the next engineering change meeting.
ECN-001160,2025-06-09,6,Jun 2025,Supplier Portal,Performance-Related,Design Review,6.1,5,False,True,False,True,True,True,True,PN-96431,ASM-7390,Structural Engineering,cab HVAC unit,Non-Conformance Report NCR-01160: Test bench data shows the cab HVAC unit missing target cycle times; Structural Engineering is submitting a change request against part PN-96431 to restore rated performance.
ECN-000560,2025-03-13,3,Mar 2025,ERP,Cost-Driven,Final Release,18.52,3,True,True,False,False,False,True,True,PN-31627,ASM-8187,Manufacturing Engineering,final drive assembly,Engineering Comment EC-00560: Supplier communication from Vantage Electronics proposes an alternate source for PN-31627 on the final drive assembly at a 12% cost reduction; Manufacturing Engineering is evaluating a cost-driven engineering change to assembly ASM-8187. This item is currently pending review by the change control board.
ECN-000118,2025-01-22,1,Jan 2025,CAD,Cost-Driven,Design Review,9.8,5,True,True,False,True,True,True,True,PN-66349,ASM-2816,Hydraulics Engineering,transmission control unit,Engineering Comment EC-00118: Engineering comment: value-engineering review of the transmission control unit identifies part PN-66349 as a candidate for redesign to reduce unit cost; Hydraulics Engineering to submit change request.
ECN-000638,2025-04-26,4,Apr 2025,PLM,Cost-Driven,Design Review,14.14,5,False,False,True,True,True,True,True,PN-45744,ASM-3235,Supplier Quality,hydraulic pump,Supplier Communication SC-00638: Supplier communication from Continental Driveline Systems proposes an alternate source for PN-45744 on the hydraulic pump at a 12% cost reduction; Supplier Quality is evaluating a cost-driven engineering change to assembly ASM-3235. Supplier communication forwards a customer complaint about PN-45744 wear rate on the transmission control unit; Quality Assurance is preparing a customer-driven revision to assembly ASM-3235.
ECN-001128,2025-06-30,6,Jun 2025,ERP,Regulatory Compliance,Final Release,9.47,4,True,False,False,True,True,True,True,PN-62948,ASM-9107,Regulatory Affairs,transmission control unit,Non-Conformance Report NCR-01128: Non-conformance report: PN-62948 on the transmission control unit does not meet the revised safety standard; Regulatory Affairs has opened a regulatory compliance change request for assembly ASM-9107.
ECN-000751,2025-04-28,4,Apr 2025,ERP,Safety-Critical,Quality Approval,24.29,4,True,False,False,True,True,True,True,PN-48559,ASM-3434,Supplier Quality,exhaust aftertreatment system,Field Service Report FSR-00751: Non-conformance report: PN-48559 on the exhaust aftertreatment system exhibited a crack during fatigue testing. Supplier Quality recommends immediate containment and a safety-critical engineering change to assembly ASM-3434.
ECN-000513,2025-03-19,3,Mar 2025,ERP,Customer-Requested,Design Review,20.81,4,False,True,False,False,True,False,True,PN-97932,ASM-9740,Manufacturing Engineering,cooling fan clutch,Supplier Communication SC-00513: Customer feedback log: fleet operator requests an enhancement to the cooling fan clutch (part PN-97932) for improved serviceability; Manufacturing Engineering is drafting a customer-requested change to assembly ASM-9740.
ECN-000634,2025-04-28,4,Apr 2025,ERP,Customer-Requested,Manufacturing,20.87,7,True,True,False,True,True,True,True,PN-36224,ASM-7788,Electrical Systems,track undercarriage,Engineering Comment EC-00634: Field service report: customer has asked for a configuration change to the track undercarriage to support a new attachment; Electrical Systems opens a customer-requested engineering change against part PN-36224. Procurement flags rising cost of PN-36224 used in the transmission control unit; Quality Assurance requests a cost-driven change to qualify a second source for assembly ASM-7788.
ECN-000786,2025-04-05,4,Apr 2025,CAD,Cost-Driven,Manufacturing,12.3,6,True,False,True,True,True,True,True,PN-87000,ASM-1217,Supplier Quality,alternator,Maintenance Log #00786: Supplier communication from Vantage Electronics proposes an alternate source for PN-87000 on the alternator at a 12% cost reduction; Supplier Quality is evaluating a cost-driven engineering change to assembly ASM-1217. Field service report notes reduced output from the boom cylinder; Regulatory Affairs traces the root cause to part PN-87000 tolerance drift and requests a performance-related revision to assembly ASM-1217.
ECN-001007,2025-06-23,6,Jun 2025,MMS,Safety-Critical,Final Release,9.71,5,True,False,False,True,True,True,True,PN-82416,ASM-8899,Regulatory Affairs,transmission control unit,"Supplier Communication SC-01007: Field service report flags a potential failure mode in the transmission control unit (assembly ASM-8899, part PN-82416) that could compromise operator safety under high-load conditions; Regulatory Affairs has requested an urgent design review. Additional supporting documentation has been attached to the ECN record."
ECN-000853,2025-05-13,5,May 2025,MMS,Cost-Driven,Quality Approval,5.68,6,True,True,False,True,True,True,True,PN-67484,ASM-8198,Field Service,transmission control unit,Non-Conformance Report NCR-00853: Supplier communication from Meridian Hydraulics Inc. proposes an alternate source for PN-67484 on the transmission control unit at a 12% cost reduction; Field Service is evaluating a cost-driven engineering change to assembly ASM-8198. Customer feedback log: fleet operator requests an enhancement to the fuel injection system (part PN-67484) for improved serviceability; Supplier Quality is drafting a customer-requested change to assembly ASM-8198. This item is currently pending review by the change control board.
ECN-000127,2025-01-15,1,Jan 2025,Supplier Portal,Performance-Related,Final Release,20.56,4,True,False,False,True,False,False,False,PN-70521,ASM-8404,Hydraulics Engineering,transmission control unit,"Supplier Communication SC-00127: Engineering comment: transmission control unit (part PN-70521, assembly ASM-8404) is underperforming relative to spec by ~8%; Hydraulics Engineering proposes a performance tuning change to improve efficiency. Customer feedback log: fleet operator requests an enhancement to the steering valve block (part PN-70521) for improved serviceability; Hydraulics Engineering is drafting a customer-requested change to assembly ASM-8404."
ECN-000117,2025-01-09,1,Jan 2025,ERP,Cost-Driven,Final Release,13.41,6,True,False,False,True,True,True,True,PN-30392,ASM-3579,Hydraulics Engineering,fuel injection system,Supplier Communication SC-00117: Procurement flags rising cost of PN-30392 used in the fuel injection system; Hydraulics Engineering requests a cost-driven change to qualify a second source for assembly ASM-3579. Field service report notes reduced output from the cab HVAC unit; Regulatory Affairs traces the root cause to part PN-30392 tolerance drift and requests a performance-related revision to assembly ASM-3579.
ECN-000474,2025-03-26,3,Mar 2025,PLM,Cost-Driven,Quality Approval,18.52,2,False,True,False,False,False,False,False,PN-55453,ASM-6765,Quality Assurance,track undercarriage,Field Service Report FSR-00474: Engineering comment: value-engineering review of the track undercarriage identifies part PN-55453 as a candidate for redesign to reduce unit cost; Quality Assurance to submit change request. A follow-up review is scheduled for the next engineering change meeting.
ECN-000741,2025-04-25,4,Apr 2025,ERP,Regulatory Compliance,Manufacturing,10.57,7,True,False,False,True,True,True,True,PN-28045,ASM-1722,Quality Assurance,cab HVAC unit,Engineering Comment EC-00741: Regulatory bulletin requires updated emissions documentation for the cab HVAC unit (part PN-28045); Quality Assurance is initiating a compliance-driven engineering change to assembly ASM-1722. Maintenance log entry: repeated overheating observed on steering valve block (part PN-28045) across three units in the field; escalated to Manufacturing Engineering as a safety-critical change request.
ECN-000993,2025-05-25,5,May 2025,ECN Database,Safety-Critical,Manufacturing,10.88,5,True,False,False,True,True,True,True,PN-96303,ASM-5963,Quality Assurance,alternator,Engineering Comment EC-00993: Non-conformance report: PN-96303 on the alternator exhibited a crack during fatigue testing. Quality Assurance recommends immediate containment and a safety-critical engineering change to assembly ASM-5963. Non-conformance report: PN-96303 on the cab HVAC unit does not meet the revised safety standard; Quality Assurance has opened a regulatory compliance change request for assembly ASM-5963.
ECN-000058,2025-01-14,1,Jan 2025,ERP,Cost-Driven,Manufacturing,14.83,2,False,False,False,True,False,True,False,PN-65057,ASM-9031,Manufacturing Engineering,steering valve block,Non-Conformance Report NCR-00058: Supplier communication from Meridian Hydraulics Inc. proposes an alternate source for PN-65057 on the steering valve block at a 12% cost reduction; Manufacturing Engineering is evaluating a cost-driven engineering change to assembly ASM-9031. The change request has been logged in the PLM system for tracking.
ECN-000604,2025-04-28,4,Apr 2025,Supplier Portal,Cost-Driven,Manufacturing,12.74,2,False,False,False,True,False,False,False,PN-64000,ASM-6575,Manufacturing Engineering,cooling fan clutch,Engineering Comment EC-00604: Supplier communication from Northgate Castings proposes an alternate source for PN-64000 on the cooling fan clutch at a 12% cost reduction; Manufacturing Engineering is evaluating a cost-driven engineering change to assembly ASM-6575. Test bench data shows the boom cylinder missing target cycle times; Supplier Quality is submitting a change request against part PN-64000 to restore rated performance.
ECN-000787,2025-04-15,4,Apr 2025,ECN Database,Performance-Related,Quality Approval,29.62,4,True,False,False,True,False,False,False,PN-29879,ASM-7156,Field Service,cab HVAC unit,"Engineering Comment EC-00787: Engineering comment: cab HVAC unit (part PN-29879, assembly ASM-7156) is underperforming relative to spec by ~8%; Field Service proposes a performance tuning change to improve efficiency. Impact assessment on related assemblies is still in progress."
ECN-000971,2025-05-07,5,May 2025,PLM,Cost-Driven,Final Release,5.37,2,True,True,False,True,True,True,True,PN-99006,ASM-6715,Quality Assurance,transmission control unit,Field Service Report FSR-00971: Engineering comment: value-engineering review of the transmission control unit identifies part PN-99006 as a candidate for redesign to reduce unit cost; Quality Assurance to submit change request. Cross-functional stakeholders have been notified for input.
ECN-000657,2025-04-23,4,Apr 2025,ECN Database,Cost-Driven,Final Release,8.69,5,True,False,True,True,True,True,True,PN-53628,ASM-4847,Powertrain Engineering,transmission control unit,Engineering Comment EC-00657: Engineering comment: value-engineering review of the transmission control unit identifies part PN-53628 as a candidate for redesign to reduce unit cost; Powertrain Engineering to submit change request.
ECN-000903,2025-05-20,5,May 2025,MMS,Performance-Related,Final Release,17.56,1,True,False,True,True,True,True,True,PN-89788,ASM-9573,Electrical Systems,final drive assembly,Field Service Report FSR-00903: Field service report notes reduced output from the final drive assembly; Electrical Systems traces the root cause to part PN-89788 tolerance drift and requests a performance-related revision to assembly ASM-9573. Cross-functional stakeholders have been notified for input.
ECN-000922,2025-05-03,5,May 2025,PLM,Regulatory Compliance,Design Review,15.47,5,True,True,False,True,True,True,True,PN-93113,ASM-5640,Field Service,track undercarriage,Maintenance Log #00922: Supplier communication from Northgate Castings indicates a material certification gap on PN-93113; Field Service requests a compliance change to the track undercarriage.
ECN-000106,2025-01-15,1,Jan 2025,Supplier Portal,Cost-Driven,Quality Approval,33.02,5,True,False,False,False,True,False,True,PN-18330,ASM-8802,Electrical Systems,track undercarriage,Maintenance Log #00106: Engineering comment: value-engineering review of the track undercarriage identifies part PN-18330 as a candidate for redesign to reduce unit cost; Electrical Systems to submit change request.
ECN-000636,2025-04-28,4,Apr 2025,MMS,Cost-Driven,Quality Approval,9.42,7,True,True,False,True,True,True,True,PN-36299,ASM-6968,Powertrain Engineering,exhaust aftertreatment system,Non-Conformance Report NCR-00636: Engineering comment: value-engineering review of the exhaust aftertreatment system identifies part PN-36299 as a candidate for redesign to reduce unit cost; Powertrain Engineering to submit change request. Test bench data shows the steering valve block missing target cycle times; Field Service is submitting a change request against part PN-36299 to restore rated performance. This item is currently pending review by the change control board.
ECN-000370,2025-02-22,2,Feb 2025,ECN Database,Regulatory Compliance,Manufacturing,10.3,3,True,False,False,True,True,True,True,PN-22577,ASM-3742,Electrical Systems,fuel injection system,Non-Conformance Report NCR-00370: Supplier communication from Meridian Hydraulics Inc. indicates a material certification gap on PN-22577; Electrical Systems requests a compliance change to the fuel injection system.
ECN-000269,2025-02-02,2,Feb 2025,ERP,Performance-Related,Design Review,14.29,4,True,False,False,True,True,True,True,PN-61213,ASM-2083,Electrical Systems,final drive assembly,Non-Conformance Report NCR-00269: Field service report notes reduced output from the final drive assembly; Electrical Systems traces the root cause to part PN-61213 tolerance drift and requests a performance-related revision to assembly ASM-2083.
ECN-000656,2025-04-03,4,Apr 2025,PLM,Cost-Driven,Manufacturing,12.78,3,True,False,True,True,True,True,True,PN-62108,ASM-4476,Quality Assurance,cab HVAC unit,Field Service Report FSR-00656: Procurement flags rising cost of PN-62108 used in the cab HVAC unit; Quality Assurance requests a cost-driven change to qualify a second source for assembly ASM-4476. A follow-up review is scheduled for the next engineering change meeting.
ECN-000047,2025-01-09,1,Jan 2025,CAD,Performance-Related,Quality Approval,27.55,4,False,False,False,True,True,False,False,PN-73517,ASM-4919,Field Service,steering valve block,Non-Conformance Report NCR-00047: Field service report notes reduced output from the steering valve block; Field Service traces the root cause to part PN-73517 tolerance drift and requests a performance-related revision to assembly ASM-4919.
ECN-000350,2025-02-20,2,Feb 2025,ECN Database,Safety-Critical,Manufacturing,36.5,5,True,False,False,True,True,True,True,PN-64046,ASM-1587,Hydraulics Engineering,hydraulic pump,Engineering Comment EC-00350: Maintenance log entry: repeated overheating observed on hydraulic pump (part PN-64046) across three units in the field; escalated to Hydraulics Engineering as a safety-critical change request.
ECN-000774,2025-04-09,4,Apr 2025,PLM,Performance-Related,Quality Approval,13.93,4,True,False,False,True,True,True,True,PN-59958,ASM-6630,Hydraulics Engineering,hydraulic pump,Maintenance Log #00774: Test bench data shows the hydraulic pump missing target cycle times; Hydraulics Engineering is submitting a change request against part PN-59958 to restore rated performance. This item is currently pending review by the change control board.
ECN-000196,2025-01-19,1,Jan 2025,Supplier Portal,Performance-Related,Final Release,14.22,2,True,False,False,True,True,True,False,PN-83946,ASM-2838,Manufacturing Engineering,transmission control unit,"Non-Conformance Report NCR-00196: Engineering comment: transmission control unit (part PN-83946, assembly ASM-2838) is underperforming relative to spec by ~8%; Manufacturing Engineering proposes a performance tuning change to improve efficiency."
ECN-000103,2025-01-19,1,Jan 2025,ERP,Performance-Related,Final Release,15.18,2,True,False,False,False,False,False,True,PN-53713,ASM-4990,Powertrain Engineering,steering valve block,"Non-Conformance Report NCR-00103: Engineering comment: steering valve block (part PN-53713, assembly ASM-4990) is underperforming relative to spec by ~8%; Powertrain Engineering proposes a performance tuning change to improve efficiency. A follow-up review is scheduled for the next engineering change meeting."
ECN-000005,2025-01-13,1,Jan 2025,CAD,Safety-Critical,Quality Approval,23.75,12,True,False,False,True,True,True,True,PN-16006,ASM-4733,Supplier Quality,exhaust aftertreatment system,Maintenance Log #00005: Non-conformance report: PN-16006 on the exhaust aftertreatment system exhibited a crack during fatigue testing. Supplier Quality recommends immediate containment and a safety-critical engineering change to assembly ASM-4733.
ECN-000620,2025-04-20,4,Apr 2025,ECN Database,Customer-Requested,Final Release,9.44,4,True,True,False,True,True,True,True,PN-23055,ASM-1865,Quality Assurance,steering valve block,Supplier Communication SC-00620: Customer feedback log: fleet operator requests an enhancement to the steering valve block (part PN-23055) for improved serviceability; Quality Assurance is drafting a customer-requested change to assembly ASM-1865. Additional supporting documentation has been attached to the ECN record.
ECN-000991,2025-05-12,5,May 2025,ECN Database,Cost-Driven,Quality Approval,22.29,7,True,False,True,True,True,True,True,PN-70076,ASM-5536,Quality Assurance,fuel injection system,Non-Conformance Report NCR-00991: Supplier communication from Northgate Castings proposes an alternate source for PN-70076 on the fuel injection system at a 12% cost reduction; Quality Assurance is evaluating a cost-driven engineering change to assembly ASM-5536. A follow-up review is scheduled for the next engineering change meeting.
ECN-000053,2025-01-27,1,Jan 2025,PLM,Cost-Driven,Quality Approval,22.57,6,False,False,True,True,True,True,True,PN-69598,ASM-6355,Manufacturing Engineering,track undercarriage,Field Service Report FSR-00053: Engineering comment: value-engineering review of the track undercarriage identifies part PN-69598 as a candidate for redesign to reduce unit cost; Manufacturing Engineering to submit change request. The change request has been logged in the PLM system for tracking.
ECN-000264,2025-02-21,2,Feb 2025,PLM,Regulatory Compliance,Quality Approval,21.01,4,True,True,False,True,True,True,True,PN-42527,ASM-5668,Field Service,boom cylinder,"Field Service Report FSR-00264: Supplier communication from Meridian Hydraulics Inc. indicates a material certification gap on PN-42527; Field Service requests a compliance change to the boom cylinder. Field service report flags a potential failure mode in the transmission control unit (assembly ASM-5668, part PN-42527) that could compromise operator safety under high-load conditions; Electrical Systems has requested an urgent design review."
ECN-001093,2025-06-02,6,Jun 2025,PLM,Regulatory Compliance,Final Release,6.38,6,True,True,False,True,True,True,True,PN-45251,ASM-2486,Electrical Systems,alternator,Field Service Report FSR-01093: Supplier communication from Vantage Electronics indicates a material certification gap on PN-45251; Electrical Systems requests a compliance change to the alternator. The change request has been logged in the PLM system for tracking.
ECN-000444,2025-03-29,3,Mar 2025,PLM,Regulatory Compliance,Final Release,9.31,1,True,True,False,True,True,True,True,PN-35292,ASM-1349,Manufacturing Engineering,steering valve block,Field Service Report FSR-00444: Supplier communication from Northgate Castings indicates a material certification gap on PN-35292; Manufacturing Engineering requests a compliance change to the steering valve block.
ECN-000972,2025-05-10,5,May 2025,PLM,Customer-Requested,Manufacturing,13.82,5,True,False,True,True,True,True,True,PN-90264,ASM-3014,Electrical Systems,exhaust aftertreatment system,Field Service Report FSR-00972: Field service report: customer has asked for a configuration change to the exhaust aftertreatment system to support a new attachment; Electrical Systems opens a customer-requested engineering change against part PN-90264.
ECN-000783,2025-04-04,4,Apr 2025,ECN Database,Customer-Requested,Design Review,15.41,3,True,True,False,True,True,True,True,PN-58362,ASM-1719,Field Service,steering valve block,Supplier Communication SC-00783: Customer feedback log: fleet operator requests an enhancement to the steering valve block (part PN-58362) for improved serviceability; Field Service is drafting a customer-requested change to assembly ASM-1719. A follow-up review is scheduled for the next engineering change meeting.
ECN-000847,2025-05-22,5,May 2025,Supplier Portal,Performance-Related,Manufacturing,9.31,8,True,False,True,True,True,True,True,PN-63145,ASM-1227,Electrical Systems,transmission control unit,Engineering Comment EC-00847: Test bench data shows the transmission control unit missing target cycle times; Electrical Systems is submitting a change request against part PN-63145 to restore rated performance. Procurement flags rising cost of PN-63145 used in the track undercarriage; Electrical Systems requests a cost-driven change to qualify a second source for assembly ASM-1227. Impact assessment on related assemblies is still in progress.
ECN-000692,2025-04-25,4,Apr 2025,Supplier Portal,Customer-Requested,Manufacturing,8.95,3,False,False,False,False,False,False,False,PN-31895,ASM-2934,Electrical Systems,hydraulic pump,Supplier Communication SC-00692: Customer feedback log: fleet operator requests an enhancement to the hydraulic pump (part PN-31895) for improved serviceability; Electrical Systems is drafting a customer-requested change to assembly ASM-2934. Cross-functional stakeholders have been notified for input.
ECN-000305,2025-02-16,2,Feb 2025,ECN Database,Safety-Critical,Quality Approval,30.25,7,False,True,False,True,True,False,False,PN-22712,ASM-1421,Structural Engineering,cooling fan clutch,"Supplier Communication SC-00305: Field service report flags a potential failure mode in the cooling fan clutch (assembly ASM-1421, part PN-22712) that could compromise operator safety under high-load conditions; Structural Engineering has requested an urgent design review. Regulatory bulletin requires updated emissions documentation for the cab HVAC unit (part PN-22712); Hydraulics Engineering is initiating a compliance-driven engineering change to assembly ASM-1421."
ECN-000342,2025-02-27,2,Feb 2025,MMS,Cost-Driven,Design Review,30.16,4,True,False,True,True,True,True,True,PN-56861,ASM-8171,Quality Assurance,steering valve block,Field Service Report FSR-00342: Procurement flags rising cost of PN-56861 used in the steering valve block; Quality Assurance requests a cost-driven change to qualify a second source for assembly ASM-8171. Field service report notes reduced output from the fuel injection system; Quality Assurance traces the root cause to part PN-56861 tolerance drift and requests a performance-related revision to assembly ASM-8171. The change request has been logged in the PLM system for tracking.
ECN-000867,2025-05-26,5,May 2025,ECN Database,Cost-Driven,Quality Approval,3.86,2,True,False,True,True,True,True,True,PN-31880,ASM-5491,Electrical Systems,transmission control unit,Maintenance Log #00867: Procurement flags rising cost of PN-31880 used in the transmission control unit; Electrical Systems requests a cost-driven change to qualify a second source for assembly ASM-5491. A follow-up review is scheduled for the next engineering change meeting.
ECN-000314,2025-02-02,2,Feb 2025,ECN Database,Performance-Related,Design Review,6.16,3,True,True,False,True,True,True,True,PN-84976,ASM-8750,Regulatory Affairs,cooling fan clutch,"Non-Conformance Report NCR-00314: Engineering comment: cooling fan clutch (part PN-84976, assembly ASM-8750) is underperforming relative to spec by ~8%; Regulatory Affairs proposes a performance tuning change to improve efficiency. Customer feedback log: fleet operator requests an enhancement to the exhaust aftertreatment system (part PN-84976) for improved serviceability; Regulatory Affairs is drafting a customer-requested change to assembly ASM-8750. Cross-functional stakeholders have been notified for input."
ECN-000150,2025-01-09,1,Jan 2025,PLM,Safety-Critical,Manufacturing,35.44,6,False,False,False,True,True,True,True,PN-94790,ASM-4131,Field Service,cab HVAC unit,Field Service Report FSR-00150: Non-conformance report: PN-94790 on the cab HVAC unit exhibited a crack during fatigue testing. Field Service recommends immediate containment and a safety-critical engineering change to assembly ASM-4131.
ECN-000125,2025-01-11,1,Jan 2025,ECN Database,Safety-Critical,Quality Approval,16.13,5,True,False,False,False,True,False,False,PN-32740,ASM-3504,Field Service,final drive assembly,Engineering Comment EC-00125: Maintenance log entry: repeated overheating observed on final drive assembly (part PN-32740) across three units in the field; escalated to Field Service as a safety-critical change request. Non-conformance report: PN-32740 on the exhaust aftertreatment system does not meet the revised safety standard; Structural Engineering has opened a regulatory compliance change request for assembly ASM-3504.
ECN-001063,2025-06-23,6,Jun 2025,PLM,Cost-Driven,Quality Approval,14.39,9,True,True,False,True,True,True,True,PN-60123,ASM-1282,Electrical Systems,transmission control unit,Engineering Comment EC-01063: Engineering comment: value-engineering review of the transmission control unit identifies part PN-60123 as a candidate for redesign to reduce unit cost; Electrical Systems to submit change request.
ECN-000575,2025-03-28,3,Mar 2025,Supplier Portal,Regulatory Compliance,Design Review,19.59,2,True,False,False,True,True,True,True,PN-41334,ASM-2486,Manufacturing Engineering,final drive assembly,Supplier Communication SC-00575: Regulatory bulletin requires updated emissions documentation for the final drive assembly (part PN-41334); Manufacturing Engineering is initiating a compliance-driven engineering change to assembly ASM-2486. Impact assessment on related assemblies is still in progress.
ECN-000698,2025-04-21,4,Apr 2025,ERP,Regulatory Compliance,Final Release,11.18,3,True,False,True,True,True,True,True,PN-11035,ASM-5583,Manufacturing Engineering,alternator,Supplier Communication SC-00698: Supplier communication from Apex Sensor Technologies indicates a material certification gap on PN-11035; Manufacturing Engineering requests a compliance change to the alternator. The change request has been logged in the PLM system for tracking.
ECN-000665,2025-04-13,4,Apr 2025,CAD,Cost-Driven,Final Release,26.48,0,True,False,False,True,True,True,True,PN-33667,ASM-7822,Electrical Systems,hydraulic pump,Maintenance Log #00665: Supplier communication from Vantage Electronics proposes an alternate source for PN-33667 on the hydraulic pump at a 12% cost reduction; Electrical Systems is evaluating a cost-driven engineering change to assembly ASM-7822. Supplier communication forwards a customer complaint about PN-33667 wear rate on the engine control module; Manufacturing Engineering is preparing a customer-driven revision to assembly ASM-7822. Impact assessment on related assemblies is still in progress.
ECN-000051,2025-01-30,1,Jan 2025,ERP,Performance-Related,Final Release,21.72,1,False,False,False,True,True,True,True,PN-38906,ASM-8999,Electrical Systems,alternator,"Supplier Communication SC-00051: Engineering comment: alternator (part PN-38906, assembly ASM-8999) is underperforming relative to spec by ~8%; Electrical Systems proposes a performance tuning change to improve efficiency. Customer feedback log: fleet operator requests an enhancement to the track undercarriage (part PN-38906) for improved serviceability; Manufacturing Engineering is drafting a customer-requested change to assembly ASM-8999."
ECN-000727,2025-04-22,4,Apr 2025,PLM,Customer-Requested,Design Review,10.58,2,False,False,False,True,True,True,True,PN-80533,ASM-2329,Structural Engineering,alternator,Supplier Communication SC-00727: Supplier communication forwards a customer complaint about PN-80533 wear rate on the alternator; Structural Engineering is preparing a customer-driven revision to assembly ASM-2329.
ECN-000800,2025-04-18,4,Apr 2025,ECN Database,Performance-Related,Manufacturing,16.75,3,False,True,False,True,True,True,True,PN-34749,ASM-7929,Hydraulics Engineering,exhaust aftertreatment system,"Engineering Comment EC-00800: Engineering comment: exhaust aftertreatment system (part PN-34749, assembly ASM-7929) is underperforming relative to spec by ~8%; Hydraulics Engineering proposes a performance tuning change to improve efficiency. Cross-functional stakeholders have been notified for input."
ECN-000354,2025-02-04,2,Feb 2025,MMS,Cost-Driven,Quality Approval,13.63,4,False,False,True,True,True,True,True,PN-25826,ASM-7437,Supplier Quality,exhaust aftertreatment system,Field Service Report FSR-00354: Supplier communication from Continental Driveline Systems proposes an alternate source for PN-25826 on the exhaust aftertreatment system at a 12% cost reduction; Supplier Quality is evaluating a cost-driven engineering change to assembly ASM-7437.
ECN-001153,2025-06-11,6,Jun 2025,ECN Database,Cost-Driven,Final Release,10.63,8,True,False,False,True,True,True,True,PN-76787,ASM-8708,Powertrain Engineering,cab HVAC unit,Supplier Communication SC-01153: Engineering comment: value-engineering review of the cab HVAC unit identifies part PN-76787 as a candidate for redesign to reduce unit cost; Powertrain Engineering to submit change request. Field service report notes reduced output from the steering valve block; Field Service traces the root cause to part PN-76787 tolerance drift and requests a performance-related revision to assembly ASM-8708.
ECN-000143,2025-01-14,1,Jan 2025,PLM,Customer-Requested,Design Review,10.9,3,True,False,True,True,True,True,True,PN-43544,ASM-4533,Hydraulics Engineering,hydraulic pump,Engineering Comment EC-00143: Customer feedback log: fleet operator requests an enhancement to the hydraulic pump (part PN-43544) for improved serviceability; Hydraulics Engineering is drafting a customer-requested change to assembly ASM-4533.
ECN-000471,2025-03-13,3,Mar 2025,ECN Database,Cost-Driven,Manufacturing,17.38,7,True,False,False,True,True,True,True,PN-86415,ASM-9631,Powertrain Engineering,alternator,Maintenance Log #00471: Supplier communication from Northgate Castings proposes an alternate source for PN-86415 on the alternator at a 12% cost reduction; Powertrain Engineering is evaluating a cost-driven engineering change to assembly ASM-9631. Field service report notes reduced output from the boom cylinder; Field Service traces the root cause to part PN-86415 tolerance drift and requests a performance-related revision to assembly ASM-9631. This item is currently pending review by the change control board.
ECN-000654,2025-04-20,4,Apr 2025,ERP,Performance-Related,Manufacturing,10.63,2,False,True,True,True,True,True,True,PN-98291,ASM-9096,Regulatory Affairs,transmission control unit,"Non-Conformance Report NCR-00654: Engineering comment: transmission control unit (part PN-98291, assembly ASM-9096) is underperforming relative to spec by ~8%; Regulatory Affairs proposes a performance tuning change to improve efficiency. Supplier communication from Northgate Castings proposes an alternate source for PN-98291 on the cooling fan clutch at a 12% cost reduction; Field Service is evaluating a cost-driven engineering change to assembly ASM-9096. The change request has been logged in the PLM system for tracking."
ECN-000400,2025-02-09,2,Feb 2025,CAD,Customer-Requested,Quality Approval,13.35,3,False,False,False,False,True,True,True,PN-78490,ASM-2930,Powertrain Engineering,alternator,Engineering Comment EC-00400: Supplier communication forwards a customer complaint about PN-78490 wear rate on the alternator; Powertrain Engineering is preparing a customer-driven revision to assembly ASM-2930. Test bench data shows the fuel injection system missing target cycle times; Regulatory Affairs is submitting a change request against part PN-78490 to restore rated performance. The change request has been logged in the PLM system for tracking.
ECN-001154,2025-06-07,6,Jun 2025,Supplier Portal,Cost-Driven,Quality Approval,7.92,6,True,False,False,True,True,True,True,PN-35374,ASM-2781,Electrical Systems,steering valve block,Engineering Comment EC-01154: Supplier communication from Continental Driveline Systems proposes an alternate source for PN-35374 on the steering valve block at a 12% cost reduction; Electrical Systems is evaluating a cost-driven engineering change to assembly ASM-2781. Field service report: customer has asked for a configuration change to the transmission control unit to support a new attachment; Structural Engineering opens a customer-requested engineering change against part PN-35374.
ECN-000938,2025-05-06,5,May 2025,ERP,Customer-Requested,Manufacturing,23.0,8,True,False,False,True,False,False,True,PN-74985,ASM-8144,Field Service,steering valve block,Field Service Report FSR-00938: Supplier communication forwards a customer complaint about PN-74985 wear rate on the steering valve block; Field Service is preparing a customer-driven revision to assembly ASM-8144.
ECN-000321,2025-02-26,2,Feb 2025,PLM,Customer-Requested,Final Release,11.15,3,False,True,False,True,True,True,True,PN-99417,ASM-1145,Electrical Systems,track undercarriage,Engineering Comment EC-00321: Field service report: customer has asked for a configuration change to the track undercarriage to support a new attachment; Electrical Systems opens a customer-requested engineering change against part PN-99417.
ECN-000020,2025-01-15,1,Jan 2025,ERP,Cost-Driven,Manufacturing,14.25,4,True,False,False,False,False,False,True,PN-42591,ASM-4139,Manufacturing Engineering,alternator,Field Service Report FSR-00020: Supplier communication from Meridian Hydraulics Inc. proposes an alternate source for PN-42591 on the alternator at a 12% cost reduction; Manufacturing Engineering is evaluating a cost-driven engineering change to assembly ASM-4139. Additional supporting documentation has been attached to the ECN record.
ECN-000685,2025-04-16,4,Apr 2025,CAD,Performance-Related,Design Review,7.89,1,True,False,False,False,True,True,True,PN-74852,ASM-6681,Structural Engineering,track undercarriage,Non-Conformance Report NCR-00685: Field service report notes reduced output from the track undercarriage; Structural Engineering traces the root cause to part PN-74852 tolerance drift and requests a performance-related revision to assembly ASM-6681. Cross-functional stakeholders have been notified for input.
ECN-000036,2025-01-12,1,Jan 2025,ECN Database,Performance-Related,Design Review,12.71,2,True,False,False,True,True,True,True,PN-62227,ASM-6378,Powertrain Engineering,boom cylinder,Field Service Report FSR-00036: Field service report notes reduced output from the boom cylinder; Powertrain Engineering traces the root cause to part PN-62227 tolerance drift and requests a performance-related revision to assembly ASM-6378.
ECN-000825,2025-05-19,5,May 2025,MMS,Regulatory Compliance,Design Review,21.64,7,True,False,False,True,True,True,True,PN-22589,ASM-6825,Quality Assurance,steering valve block,Field Service Report FSR-00825: Non-conformance report: PN-22589 on the steering valve block does not meet the revised safety standard; Quality Assurance has opened a regulatory compliance change request for assembly ASM-6825. A follow-up review is scheduled for the next engineering change meeting.
ECN-000506,2025-03-25,3,Mar 2025,PLM,Safety-Critical,Design Review,22.76,4,True,False,True,True,True,True,True,PN-13268,ASM-8907,Structural Engineering,engine control module,Non-Conformance Report NCR-00506: Maintenance log entry: repeated overheating observed on engine control module (part PN-13268) across three units in the field; escalated to Structural Engineering as a safety-critical change request. Non-conformance report: PN-13268 on the alternator does not meet the revised safety standard; Electrical Systems has opened a regulatory compliance change request for assembly ASM-8907.
ECN-000828,2025-05-23,5,May 2025,ECN Database,Cost-Driven,Quality Approval,7.77,6,True,False,False,True,True,True,True,PN-39482,ASM-1377,Structural Engineering,engine control module,Field Service Report FSR-00828: Procurement flags rising cost of PN-39482 used in the engine control module; Structural Engineering requests a cost-driven change to qualify a second source for assembly ASM-1377.
ECN-001071,2025-06-06,6,Jun 2025,Supplier Portal,Cost-Driven,Quality Approval,12.62,4,True,False,False,True,True,True,True,PN-89235,ASM-5116,Manufacturing Engineering,alternator,Non-Conformance Report NCR-01071: Engineering comment: value-engineering review of the alternator identifies part PN-89235 as a candidate for redesign to reduce unit cost; Manufacturing Engineering to submit change request.
ECN-000408,2025-03-01,3,Mar 2025,CAD,Safety-Critical,Design Review,6.42,4,True,False,False,True,True,True,True,PN-46242,ASM-4707,Manufacturing Engineering,transmission control unit,Engineering Comment EC-00408: Maintenance log entry: repeated overheating observed on transmission control unit (part PN-46242) across three units in the field; escalated to Manufacturing Engineering as a safety-critical change request. The change request has been logged in the PLM system for tracking.
ECN-000818,2025-05-20,5,May 2025,CAD,Customer-Requested,Final Release,10.98,4,True,False,True,True,True,False,False,PN-99126,ASM-8467,Supplier Quality,cooling fan clutch,Maintenance Log #00818: Customer feedback log: fleet operator requests an enhancement to the cooling fan clutch (part PN-99126) for improved serviceability; Supplier Quality is drafting a customer-requested change to assembly ASM-8467. Impact assessment on related assemblies is still in progress.
ECN-000538,2025-03-13,3,Mar 2025,ECN Database,Regulatory Compliance,Manufacturing,12.25,1,True,True,False,True,True,True,True,PN-49500,ASM-8803,Regulatory Affairs,cab HVAC unit,Non-Conformance Report NCR-00538: Supplier communication from Northgate Castings indicates a material certification gap on PN-49500; Regulatory Affairs requests a compliance change to the cab HVAC unit.
ECN-000759,2025-04-27,4,Apr 2025,Supplier Portal,Customer-Requested,Design Review,4.1,5,True,False,False,True,True,True,True,PN-44227,ASM-1139,Quality Assurance,exhaust aftertreatment system,Supplier Communication SC-00759: Field service report: customer has asked for a configuration change to the exhaust aftertreatment system to support a new attachment; Quality Assurance opens a customer-requested engineering change against part PN-44227. The change request has been logged in the PLM system for tracking.
ECN-001069,2025-06-13,6,Jun 2025,PLM,Performance-Related,Manufacturing,14.03,6,True,False,False,True,True,True,True,PN-35869,ASM-8169,Hydraulics Engineering,alternator,"Supplier Communication SC-01069: Engineering comment: alternator (part PN-35869, assembly ASM-8169) is underperforming relative to spec by ~8%; Hydraulics Engineering proposes a performance tuning change to improve efficiency. Field service report: customer has asked for a configuration change to the final drive assembly to support a new attachment; Electrical Systems opens a customer-requested engineering change against part PN-35869. A follow-up review is scheduled for the next engineering change meeting."
ECN-000893,2025-05-25,5,May 2025,ERP,Cost-Driven,Final Release,10.44,5,True,False,False,True,True,True,True,PN-42118,ASM-2262,Quality Assurance,fuel injection system,Non-Conformance Report NCR-00893: Supplier communication from Meridian Hydraulics Inc. proposes an alternate source for PN-42118 on the fuel injection system at a 12% cost reduction; Quality Assurance is evaluating a cost-driven engineering change to assembly ASM-2262.
ECN-000039,2025-01-12,1,Jan 2025,MMS,Performance-Related,Design Review,12.99,4,False,False,False,True,True,False,True,PN-78146,ASM-9821,Regulatory Affairs,alternator,Non-Conformance Report NCR-00039: Test bench data shows the alternator missing target cycle times; Regulatory Affairs is submitting a change request against part PN-78146 to restore rated performance.
ECN-000176,2025-01-16,1,Jan 2025,ECN Database,Safety-Critical,Quality Approval,24.12,8,True,True,False,False,True,True,False,PN-61505,ASM-5902,Manufacturing Engineering,exhaust aftertreatment system,Engineering Comment EC-00176: Maintenance log entry: repeated overheating observed on exhaust aftertreatment system (part PN-61505) across three units in the field; escalated to Manufacturing Engineering as a safety-critical change request.
ECN-000246,2025-02-01,2,Feb 2025,MMS,Cost-Driven,Manufacturing,7.21,2,True,False,False,True,False,False,False,PN-94575,ASM-3838,Structural Engineering,final drive assembly,Field Service Report FSR-00246: Procurement flags rising cost of PN-94575 used in the final drive assembly; Structural Engineering requests a cost-driven change to qualify a second source for assembly ASM-3838. Customer feedback log: fleet operator requests an enhancement to the final drive assembly (part PN-94575) for improved serviceability; Manufacturing Engineering is drafting a customer-requested change to assembly ASM-3838.
ECN-000811,2025-05-28,5,May 2025,MMS,Cost-Driven,Manufacturing,11.61,1,True,True,False,True,True,True,True,PN-48517,ASM-4196,Hydraulics Engineering,cab HVAC unit,"Engineering Comment EC-00811: Procurement flags rising cost of PN-48517 used in the cab HVAC unit; Hydraulics Engineering requests a cost-driven change to qualify a second source for assembly ASM-4196. Engineering comment: cab HVAC unit (part PN-48517, assembly ASM-4196) is underperforming relative to spec by ~8%; Hydraulics Engineering proposes a performance tuning change to improve efficiency."
ECN-001085,2025-06-07,6,Jun 2025,Supplier Portal,Customer-Requested,Design Review,4.59,6,True,False,False,True,True,True,True,PN-11857,ASM-7605,Manufacturing Engineering,final drive assembly,Maintenance Log #01085: Field service report: customer has asked for a configuration change to the final drive assembly to support a new attachment; Manufacturing Engineering opens a customer-requested engineering change against part PN-11857.
ECN-001078,2025-06-27,6,Jun 2025,MMS,Customer-Requested,Final Release,9.89,7,True,False,False,True,True,True,True,PN-20249,ASM-4504,Manufacturing Engineering,transmission control unit,Non-Conformance Report NCR-01078: Customer feedback log: fleet operator requests an enhancement to the transmission control unit (part PN-20249) for improved serviceability; Manufacturing Engineering is drafting a customer-requested change to assembly ASM-4504.
ECN-000785,2025-04-17,4,Apr 2025,ECN Database,Regulatory Compliance,Design Review,11.92,1,True,False,False,False,True,True,False,PN-18849,ASM-6490,Manufacturing Engineering,steering valve block,Supplier Communication SC-00785: Regulatory bulletin requires updated emissions documentation for the steering valve block (part PN-18849); Manufacturing Engineering is initiating a compliance-driven engineering change to assembly ASM-6490.
ECN-001185,2025-06-11,6,Jun 2025,MMS,Cost-Driven,Final Release,7.49,4,True,False,False,True,True,True,True,PN-70574,ASM-9518,Field Service,steering valve block,Non-Conformance Report NCR-01185: Procurement flags rising cost of PN-70574 used in the steering valve block; Field Service requests a cost-driven change to qualify a second source for assembly ASM-9518.
ECN-000490,2025-03-04,3,Mar 2025,ERP,Safety-Critical,Design Review,6.42,6,True,False,False,True,True,True,True,PN-50378,ASM-6071,Powertrain Engineering,final drive assembly,Non-Conformance Report NCR-00490: Maintenance log entry: repeated overheating observed on final drive assembly (part PN-50378) across three units in the field; escalated to Powertrain Engineering as a safety-critical change request. Impact assessment on related assemblies is still in progress.
ECN-000155,2025-01-02,1,Jan 2025,Supplier Portal,Safety-Critical,Final Release,13.09,1,False,True,False,True,True,True,True,PN-26545,ASM-2101,Structural Engineering,final drive assembly,"Engineering Comment EC-00155: Field service report flags a potential failure mode in the final drive assembly (assembly ASM-2101, part PN-26545) that could compromise operator safety under high-load conditions; Structural Engineering has requested an urgent design review. The change request has been logged in the PLM system for tracking."
ECN-000639,2025-04-13,4,Apr 2025,ECN Database,Customer-Requested,Final Release,12.21,3,True,False,True,True,True,True,True,PN-88852,ASM-5882,Hydraulics Engineering,hydraulic pump,Maintenance Log #00639: Customer feedback log: fleet operator requests an enhancement to the hydraulic pump (part PN-88852) for improved serviceability; Hydraulics Engineering is drafting a customer-requested change to assembly ASM-5882. Cross-functional stakeholders have been notified for input.
ECN-000663,2025-04-04,4,Apr 2025,CAD,Performance-Related,Design Review,18.0,3,True,False,True,True,False,True,False,PN-56729,ASM-8949,Powertrain Engineering,cab HVAC unit,Non-Conformance Report NCR-00663: Field service report notes reduced output from the cab HVAC unit; Powertrain Engineering traces the root cause to part PN-56729 tolerance drift and requests a performance-related revision to assembly ASM-8949.
ECN-000854,2025-05-14,5,May 2025,MMS,Performance-Related,Quality Approval,9.23,4,True,False,False,True,True,True,True,PN-31012,ASM-4260,Manufacturing Engineering,alternator,Maintenance Log #00854: Field service report notes reduced output from the alternator; Manufacturing Engineering traces the root cause to part PN-31012 tolerance drift and requests a performance-related revision to assembly ASM-4260.
ECN-000288,2025-02-02,2,Feb 2025,Supplier Portal,Regulatory Compliance,Manufacturing,21.64,8,False,False,False,True,True,True,True,PN-66774,ASM-7471,Quality Assurance,hydraulic pump,"Non-Conformance Report NCR-00288: Non-conformance report: PN-66774 on the hydraulic pump does not meet the revised safety standard; Quality Assurance has opened a regulatory compliance change request for assembly ASM-7471. Field service report flags a potential failure mode in the fuel injection system (assembly ASM-7471, part PN-66774) that could compromise operator safety under high-load conditions; Supplier Quality has requested an urgent design review. The change request has been logged in the PLM system for tracking."
ECN-000626,2025-04-27,4,Apr 2025,CAD,Performance-Related,Final Release,5.39,3,True,False,False,True,True,True,True,PN-98668,ASM-6779,Regulatory Affairs,exhaust aftertreatment system,Non-Conformance Report NCR-00626: Field service report notes reduced output from the exhaust aftertreatment system; Regulatory Affairs traces the root cause to part PN-98668 tolerance drift and requests a performance-related revision to assembly ASM-6779. This item is currently pending review by the change control board.
ECN-001200,2025-06-14,6,Jun 2025,PLM,Safety-Critical,Design Review,3.96,4,True,False,False,True,True,True,True,PN-21609,ASM-6940,Electrical Systems,boom cylinder,"Supplier Communication SC-01200: Field service report flags a potential failure mode in the boom cylinder (assembly ASM-6940, part PN-21609) that could compromise operator safety under high-load conditions; Electrical Systems has requested an urgent design review."
ECN-000686,2025-04-05,4,Apr 2025,CAD,Performance-Related,Quality Approval,5.32,2,True,True,True,True,True,True,True,PN-38796,ASM-6556,Supplier Quality,cab HVAC unit,Supplier Communication SC-00686: Test bench data shows the cab HVAC unit missing target cycle times; Supplier Quality is submitting a change request against part PN-38796 to restore rated performance.
ECN-000873,2025-05-09,5,May 2025,PLM,Safety-Critical,Quality Approval,11.48,3,True,False,False,False,True,True,False,PN-17505,ASM-1170,Field Service,track undercarriage,Non-Conformance Report NCR-00873: Non-conformance report: PN-17505 on the track undercarriage exhibited a crack during fatigue testing. Field Service recommends immediate containment and a safety-critical engineering change to assembly ASM-1170.
ECN-000570,2025-03-06,3,Mar 2025,ECN Database,Cost-Driven,Manufacturing,19.01,4,True,False,False,True,True,True,True,PN-17818,ASM-5597,Powertrain Engineering,final drive assembly,Engineering Comment EC-00570: Supplier communication from Vantage Electronics proposes an alternate source for PN-17818 on the final drive assembly at a 12% cost reduction; Powertrain Engineering is evaluating a cost-driven engineering change to assembly ASM-5597. Field service report: customer has asked for a configuration change to the track undercarriage to support a new attachment; Quality Assurance opens a customer-requested engineering change against part PN-17818. Cross-functional stakeholders have been notified for input.
ECN-001144,2025-06-20,6,Jun 2025,ECN Database,Regulatory Compliance,Final Release,10.91,6,True,False,False,True,True,True,True,PN-97653,ASM-2060,Regulatory Affairs,cab HVAC unit,Field Service Report FSR-01144: Non-conformance report: PN-97653 on the cab HVAC unit does not meet the revised safety standard; Regulatory Affairs has opened a regulatory compliance change request for assembly ASM-2060. Additional supporting documentation has been attached to the ECN record.
ECN-000735,2025-04-26,4,Apr 2025,ECN Database,Cost-Driven,Design Review,5.79,8,True,False,False,True,True,True,True,PN-19757,ASM-5095,Supplier Quality,hydraulic pump,Engineering Comment EC-00735: Supplier communication from Northgate Castings proposes an alternate source for PN-19757 on the hydraulic pump at a 12% cost reduction; Supplier Quality is evaluating a cost-driven engineering change to assembly ASM-5095. Customer feedback log: fleet operator requests an enhancement to the steering valve block (part PN-19757) for improved serviceability; Hydraulics Engineering is drafting a customer-requested change to assembly ASM-5095. This item is currently pending review by the change control board.
ECN-000793,2025-04-27,4,Apr 2025,MMS,Regulatory Compliance,Final Release,17.43,4,True,False,True,True,True,True,True,PN-71697,ASM-8231,Regulatory Affairs,track undercarriage,Non-Conformance Report NCR-00793: Non-conformance report: PN-71697 on the track undercarriage does not meet the revised safety standard; Regulatory Affairs has opened a regulatory compliance change request for assembly ASM-8231.
ECN-000018,2025-01-04,1,Jan 2025,PLM,Safety-Critical,Design Review,13.88,3,False,False,False,True,True,True,True,PN-84847,ASM-8744,Electrical Systems,boom cylinder,"Non-Conformance Report NCR-00018: Field service report flags a potential failure mode in the boom cylinder (assembly ASM-8744, part PN-84847) that could compromise operator safety under high-load conditions; Electrical Systems has requested an urgent design review."
ECN-000128,2025-01-15,1,Jan 2025,PLM,Safety-Critical,Design Review,19.04,3,True,False,False,True,True,True,True,PN-84928,ASM-4084,Powertrain Engineering,transmission control unit,Maintenance Log #00128: Non-conformance report: PN-84928 on the transmission control unit exhibited a crack during fatigue testing. Powertrain Engineering recommends immediate containment and a safety-critical engineering change to assembly ASM-4084.
ECN-000323,2025-02-03,2,Feb 2025,CAD,Cost-Driven,Final Release,21.08,2,True,False,True,False,False,True,False,PN-91737,ASM-7506,Field Service,cab HVAC unit,Supplier Communication SC-00323: Procurement flags rising cost of PN-91737 used in the cab HVAC unit; Field Service requests a cost-driven change to qualify a second source for assembly ASM-7506. Supplier communication forwards a customer complaint about PN-91737 wear rate on the steering valve block; Field Service is preparing a customer-driven revision to assembly ASM-7506.
ECN-000256,2025-02-16,2,Feb 2025,CAD,Regulatory Compliance,Quality Approval,28.78,8,False,False,False,True,True,True,True,PN-93209,ASM-6869,Hydraulics Engineering,alternator,Non-Conformance Report NCR-00256: Regulatory bulletin requires updated emissions documentation for the alternator (part PN-93209); Hydraulics Engineering is initiating a compliance-driven engineering change to assembly ASM-6869. The change request has been logged in the PLM system for tracking.
ECN-000944,2025-05-22,5,May 2025,MMS,Regulatory Compliance,Final Release,15.55,0,False,False,False,True,False,False,False,PN-37810,ASM-9638,Field Service,track undercarriage,Supplier Communication SC-00944: Regulatory bulletin requires updated emissions documentation for the track undercarriage (part PN-37810); Field Service is initiating a compliance-driven engineering change to assembly ASM-9638. Maintenance log entry: repeated overheating observed on exhaust aftertreatment system (part PN-37810) across three units in the field; escalated to Hydraulics Engineering as a safety-critical change request.
ECN-001180,2025-06-24,6,Jun 2025,ERP,Customer-Requested,Quality Approval,16.76,6,True,False,False,True,True,True,True,PN-44757,ASM-6260,Regulatory Affairs,cooling fan clutch,Maintenance Log #01180: Customer feedback log: fleet operator requests an enhancement to the cooling fan clutch (part PN-44757) for improved serviceability; Regulatory Affairs is drafting a customer-requested change to assembly ASM-6260. The change request has been logged in the PLM system for tracking.
ECN-000191,2025-01-11,1,Jan 2025,ERP,Customer-Requested,Final Release,20.55,0,True,False,False,True,True,True,True,PN-52982,ASM-2421,Regulatory Affairs,track undercarriage,Supplier Communication SC-00191: Field service report: customer has asked for a configuration change to the track undercarriage to support a new attachment; Regulatory Affairs opens a customer-requested engineering change against part PN-52982. Additional supporting documentation has been attached to the ECN record.
ECN-000116,2025-01-10,1,Jan 2025,ECN Database,Customer-Requested,Design Review,18.95,3,False,False,False,True,True,True,True,PN-22026,ASM-9691,Quality Assurance,engine control module,Field Service Report FSR-00116: Customer feedback log: fleet operator requests an enhancement to the engine control module (part PN-22026) for improved serviceability; Quality Assurance is drafting a customer-requested change to assembly ASM-9691. Additional supporting documentation has been attached to the ECN record.
ECN-001174,2025-06-24,6,Jun 2025,CAD,Regulatory Compliance,Quality Approval,5.54,7,True,False,False,True,True,True,True,PN-31349,ASM-4434,Electrical Systems,alternator,Field Service Report FSR-01174: Regulatory bulletin requires updated emissions documentation for the alternator (part PN-31349); Electrical Systems is initiating a compliance-driven engineering change to assembly ASM-4434.
ECN-000889,2025-05-23,5,May 2025,PLM,Safety-Critical,Manufacturing,9.31,2,True,False,False,True,True,True,False,PN-65291,ASM-9633,Hydraulics Engineering,track undercarriage,Non-Conformance Report NCR-00889: Maintenance log entry: repeated overheating observed on track undercarriage (part PN-65291) across three units in the field; escalated to Hydraulics Engineering as a safety-critical change request.
ECN-000607,2025-04-01,4,Apr 2025,MMS,Cost-Driven,Manufacturing,15.09,2,True,True,True,True,True,True,True,PN-27067,ASM-2287,Quality Assurance,cooling fan clutch,Maintenance Log #00607: Engineering comment: value-engineering review of the cooling fan clutch identifies part PN-27067 as a candidate for redesign to reduce unit cost; Quality Assurance to submit change request.
ECN-000181,2025-01-20,1,Jan 2025,MMS,Customer-Requested,Design Review,8.85,4,True,False,False,True,True,True,True,PN-51124,ASM-3837,Electrical Systems,cab HVAC unit,Field Service Report FSR-00181: Field service report: customer has asked for a configuration change to the cab HVAC unit to support a new attachment; Electrical Systems opens a customer-requested engineering change against part PN-51124. Cross-functional stakeholders have been notified for input.
ECN-000302,2025-02-06,2,Feb 2025,ECN Database,Cost-Driven,Quality Approval,22.15,6,True,False,False,True,True,True,True,PN-12631,ASM-6221,Powertrain Engineering,engine control module,Supplier Communication SC-00302: Engineering comment: value-engineering review of the engine control module identifies part PN-12631 as a candidate for redesign to reduce unit cost; Powertrain Engineering to submit change request. Additional supporting documentation has been attached to the ECN record.
ECN-000497,2025-03-23,3,Mar 2025,CAD,Customer-Requested,Quality Approval,8.05,3,True,False,True,True,True,True,True,PN-92818,ASM-9154,Structural Engineering,final drive assembly,Non-Conformance Report NCR-00497: Field service report: customer has asked for a configuration change to the final drive assembly to support a new attachment; Structural Engineering opens a customer-requested engineering change against part PN-92818.
ECN-000349,2025-02-24,2,Feb 2025,ECN Database,Cost-Driven,Design Review,9.09,3,False,False,False,True,False,False,True,PN-85108,ASM-8341,Structural Engineering,engine control module,Supplier Communication SC-00349: Supplier communication from Northgate Castings proposes an alternate source for PN-85108 on the engine control module at a 12% cost reduction; Structural Engineering is evaluating a cost-driven engineering change to assembly ASM-8341. This item is currently pending review by the change control board.
ECN-001036,2025-06-24,6,Jun 2025,ERP,Regulatory Compliance,Final Release,6.72,2,True,False,False,True,True,True,True,PN-87526,ASM-2765,Manufacturing Engineering,engine control module,Non-Conformance Report NCR-01036: Supplier communication from Apex Sensor Technologies indicates a material certification gap on PN-87526; Manufacturing Engineering requests a compliance change to the engine control module. Non-conformance report: PN-87526 on the track undercarriage exhibited a crack during fatigue testing. Structural Engineering recommends immediate containment and a safety-critical engineering change to assembly ASM-2765. The change request has been logged in the PLM system for tracking.
ECN-000983,2025-05-05,5,May 2025,Supplier Portal,Customer-Requested,Design Review,15.32,5,True,False,False,True,True,True,True,PN-86626,ASM-9369,Powertrain Engineering,fuel injection system,Engineering Comment EC-00983: Supplier communication forwards a customer complaint about PN-86626 wear rate on the fuel injection system; Powertrain Engineering is preparing a customer-driven revision to assembly ASM-9369.
ECN-000745,2025-04-20,4,Apr 2025,ERP,Regulatory Compliance,Design Review,12.27,4,True,False,False,True,True,True,True,PN-75002,ASM-4594,Structural Engineering,engine control module,Supplier Communication SC-00745: Regulatory bulletin requires updated emissions documentation for the engine control module (part PN-75002); Structural Engineering is initiating a compliance-driven engineering change to assembly ASM-4594.
ECN-001152,2025-06-04,6,Jun 2025,ERP,Regulatory Compliance,Final Release,8.99,5,True,False,False,True,True,True,True,PN-42639,ASM-6589,Field Service,cooling fan clutch,Supplier Communication SC-01152: Non-conformance report: PN-42639 on the cooling fan clutch does not meet the revised safety standard; Field Service has opened a regulatory compliance change request for assembly ASM-6589.
ECN-000518,2025-03-07,3,Mar 2025,ECN Database,Regulatory Compliance,Manufacturing,15.61,3,False,False,False,True,False,True,False,PN-91379,ASM-4992,Regulatory Affairs,exhaust aftertreatment system,Field Service Report FSR-00518: Supplier communication from Continental Driveline Systems indicates a material certification gap on PN-91379; Regulatory Affairs requests a compliance change to the exhaust aftertreatment system. This item is currently pending review by the change control board.
ECN-000373,2025-02-03,2,Feb 2025,ECN Database,Regulatory Compliance,Manufacturing,15.38,6,True,False,False,False,False,True,False,PN-66757,ASM-6183,Structural Engineering,track undercarriage,Engineering Comment EC-00373: Regulatory bulletin requires updated emissions documentation for the track undercarriage (part PN-66757); Structural Engineering is initiating a compliance-driven engineering change to assembly ASM-6183. This item is currently pending review by the change control board.
ECN-000046,2025-01-09,1,Jan 2025,ERP,Customer-Requested,Manufacturing,8.32,3,False,True,False,False,False,True,False,PN-76162,ASM-7991,Structural Engineering,fuel injection system,Supplier Communication SC-00046: Supplier communication forwards a customer complaint about PN-76162 wear rate on the fuel injection system; Structural Engineering is preparing a customer-driven revision to assembly ASM-7991. The change request has been logged in the PLM system for tracking.
ECN-000477,2025-03-14,3,Mar 2025,ERP,Customer-Requested,Quality Approval,22.44,5,False,True,False,True,True,True,True,PN-28102,ASM-6062,Electrical Systems,exhaust aftertreatment system,Non-Conformance Report NCR-00477: Supplier communication forwards a customer complaint about PN-28102 wear rate on the exhaust aftertreatment system; Electrical Systems is preparing a customer-driven revision to assembly ASM-6062.
ECN-000158,2025-01-28,1,Jan 2025,PLM,Cost-Driven,Final Release,10.44,3,False,False,False,True,True,True,True,PN-90199,ASM-5678,Structural Engineering,alternator,Non-Conformance Report NCR-00158: Procurement flags rising cost of PN-90199 used in the alternator; Structural Engineering requests a cost-driven change to qualify a second source for assembly ASM-5678. This item is currently pending review by the change control board.
ECN-001047,2025-06-27,6,Jun 2025,ERP,Safety-Critical,Design Review,15.3,3,True,False,False,True,True,True,True,PN-86853,ASM-7163,Supplier Quality,hydraulic pump,"Supplier Communication SC-01047: Field service report flags a potential failure mode in the hydraulic pump (assembly ASM-7163, part PN-86853) that could compromise operator safety under high-load conditions; Supplier Quality has requested an urgent design review. Additional supporting documentation has been attached to the ECN record."
ECN-000172,2025-01-25,1,Jan 2025,MMS,Regulatory Compliance,Quality Approval,31.73,5,True,False,False,False,True,False,False,PN-80345,ASM-1133,Structural Engineering,steering valve block,Field Service Report FSR-00172: Regulatory bulletin requires updated emissions documentation for the steering valve block (part PN-80345); Structural Engineering is initiating a compliance-driven engineering change to assembly ASM-1133.
ECN-000017,2025-01-22,1,Jan 2025,MMS,Cost-Driven,Final Release,15.79,5,True,False,True,True,True,True,True,PN-87128,ASM-4608,Electrical Systems,hydraulic pump,"Field Service Report FSR-00017: Supplier communication from Continental Driveline Systems proposes an alternate source for PN-87128 on the hydraulic pump at a 12% cost reduction; Electrical Systems is evaluating a cost-driven engineering change to assembly ASM-4608. Engineering comment: engine control module (part PN-87128, assembly ASM-4608) is underperforming relative to spec by ~8%; Powertrain Engineering proposes a performance tuning change to improve efficiency. Additional supporting documentation has been attached to the ECN record."
ECN-000512,2025-03-20,3,Mar 2025,CAD,Performance-Related,Quality Approval,9.35,8,True,False,False,True,True,True,True,PN-61369,ASM-3932,Hydraulics Engineering,hydraulic pump,Supplier Communication SC-00512: Test bench data shows the hydraulic pump missing target cycle times; Hydraulics Engineering is submitting a change request against part PN-61369 to restore rated performance.
ECN-000049,2025-01-28,1,Jan 2025,Supplier Portal,Cost-Driven,Manufacturing,13.81,5,False,True,False,True,True,True,True,PN-64496,ASM-2020,Electrical Systems,fuel injection system,Maintenance Log #00049: Supplier communication from Northgate Castings proposes an alternate source for PN-64496 on the fuel injection system at a 12% cost reduction; Electrical Systems is evaluating a cost-driven engineering change to assembly ASM-2020. A follow-up review is scheduled for the next engineering change meeting.
ECN-000192,2025-01-01,1,Jan 2025,CAD,Performance-Related,Final Release,12.68,3,False,False,False,True,True,True,True,PN-40870,ASM-8319,Field Service,hydraulic pump,Engineering Comment EC-00192: Field service report notes reduced output from the hydraulic pump; Field Service traces the root cause to part PN-40870 tolerance drift and requests a performance-related revision to assembly ASM-8319. Impact assessment on related assemblies is still in progress.
ECN-000547,2025-03-05,3,Mar 2025,Supplier Portal,Cost-Driven,Quality Approval,10.6,3,False,False,True,True,True,True,True,PN-74450,ASM-4287,Structural Engineering,final drive assembly,Maintenance Log #00547: Procurement flags rising cost of PN-74450 used in the final drive assembly; Structural Engineering requests a cost-driven change to qualify a second source for assembly ASM-4287.
ECN-000516,2025-03-19,3,Mar 2025,ERP,Performance-Related,Final Release,7.34,8,True,False,False,False,False,True,False,PN-56064,ASM-8842,Structural Engineering,engine control module,Engineering Comment EC-00516: Field service report notes reduced output from the engine control module; Structural Engineering traces the root cause to part PN-56064 tolerance drift and requests a performance-related revision to assembly ASM-8842. Cross-functional stakeholders have been notified for input.
ECN-000978,2025-05-30,5,May 2025,ECN Database,Cost-Driven,Manufacturing,16.63,5,True,False,False,True,True,True,True,PN-84273,ASM-8555,Hydraulics Engineering,cooling fan clutch,Engineering Comment EC-00978: Procurement flags rising cost of PN-84273 used in the cooling fan clutch; Hydraulics Engineering requests a cost-driven change to qualify a second source for assembly ASM-8555. Customer feedback log: fleet operator requests an enhancement to the final drive assembly (part PN-84273) for improved serviceability; Electrical Systems is drafting a customer-requested change to assembly ASM-8555.
ECN-000939,2025-05-14,5,May 2025,MMS,Customer-Requested,Final Release,10.77,4,True,False,False,True,True,True,True,PN-23486,ASM-6105,Field Service,steering valve block,Supplier Communication SC-00939: Customer feedback log: fleet operator requests an enhancement to the steering valve block (part PN-23486) for improved serviceability; Field Service is drafting a customer-requested change to assembly ASM-6105.
ECN-000829,2025-05-06,5,May 2025,MMS,Safety-Critical,Final Release,11.17,3,True,False,False,True,True,True,True,PN-73463,ASM-8105,Quality Assurance,engine control module,Engineering Comment EC-00829: Non-conformance report: PN-73463 on the engine control module exhibited a crack during fatigue testing. Quality Assurance recommends immediate containment and a safety-critical engineering change to assembly ASM-8105. This item is currently pending review by the change control board.
ECN-000984,2025-05-26,5,May 2025,MMS,Customer-Requested,Quality Approval,9.65,4,True,False,False,True,True,True,True,PN-39300,ASM-3535,Structural Engineering,alternator,Maintenance Log #00984: Field service report: customer has asked for a configuration change to the alternator to support a new attachment; Structural Engineering opens a customer-requested engineering change against part PN-39300.
ECN-000481,2025-03-06,3,Mar 2025,MMS,Safety-Critical,Manufacturing,15.4,4,False,False,False,True,True,True,True,PN-31467,ASM-4166,Structural Engineering,cab HVAC unit,"Maintenance Log #00481: Field service report flags a potential failure mode in the cab HVAC unit (assembly ASM-4166, part PN-31467) that could compromise operator safety under high-load conditions; Structural Engineering has requested an urgent design review. Non-conformance report: PN-31467 on the track undercarriage does not meet the revised safety standard; Supplier Quality has opened a regulatory compliance change request for assembly ASM-4166."
ECN-001129,2025-06-13,6,Jun 2025,Supplier Portal,Regulatory Compliance,Final Release,5.78,2,True,False,False,True,True,True,True,PN-79817,ASM-6473,Field Service,track undercarriage,Maintenance Log #01129: Non-conformance report: PN-79817 on the track undercarriage does not meet the revised safety standard; Field Service has opened a regulatory compliance change request for assembly ASM-6473.
ECN-000284,2025-02-17,2,Feb 2025,PLM,Customer-Requested,Final Release,28.1,2,False,False,False,True,True,False,True,PN-52964,ASM-3430,Powertrain Engineering,cooling fan clutch,Supplier Communication SC-00284: Customer feedback log: fleet operator requests an enhancement to the cooling fan clutch (part PN-52964) for improved serviceability; Powertrain Engineering is drafting a customer-requested change to assembly ASM-3430.
ECN-001030,2025-06-24,6,Jun 2025,MMS,Cost-Driven,Final Release,11.62,4,True,False,False,True,True,True,True,PN-40263,ASM-8468,Supplier Quality,fuel injection system,Supplier Communication SC-01030: Engineering comment: value-engineering review of the fuel injection system identifies part PN-40263 as a candidate for redesign to reduce unit cost; Supplier Quality to submit change request. Additional supporting documentation has been attached to the ECN record.
ECN-000798,2025-04-23,4,Apr 2025,ECN Database,Performance-Related,Manufacturing,16.4,5,True,False,False,True,True,True,True,PN-93228,ASM-7032,Electrical Systems,fuel injection system,Maintenance Log #00798: Test bench data shows the fuel injection system missing target cycle times; Electrical Systems is submitting a change request against part PN-93228 to restore rated performance. Field service report: customer has asked for a configuration change to the alternator to support a new attachment; Supplier Quality opens a customer-requested engineering change against part PN-93228. Cross-functional stakeholders have been notified for input.
ECN-000940,2025-05-29,5,May 2025,ECN Database,Performance-Related,Final Release,11.07,1,False,True,False,True,True,True,True,PN-91646,ASM-2762,Field Service,track undercarriage,Field Service Report FSR-00940: Test bench data shows the track undercarriage missing target cycle times; Field Service is submitting a change request against part PN-91646 to restore rated performance. Cross-functional stakeholders have been notified for input.
ECN-000226,2025-02-23,2,Feb 2025,ECN Database,Cost-Driven,Design Review,14.0,1,True,False,False,True,True,True,True,PN-91083,ASM-5839,Regulatory Affairs,exhaust aftertreatment system,Supplier Communication SC-00226: Supplier communication from Meridian Hydraulics Inc. proposes an alternate source for PN-91083 on the exhaust aftertreatment system at a 12% cost reduction; Regulatory Affairs is evaluating a cost-driven engineering change to assembly ASM-5839. Additional supporting documentation has been attached to the ECN record.
ECN-000027,2025-01-01,1,Jan 2025,ECN Database,Regulatory Compliance,Final Release,13.91,5,True,False,True,True,True,True,True,PN-67433,ASM-9900,Field Service,fuel injection system,Engineering Comment EC-00027: Supplier communication from Continental Driveline Systems indicates a material certification gap on PN-67433; Field Service requests a compliance change to the fuel injection system.
ECN-000283,2025-02-06,2,Feb 2025,ECN Database,Customer-Requested,Design Review,22.28,1,False,True,False,False,False,False,False,PN-37215,ASM-8404,Electrical Systems,engine control module,Maintenance Log #00283: Field service report: customer has asked for a configuration change to the engine control module to support a new attachment; Electrical Systems opens a customer-requested engineering change against part PN-37215.
ECN-001150,2025-06-24,6,Jun 2025,MMS,Safety-Critical,Design Review,8.31,3,True,False,False,True,True,True,True,PN-38179,ASM-8982,Electrical Systems,engine control module,Maintenance Log #01150: Non-conformance report: PN-38179 on the engine control module exhibited a crack during fatigue testing. Electrical Systems recommends immediate containment and a safety-critical engineering change to assembly ASM-8982.
ECN-000438,2025-03-07,3,Mar 2025,MMS,Customer-Requested,Manufacturing,11.87,6,True,False,False,True,True,True,True,PN-25985,ASM-5078,Regulatory Affairs,cooling fan clutch,Maintenance Log #00438: Field service report: customer has asked for a configuration change to the cooling fan clutch to support a new attachment; Regulatory Affairs opens a customer-requested engineering change against part PN-25985. Impact assessment on related assemblies is still in progress.
ECN-001168,2025-06-29,6,Jun 2025,PLM,Customer-Requested,Manufacturing,6.0,3,True,False,False,True,True,True,True,PN-71042,ASM-8393,Regulatory Affairs,steering valve block,Supplier Communication SC-01168: Supplier communication forwards a customer complaint about PN-71042 wear rate on the steering valve block; Regulatory Affairs is preparing a customer-driven revision to assembly ASM-8393. Supplier communication from Northgate Castings proposes an alternate source for PN-71042 on the final drive assembly at a 12% cost reduction; Manufacturing Engineering is evaluating a cost-driven engineering change to assembly ASM-8393.
ECN-000365,2025-02-02,2,Feb 2025,ECN Database,Performance-Related,Manufacturing,26.41,4,True,True,False,True,True,True,True,PN-82954,ASM-5329,Regulatory Affairs,hydraulic pump,"Engineering Comment EC-00365: Engineering comment: hydraulic pump (part PN-82954, assembly ASM-5329) is underperforming relative to spec by ~8%; Regulatory Affairs proposes a performance tuning change to improve efficiency. Customer feedback log: fleet operator requests an enhancement to the fuel injection system (part PN-82954) for improved serviceability; Structural Engineering is drafting a customer-requested change to assembly ASM-5329. Cross-functional stakeholders have been notified for input."
ECN-000230,2025-02-12,2,Feb 2025,CAD,Customer-Requested,Manufacturing,32.77,6,True,False,False,False,True,True,False,PN-28198,ASM-5405,Regulatory Affairs,final drive assembly,"Maintenance Log #00230: Field service report: customer has asked for a configuration change to the final drive assembly to support a new attachment; Regulatory Affairs opens a customer-requested engineering change against part PN-28198. Engineering comment: final drive assembly (part PN-28198, assembly ASM-5405) is underperforming relative to spec by ~8%; Regulatory Affairs proposes a performance tuning change to improve efficiency. The change request has been logged in the PLM system for tracking."
ECN-000038,2025-01-09,1,Jan 2025,PLM,Regulatory Compliance,Final Release,12.72,6,True,False,False,True,True,True,True,PN-51114,ASM-8149,Regulatory Affairs,exhaust aftertreatment system,Non-Conformance Report NCR-00038: Supplier communication from Apex Sensor Technologies indicates a material certification gap on PN-51114; Regulatory Affairs requests a compliance change to the exhaust aftertreatment system. A follow-up review is scheduled for the next engineering change meeting.
ECN-000670,2025-04-07,4,Apr 2025,MMS,Customer-Requested,Quality Approval,21.11,2,True,False,False,True,True,True,True,PN-99779,ASM-3151,Regulatory Affairs,cab HVAC unit,Engineering Comment EC-00670: Field service report: customer has asked for a configuration change to the cab HVAC unit to support a new attachment; Regulatory Affairs opens a customer-requested engineering change against part PN-99779.
ECN-000750,2025-04-30,4,Apr 2025,PLM,Cost-Driven,Design Review,19.47,3,False,False,False,True,False,True,False,PN-28931,ASM-3142,Hydraulics Engineering,track undercarriage,Non-Conformance Report NCR-00750: Supplier communication from Meridian Hydraulics Inc. proposes an alternate source for PN-28931 on the track undercarriage at a 12% cost reduction; Hydraulics Engineering is evaluating a cost-driven engineering change to assembly ASM-3142. Supplier communication forwards a customer complaint about PN-28931 wear rate on the fuel injection system; Manufacturing Engineering is preparing a customer-driven revision to assembly ASM-3142. Impact assessment on related assemblies is still in progress.
ECN-001181,2025-06-16,6,Jun 2025,MMS,Cost-Driven,Final Release,13.91,2,True,False,True,True,True,True,True,PN-59418,ASM-9604,Powertrain Engineering,track undercarriage,Maintenance Log #01181: Supplier communication from Vantage Electronics proposes an alternate source for PN-59418 on the track undercarriage at a 12% cost reduction; Powertrain Engineering is evaluating a cost-driven engineering change to assembly ASM-9604. Field service report notes reduced output from the boom cylinder; Hydraulics Engineering traces the root cause to part PN-59418 tolerance drift and requests a performance-related revision to assembly ASM-9604.
ECN-000375,2025-02-10,2,Feb 2025,ECN Database,Cost-Driven,Manufacturing,21.67,2,True,False,False,True,True,True,True,PN-96602,ASM-1504,Regulatory Affairs,cab HVAC unit,"Non-Conformance Report NCR-00375: Engineering comment: value-engineering review of the cab HVAC unit identifies part PN-96602 as a candidate for redesign to reduce unit cost; Regulatory Affairs to submit change request. Engineering comment: alternator (part PN-96602, assembly ASM-1504) is underperforming relative to spec by ~8%; Regulatory Affairs proposes a performance tuning change to improve efficiency. Impact assessment on related assemblies is still in progress."
ECN-000470,2025-03-24,3,Mar 2025,ERP,Performance-Related,Design Review,8.63,3,False,False,False,False,True,False,True,PN-36712,ASM-9952,Electrical Systems,alternator,Engineering Comment EC-00470: Test bench data shows the alternator missing target cycle times; Electrical Systems is submitting a change request against part PN-36712 to restore rated performance.
ECN-000883,2025-05-11,5,May 2025,PLM,Cost-Driven,Manufacturing,15.32,3,True,False,False,True,True,True,True,PN-24435,ASM-4678,Structural Engineering,engine control module,Engineering Comment EC-00883: Supplier communication from Continental Driveline Systems proposes an alternate source for PN-24435 on the engine control module at a 12% cost reduction; Structural Engineering is evaluating a cost-driven engineering change to assembly ASM-4678. This item is currently pending review by the change control board.
ECN-001182,2025-06-05,6,Jun 2025,CAD,Performance-Related,Quality Approval,6.54,3,True,False,False,True,True,True,True,PN-27616,ASM-1011,Electrical Systems,track undercarriage,Field Service Report FSR-01182: Field service report notes reduced output from the track undercarriage; Electrical Systems traces the root cause to part PN-27616 tolerance drift and requests a performance-related revision to assembly ASM-1011.
ECN-000688,2025-04-01,4,Apr 2025,CAD,Cost-Driven,Manufacturing,19.13,4,True,False,False,True,True,True,False,PN-26920,ASM-3839,Hydraulics Engineering,alternator,Maintenance Log #00688: Supplier communication from Northgate Castings proposes an alternate source for PN-26920 on the alternator at a 12% cost reduction; Hydraulics Engineering is evaluating a cost-driven engineering change to assembly ASM-3839. Customer feedback log: fleet operator requests an enhancement to the track undercarriage (part PN-26920) for improved serviceability; Structural Engineering is drafting a customer-requested change to assembly ASM-3839. A follow-up review is scheduled for the next engineering change meeting.
ECN-000033,2025-01-28,1,Jan 2025,ERP,Performance-Related,Final Release,14.21,7,True,False,False,True,True,True,True,PN-56357,ASM-7658,Supplier Quality,boom cylinder,Non-Conformance Report NCR-00033: Test bench data shows the boom cylinder missing target cycle times; Supplier Quality is submitting a change request against part PN-56357 to restore rated performance.
ECN-001011,2025-06-09,6,Jun 2025,Supplier Portal,Performance-Related,Manufacturing,4.83,6,True,False,False,True,True,True,True,PN-89445,ASM-7517,Field Service,boom cylinder,Maintenance Log #01011: Field service report notes reduced output from the boom cylinder; Field Service traces the root cause to part PN-89445 tolerance drift and requests a performance-related revision to assembly ASM-7517.
ECN-001176,2025-06-28,6,Jun 2025,ECN Database,Regulatory Compliance,Quality Approval,7.36,7,True,False,False,True,True,True,True,PN-23115,ASM-6811,Regulatory Affairs,track undercarriage,Supplier Communication SC-01176: Non-conformance report: PN-23115 on the track undercarriage does not meet the revised safety standard; Regulatory Affairs has opened a regulatory compliance change request for assembly ASM-6811.
ECN-000195,2025-01-17,1,Jan 2025,MMS,Safety-Critical,Quality Approval,31.6,4,False,True,False,True,True,True,True,PN-80453,ASM-4578,Electrical Systems,alternator,"Maintenance Log #00195: Field service report flags a potential failure mode in the alternator (assembly ASM-4578, part PN-80453) that could compromise operator safety under high-load conditions; Electrical Systems has requested an urgent design review."
ECN-001106,2025-06-06,6,Jun 2025,MMS,Customer-Requested,Manufacturing,6.91,3,True,False,True,True,True,True,True,PN-50775,ASM-7337,Quality Assurance,track undercarriage,Non-Conformance Report NCR-01106: Supplier communication forwards a customer complaint about PN-50775 wear rate on the track undercarriage; Quality Assurance is preparing a customer-driven revision to assembly ASM-7337. The change request has been logged in the PLM system for tracking.
ECN-001114,2025-06-05,6,Jun 2025,ECN Database,Regulatory Compliance,Quality Approval,17.3,5,False,True,False,True,True,True,True,PN-14798,ASM-9704,Hydraulics Engineering,hydraulic pump,Maintenance Log #01114: Supplier communication from Apex Sensor Technologies indicates a material certification gap on PN-14798; Hydraulics Engineering requests a compliance change to the hydraulic pump. A follow-up review is scheduled for the next engineering change meeting.
ECN-001064,2025-06-11,6,Jun 2025,ERP,Regulatory Compliance,Manufacturing,18.02,6,True,False,False,True,True,True,True,PN-13262,ASM-7510,Supplier Quality,cab HVAC unit,Field Service Report FSR-01064: Regulatory bulletin requires updated emissions documentation for the cab HVAC unit (part PN-13262); Supplier Quality is initiating a compliance-driven engineering change to assembly ASM-7510. This item is currently pending review by the change control board.
ECN-000504,2025-03-14,3,Mar 2025,PLM,Performance-Related,Final Release,10.23,3,True,False,False,True,True,True,True,PN-25315,ASM-6050,Quality Assurance,track undercarriage,Field Service Report FSR-00504: Test bench data shows the track undercarriage missing target cycle times; Quality Assurance is submitting a change request against part PN-25315 to restore rated performance.
ECN-000916,2025-05-03,5,May 2025,ECN Database,Performance-Related,Quality Approval,10.0,7,True,False,False,True,True,True,True,PN-84752,ASM-7375,Regulatory Affairs,alternator,"Non-Conformance Report NCR-00916: Engineering comment: alternator (part PN-84752, assembly ASM-7375) is underperforming relative to spec by ~8%; Regulatory Affairs proposes a performance tuning change to improve efficiency."
ECN-000977,2025-05-07,5,May 2025,CAD,Safety-Critical,Quality Approval,8.37,3,False,False,False,True,True,True,True,PN-85781,ASM-3280,Regulatory Affairs,exhaust aftertreatment system,Engineering Comment EC-00977: Maintenance log entry: repeated overheating observed on exhaust aftertreatment system (part PN-85781) across three units in the field; escalated to Regulatory Affairs as a safety-critical change request. The change request has been logged in the PLM system for tracking.
ECN-001183,2025-06-07,6,Jun 2025,ERP,Safety-Critical,Final Release,8.26,2,True,False,False,True,True,True,True,PN-90427,ASM-2579,Electrical Systems,steering valve block,Engineering Comment EC-01183: Non-conformance report: PN-90427 on the steering valve block exhibited a crack during fatigue testing. Electrical Systems recommends immediate containment and a safety-critical engineering change to assembly ASM-2579.
ECN-001088,2025-06-03,6,Jun 2025,ECN Database,Safety-Critical,Quality Approval,4.38,4,True,False,False,True,True,True,True,PN-51615,ASM-1329,Hydraulics Engineering,final drive assembly,"Supplier Communication SC-01088: Field service report flags a potential failure mode in the final drive assembly (assembly ASM-1329, part PN-51615) that could compromise operator safety under high-load conditions; Hydraulics Engineering has requested an urgent design review. Cross-functional stakeholders have been notified for input."
ECN-000801,2025-05-09,5,May 2025,ECN Database,Cost-Driven,Manufacturing,7.83,4,True,False,False,True,True,True,True,PN-21648,ASM-2790,Field Service,track undercarriage,Non-Conformance Report NCR-00801: Procurement flags rising cost of PN-21648 used in the track undercarriage; Field Service requests a cost-driven change to qualify a second source for assembly ASM-2790.
ECN-000580,2025-03-16,3,Mar 2025,ECN Database,Safety-Critical,Final Release,14.76,3,True,False,False,True,True,False,False,PN-58865,ASM-6656,Powertrain Engineering,cooling fan clutch,Maintenance Log #00580: Non-conformance report: PN-58865 on the cooling fan clutch exhibited a crack during fatigue testing. Powertrain Engineering recommends immediate containment and a safety-critical engineering change to assembly ASM-6656.
ECN-000161,2025-01-17,1,Jan 2025,MMS,Safety-Critical,Manufacturing,16.18,5,True,False,False,True,True,True,False,PN-21300,ASM-2077,Quality Assurance,transmission control unit,Supplier Communication SC-00161: Non-conformance report: PN-21300 on the transmission control unit exhibited a crack during fatigue testing. Quality Assurance recommends immediate containment and a safety-critical engineering change to assembly ASM-2077.
ECN-000681,2025-04-08,4,Apr 2025,ERP,Customer-Requested,Quality Approval,19.99,3,True,False,False,True,True,True,True,PN-72126,ASM-7912,Structural Engineering,cooling fan clutch,Engineering Comment EC-00681: Customer feedback log: fleet operator requests an enhancement to the cooling fan clutch (part PN-72126) for improved serviceability; Structural Engineering is drafting a customer-requested change to assembly ASM-7912. Test bench data shows the alternator missing target cycle times; Structural Engineering is submitting a change request against part PN-72126 to restore rated performance. The change request has been logged in the PLM system for tracking.
ECN-001198,2025-06-29,6,Jun 2025,CAD,Cost-Driven,Design Review,8.52,6,True,True,False,True,True,True,True,PN-26366,ASM-9867,Structural Engineering,steering valve block,Field Service Report FSR-01198: Procurement flags rising cost of PN-26366 used in the steering valve block; Structural Engineering requests a cost-driven change to qualify a second source for assembly ASM-9867. Impact assessment on related assemblies is still in progress.
ECN-000163,2025-01-06,1,Jan 2025,ERP,Performance-Related,Quality Approval,58.54,6,True,False,False,True,True,True,True,PN-66704,ASM-9238,Quality Assurance,steering valve block,"Field Service Report FSR-00163: Engineering comment: steering valve block (part PN-66704, assembly ASM-9238) is underperforming relative to spec by ~8%; Quality Assurance proposes a performance tuning change to improve efficiency."
ECN-000822,2025-05-28,5,May 2025,ECN Database,Performance-Related,Manufacturing,18.19,5,False,True,False,False,False,False,False,PN-22755,ASM-3144,Electrical Systems,boom cylinder,Maintenance Log #00822: Field service report notes reduced output from the boom cylinder; Electrical Systems traces the root cause to part PN-22755 tolerance drift and requests a performance-related revision to assembly ASM-3144.
ECN-000706,2025-04-04,4,Apr 2025,ECN Database,Performance-Related,Design Review,18.3,1,True,False,False,False,True,False,True,PN-73539,ASM-8499,Electrical Systems,final drive assembly,"Engineering Comment EC-00706: Engineering comment: final drive assembly (part PN-73539, assembly ASM-8499) is underperforming relative to spec by ~8%; Electrical Systems proposes a performance tuning change to improve efficiency."
ECN-001009,2025-06-19,6,Jun 2025,PLM,Regulatory Compliance,Final Release,3.94,4,False,False,False,True,True,True,True,PN-87151,ASM-1164,Supplier Quality,boom cylinder,Engineering Comment EC-01009: Regulatory bulletin requires updated emissions documentation for the boom cylinder (part PN-87151); Supplier Quality is initiating a compliance-driven engineering change to assembly ASM-1164.
ECN-000878,2025-05-04,5,May 2025,MMS,Customer-Requested,Final Release,12.14,3,True,False,False,True,True,True,True,PN-69640,ASM-7594,Regulatory Affairs,engine control module,Engineering Comment EC-00878: Customer feedback log: fleet operator requests an enhancement to the engine control module (part PN-69640) for improved serviceability; Regulatory Affairs is drafting a customer-requested change to assembly ASM-7594. This item is currently pending review by the change control board.
ECN-000896,2025-05-24,5,May 2025,ERP,Cost-Driven,Manufacturing,6.86,2,True,False,False,True,True,True,True,PN-65531,ASM-3569,Field Service,transmission control unit,Non-Conformance Report NCR-00896: Engineering comment: value-engineering review of the transmission control unit identifies part PN-65531 as a candidate for redesign to reduce unit cost; Field Service to submit change request.
ECN-000914,2025-05-06,5,May 2025,PLM,Performance-Related,Quality Approval,17.89,2,False,False,False,True,True,True,True,PN-49103,ASM-8396,Regulatory Affairs,cooling fan clutch,Field Service Report FSR-00914: Field service report notes reduced output from the cooling fan clutch; Regulatory Affairs traces the root cause to part PN-49103 tolerance drift and requests a performance-related revision to assembly ASM-8396.
ECN-001199,2025-06-25,6,Jun 2025,CAD,Performance-Related,Quality Approval,9.98,2,False,False,False,True,True,True,True,PN-24789,ASM-8643,Regulatory Affairs,hydraulic pump,Supplier Communication SC-01199: Field service report notes reduced output from the hydraulic pump; Regulatory Affairs traces the root cause to part PN-24789 tolerance drift and requests a performance-related revision to assembly ASM-8643.
ECN-000153,2025-01-20,1,Jan 2025,MMS,Safety-Critical,Final Release,11.07,1,True,True,False,True,True,True,False,PN-68447,ASM-7981,Field Service,fuel injection system,"Field Service Report FSR-00153: Field service report flags a potential failure mode in the fuel injection system (assembly ASM-7981, part PN-68447) that could compromise operator safety under high-load conditions; Field Service has requested an urgent design review. This item is currently pending review by the change control board."
ECN-000979,2025-05-01,5,May 2025,MMS,Performance-Related,Design Review,17.25,0,True,False,True,True,True,True,True,PN-56424,ASM-8006,Manufacturing Engineering,alternator,Engineering Comment EC-00979: Field service report notes reduced output from the alternator; Manufacturing Engineering traces the root cause to part PN-56424 tolerance drift and requests a performance-related revision to assembly ASM-8006. This item is currently pending review by the change control board.
ECN-001003,2025-06-19,6,Jun 2025,MMS,Safety-Critical,Manufacturing,10.93,5,True,False,False,True,True,True,True,PN-90117,ASM-9192,Supplier Quality,transmission control unit,Maintenance Log #01003: Non-conformance report: PN-90117 on the transmission control unit exhibited a crack during fatigue testing. Supplier Quality recommends immediate containment and a safety-critical engineering change to assembly ASM-9192. Impact assessment on related assemblies is still in progress.
ECN-000510,2025-03-19,3,Mar 2025,ERP,Customer-Requested,Final Release,10.87,3,True,False,False,True,True,True,True,PN-37076,ASM-9888,Electrical Systems,transmission control unit,Field Service Report FSR-00510: Field service report: customer has asked for a configuration change to the transmission control unit to support a new attachment; Electrical Systems opens a customer-requested engineering change against part PN-37076. Impact assessment on related assemblies is still in progress.
ECN-000112,2025-01-18,1,Jan 2025,CAD,Performance-Related,Manufacturing,13.5,3,True,False,False,True,True,True,True,PN-22656,ASM-7105,Hydraulics Engineering,engine control module,"Engineering Comment EC-00112: Engineering comment: engine control module (part PN-22656, assembly ASM-7105) is underperforming relative to spec by ~8%; Hydraulics Engineering proposes a performance tuning change to improve efficiency."
ECN-000227,2025-02-15,2,Feb 2025,Supplier Portal,Customer-Requested,Manufacturing,21.58,4,True,False,False,True,False,False,False,PN-57277,ASM-2745,Regulatory Affairs,final drive assembly,Supplier Communication SC-00227: Customer feedback log: fleet operator requests an enhancement to the final drive assembly (part PN-57277) for improved serviceability; Regulatory Affairs is drafting a customer-requested change to assembly ASM-2745. Engineering comment: value-engineering review of the fuel injection system identifies part PN-57277 as a candidate for redesign to reduce unit cost; Field Service to submit change request. Additional supporting documentation has been attached to the ECN record.
ECN-000986,2025-05-27,5,May 2025,ERP,Cost-Driven,Final Release,13.74,1,True,False,False,True,True,True,True,PN-68171,ASM-7401,Powertrain Engineering,cab HVAC unit,Non-Conformance Report NCR-00986: Supplier communication from Vantage Electronics proposes an alternate source for PN-68171 on the cab HVAC unit at a 12% cost reduction; Powertrain Engineering is evaluating a cost-driven engineering change to assembly ASM-7401. The change request has been logged in the PLM system for tracking.
ECN-000852,2025-05-29,5,May 2025,ERP,Performance-Related,Final Release,10.73,6,True,False,False,True,True,True,True,PN-96066,ASM-5098,Powertrain Engineering,cab HVAC unit,"Supplier Communication SC-00852: Engineering comment: cab HVAC unit (part PN-96066, assembly ASM-5098) is underperforming relative to spec by ~8%; Powertrain Engineering proposes a performance tuning change to improve efficiency. Cross-functional stakeholders have been notified for input."
ECN-000104,2025-01-09,1,Jan 2025,ERP,Customer-Requested,Final Release,15.51,1,False,False,False,True,True,True,True,PN-88116,ASM-1046,Manufacturing Engineering,boom cylinder,Engineering Comment EC-00104: Field service report: customer has asked for a configuration change to the boom cylinder to support a new attachment; Manufacturing Engineering opens a customer-requested engineering change against part PN-88116. Additional supporting documentation has been attached to the ECN record.
ECN-000422,2025-03-06,3,Mar 2025,CAD,Cost-Driven,Quality Approval,15.81,5,False,False,False,True,True,True,True,PN-57226,ASM-5222,Field Service,fuel injection system,Engineering Comment EC-00422: Engineering comment: value-engineering review of the fuel injection system identifies part PN-57226 as a candidate for redesign to reduce unit cost; Field Service to submit change request. Field service report notes reduced output from the steering valve block; Supplier Quality traces the root cause to part PN-57226 tolerance drift and requests a performance-related revision to assembly ASM-5222.
ECN-000420,2025-03-18,3,Mar 2025,ECN Database,Regulatory Compliance,Manufacturing,13.94,4,True,False,False,True,True,True,True,PN-29601,ASM-8749,Supplier Quality,track undercarriage,Engineering Comment EC-00420: Regulatory bulletin requires updated emissions documentation for the track undercarriage (part PN-29601); Supplier Quality is initiating a compliance-driven engineering change to assembly ASM-8749. Impact assessment on related assemblies is still in progress.
ECN-000625,2025-04-09,4,Apr 2025,MMS,Safety-Critical,Manufacturing,18.92,3,True,False,False,True,True,True,True,PN-85000,ASM-8697,Electrical Systems,steering valve block,Supplier Communication SC-00625: Non-conformance report: PN-85000 on the steering valve block exhibited a crack during fatigue testing. Electrical Systems recommends immediate containment and a safety-critical engineering change to assembly ASM-8697. This item is currently pending review by the change control board.
ECN-000587,2025-03-06,3,Mar 2025,ERP,Performance-Related,Final Release,9.05,7,False,False,False,True,True,True,True,PN-33891,ASM-3873,Electrical Systems,alternator,Non-Conformance Report NCR-00587: Test bench data shows the alternator missing target cycle times; Electrical Systems is submitting a change request against part PN-33891 to restore rated performance.
ECN-001061,2025-06-07,6,Jun 2025,PLM,Safety-Critical,Quality Approval,4.82,8,True,False,False,True,True,True,True,PN-50919,ASM-6303,Supplier Quality,track undercarriage,Supplier Communication SC-01061: Non-conformance report: PN-50919 on the track undercarriage exhibited a crack during fatigue testing. Supplier Quality recommends immediate containment and a safety-critical engineering change to assembly ASM-6303. Cross-functional stakeholders have been notified for input.
ECN-000920,2025-05-14,5,May 2025,MMS,Regulatory Compliance,Final Release,2.99,3,True,True,False,True,True,True,True,PN-49576,ASM-6029,Manufacturing Engineering,fuel injection system,Supplier Communication SC-00920: Supplier communication from Meridian Hydraulics Inc. indicates a material certification gap on PN-49576; Manufacturing Engineering requests a compliance change to the fuel injection system. The change request has been logged in the PLM system for tracking.
ECN-000673,2025-04-14,4,Apr 2025,CAD,Regulatory Compliance,Manufacturing,20.94,5,False,False,False,True,True,True,True,PN-48103,ASM-8671,Electrical Systems,transmission control unit,Engineering Comment EC-00673: Non-conformance report: PN-48103 on the transmission control unit does not meet the revised safety standard; Electrical Systems has opened a regulatory compliance change request for assembly ASM-8671. Non-conformance report: PN-48103 on the final drive assembly exhibited a crack during fatigue testing. Quality Assurance recommends immediate containment and a safety-critical engineering change to assembly ASM-8671.
ECN-000120,2025-01-17,1,Jan 2025,Supplier Portal,Cost-Driven,Manufacturing,19.34,3,True,True,True,False,True,False,True,PN-11013,ASM-9149,Manufacturing Engineering,cooling fan clutch,Non-Conformance Report NCR-00120: Procurement flags rising cost of PN-11013 used in the cooling fan clutch; Manufacturing Engineering requests a cost-driven change to qualify a second source for assembly ASM-9149. A follow-up review is scheduled for the next engineering change meeting.
ECN-000054,2025-01-25,1,Jan 2025,PLM,Cost-Driven,Design Review,18.0,4,True,False,False,True,True,False,True,PN-16826,ASM-6733,Powertrain Engineering,cab HVAC unit,Maintenance Log #00054: Supplier communication from Vantage Electronics proposes an alternate source for PN-16826 on the cab HVAC unit at a 12% cost reduction; Powertrain Engineering is evaluating a cost-driven engineering change to assembly ASM-6733.
ECN-000152,2025-01-04,1,Jan 2025,PLM,Customer-Requested,Quality Approval,19.08,4,True,True,False,True,True,True,True,PN-20345,ASM-8055,Hydraulics Engineering,cooling fan clutch,Field Service Report FSR-00152: Supplier communication forwards a customer complaint about PN-20345 wear rate on the cooling fan clutch; Hydraulics Engineering is preparing a customer-driven revision to assembly ASM-8055. Cross-functional stakeholders have been notified for input.
ECN-000404,2025-03-20,3,Mar 2025,ECN Database,Performance-Related,Design Review,19.68,3,False,False,False,True,True,True,True,PN-67065,ASM-2444,Structural Engineering,final drive assembly,"Supplier Communication SC-00404: Engineering comment: final drive assembly (part PN-67065, assembly ASM-2444) is underperforming relative to spec by ~8%; Structural Engineering proposes a performance tuning change to improve efficiency. Customer feedback log: fleet operator requests an enhancement to the exhaust aftertreatment system (part PN-67065) for improved serviceability; Powertrain Engineering is drafting a customer-requested change to assembly ASM-2444."
ECN-001189,2025-06-04,6,Jun 2025,ERP,Customer-Requested,Manufacturing,11.06,6,True,False,False,True,True,True,True,PN-44454,ASM-2034,Manufacturing Engineering,engine control module,Non-Conformance Report NCR-01189: Field service report: customer has asked for a configuration change to the engine control module to support a new attachment; Manufacturing Engineering opens a customer-requested engineering change against part PN-44454. A follow-up review is scheduled for the next engineering change meeting.
ECN-000208,2025-02-28,2,Feb 2025,ECN Database,Regulatory Compliance,Manufacturing,38.2,6,False,False,False,False,False,False,True,PN-49306,ASM-7167,Regulatory Affairs,track undercarriage,Field Service Report FSR-00208: Regulatory bulletin requires updated emissions documentation for the track undercarriage (part PN-49306); Regulatory Affairs is initiating a compliance-driven engineering change to assembly ASM-7167. Additional supporting documentation has been attached to the ECN record.
ECN-001135,2025-06-21,6,Jun 2025,Supplier Portal,Customer-Requested,Manufacturing,12.07,4,True,True,False,True,True,True,True,PN-64668,ASM-5260,Regulatory Affairs,cab HVAC unit,Engineering Comment EC-01135: Supplier communication forwards a customer complaint about PN-64668 wear rate on the cab HVAC unit; Regulatory Affairs is preparing a customer-driven revision to assembly ASM-5260.
ECN-000659,2025-04-03,4,Apr 2025,CAD,Performance-Related,Design Review,7.33,4,True,False,False,True,True,True,True,PN-32264,ASM-9253,Quality Assurance,hydraulic pump,Non-Conformance Report NCR-00659: Field service report notes reduced output from the hydraulic pump; Quality Assurance traces the root cause to part PN-32264 tolerance drift and requests a performance-related revision to assembly ASM-9253.
ECN-001097,2025-06-10,6,Jun 2025,PLM,Safety-Critical,Final Release,1.34,4,False,True,False,True,True,True,True,PN-41927,ASM-5138,Regulatory Affairs,track undercarriage,Supplier Communication SC-01097: Maintenance log entry: repeated overheating observed on track undercarriage (part PN-41927) across three units in the field; escalated to Regulatory Affairs as a safety-critical change request. Impact assessment on related assemblies is still in progress.
ECN-000233,2025-02-22,2,Feb 2025,Supplier Portal,Cost-Driven,Design Review,23.6,5,False,False,False,False,True,True,True,PN-41775,ASM-6339,Structural Engineering,alternator,Non-Conformance Report NCR-00233: Engineering comment: value-engineering review of the alternator identifies part PN-41775 as a candidate for redesign to reduce unit cost; Structural Engineering to submit change request. Field service report: customer has asked for a configuration change to the engine control module to support a new attachment; Supplier Quality opens a customer-requested engineering change against part PN-41775.
ECN-000009,2025-01-12,1,Jan 2025,ERP,Safety-Critical,Final Release,26.71,1,False,True,False,True,True,True,True,PN-80644,ASM-5304,Supplier Quality,final drive assembly,Supplier Communication SC-00009: Maintenance log entry: repeated overheating observed on final drive assembly (part PN-80644) across three units in the field; escalated to Supplier Quality as a safety-critical change request.
ECN-000160,2025-01-12,1,Jan 2025,MMS,Cost-Driven,Final Release,10.37,4,True,False,False,True,False,False,True,PN-36342,ASM-3275,Supplier Quality,transmission control unit,Engineering Comment EC-00160: Supplier communication from Meridian Hydraulics Inc. proposes an alternate source for PN-36342 on the transmission control unit at a 12% cost reduction; Supplier Quality is evaluating a cost-driven engineering change to assembly ASM-3275. A follow-up review is scheduled for the next engineering change meeting.
ECN-000037,2025-01-02,1,Jan 2025,PLM,Safety-Critical,Manufacturing,19.0,3,True,False,False,True,True,True,True,PN-53404,ASM-1452,Regulatory Affairs,transmission control unit,"Field Service Report FSR-00037: Field service report flags a potential failure mode in the transmission control unit (assembly ASM-1452, part PN-53404) that could compromise operator safety under high-load conditions; Regulatory Affairs has requested an urgent design review. A follow-up review is scheduled for the next engineering change meeting."
ECN-000453,2025-03-19,3,Mar 2025,ECN Database,Safety-Critical,Quality Approval,21.19,4,False,True,False,True,True,False,False,PN-40279,ASM-9710,Hydraulics Engineering,transmission control unit,Non-Conformance Report NCR-00453: Non-conformance report: PN-40279 on the transmission control unit exhibited a crack during fatigue testing. Hydraulics Engineering recommends immediate containment and a safety-critical engineering change to assembly ASM-9710.
ECN-000652,2025-04-02,4,Apr 2025,MMS,Customer-Requested,Design Review,7.27,2,True,False,False,True,True,True,True,PN-92133,ASM-4747,Electrical Systems,hydraulic pump,Non-Conformance Report NCR-00652: Customer feedback log: fleet operator requests an enhancement to the hydraulic pump (part PN-92133) for improved serviceability; Electrical Systems is drafting a customer-requested change to assembly ASM-4747. Impact assessment on related assemblies is still in progress.
ECN-000254,2025-02-15,2,Feb 2025,PLM,Performance-Related,Quality Approval,13.74,5,False,False,False,True,True,True,True,PN-74154,ASM-3329,Supplier Quality,fuel injection system,Supplier Communication SC-00254: Test bench data shows the fuel injection system missing target cycle times; Supplier Quality is submitting a change request against part PN-74154 to restore rated performance.
ECN-000304,2025-02-14,2,Feb 2025,PLM,Performance-Related,Design Review,13.09,4,False,True,False,True,False,True,True,PN-96585,ASM-5612,Electrical Systems,transmission control unit,Maintenance Log #00304: Field service report notes reduced output from the transmission control unit; Electrical Systems traces the root cause to part PN-96585 tolerance drift and requests a performance-related revision to assembly ASM-5612. Engineering comment: value-engineering review of the exhaust aftertreatment system identifies part PN-96585 as a candidate for redesign to reduce unit cost; Electrical Systems to submit change request. Cross-functional stakeholders have been notified for input.
ECN-000897,2025-05-27,5,May 2025,ECN Database,Customer-Requested,Design Review,9.76,3,True,False,False,False,True,True,True,PN-61418,ASM-4009,Powertrain Engineering,track undercarriage,Maintenance Log #00897: Supplier communication forwards a customer complaint about PN-61418 wear rate on the track undercarriage; Powertrain Engineering is preparing a customer-driven revision to assembly ASM-4009.
ECN-001049,2025-06-17,6,Jun 2025,ECN Database,Customer-Requested,Design Review,7.93,5,True,False,False,True,True,True,True,PN-90113,ASM-4416,Structural Engineering,engine control module,Supplier Communication SC-01049: Supplier communication forwards a customer complaint about PN-90113 wear rate on the engine control module; Structural Engineering is preparing a customer-driven revision to assembly ASM-4416. Procurement flags rising cost of PN-90113 used in the cooling fan clutch; Regulatory Affairs requests a cost-driven change to qualify a second source for assembly ASM-4416. Cross-functional stakeholders have been notified for input.
ECN-000881,2025-05-18,5,May 2025,CAD,Cost-Driven,Design Review,8.59,6,True,False,False,True,True,True,True,PN-81241,ASM-5382,Supplier Quality,final drive assembly,Maintenance Log #00881: Procurement flags rising cost of PN-81241 used in the final drive assembly; Supplier Quality requests a cost-driven change to qualify a second source for assembly ASM-5382. This item is currently pending review by the change control board.
ECN-000572,2025-03-31,3,Mar 2025,ERP,Customer-Requested,Final Release,11.75,4,False,False,False,True,True,True,True,PN-66113,ASM-5041,Field Service,cab HVAC unit,Engineering Comment EC-00572: Customer feedback log: fleet operator requests an enhancement to the cab HVAC unit (part PN-66113) for improved serviceability; Field Service is drafting a customer-requested change to assembly ASM-5041.
ECN-000624,2025-04-22,4,Apr 2025,MMS,Safety-Critical,Manufacturing,13.03,3,False,False,False,True,True,True,True,PN-74419,ASM-8056,Field Service,steering valve block,"Engineering Comment EC-00624: Field service report flags a potential failure mode in the steering valve block (assembly ASM-8056, part PN-74419) that could compromise operator safety under high-load conditions; Field Service has requested an urgent design review. This item is currently pending review by the change control board."
ECN-001145,2025-06-29,6,Jun 2025,ERP,Regulatory Compliance,Final Release,8.98,2,False,False,False,True,True,True,True,PN-75377,ASM-8525,Supplier Quality,engine control module,Engineering Comment EC-01145: Supplier communication from Apex Sensor Technologies indicates a material certification gap on PN-75377; Supplier Quality requests a compliance change to the engine control module.
ECN-001031,2025-06-08,6,Jun 2025,MMS,Performance-Related,Manufacturing,10.46,2,True,False,False,True,True,True,True,PN-83460,ASM-9284,Hydraulics Engineering,fuel injection system,"Engineering Comment EC-01031: Engineering comment: fuel injection system (part PN-83460, assembly ASM-9284) is underperforming relative to spec by ~8%; Hydraulics Engineering proposes a performance tuning change to improve efficiency."
ECN-001146,2025-06-03,6,Jun 2025,CAD,Safety-Critical,Final Release,7.49,2,True,False,False,True,True,True,True,PN-97063,ASM-1538,Supplier Quality,alternator,Engineering Comment EC-01146: Non-conformance report: PN-97063 on the alternator exhibited a crack during fatigue testing. Supplier Quality recommends immediate containment and a safety-critical engineering change to assembly ASM-1538.
ECN-000263,2025-02-26,2,Feb 2025,ERP,Safety-Critical,Final Release,21.34,1,False,False,False,True,True,True,True,PN-99989,ASM-8248,Regulatory Affairs,final drive assembly,"Field Service Report FSR-00263: Field service report flags a potential failure mode in the final drive assembly (assembly ASM-8248, part PN-99989) that could compromise operator safety under high-load conditions; Regulatory Affairs has requested an urgent design review. Regulatory bulletin requires updated emissions documentation for the engine control module (part PN-99989); Regulatory Affairs is initiating a compliance-driven engineering change to assembly ASM-8248."
ECN-000611,2025-04-30,4,Apr 2025,ERP,Cost-Driven,Final Release,17.26,2,True,False,False,True,True,True,True,PN-85777,ASM-1229,Hydraulics Engineering,exhaust aftertreatment system,Maintenance Log #00611: Procurement flags rising cost of PN-85777 used in the exhaust aftertreatment system; Hydraulics Engineering requests a cost-driven change to qualify a second source for assembly ASM-1229. Field service report notes reduced output from the final drive assembly; Electrical Systems traces the root cause to part PN-85777 tolerance drift and requests a performance-related revision to assembly ASM-1229.
ECN-000298,2025-02-08,2,Feb 2025,ECN Database,Customer-Requested,Quality Approval,10.02,8,True,False,False,True,True,True,True,PN-61327,ASM-1530,Powertrain Engineering,alternator,Engineering Comment EC-00298: Customer feedback log: fleet operator requests an enhancement to the alternator (part PN-61327) for improved serviceability; Powertrain Engineering is drafting a customer-requested change to assembly ASM-1530.
ECN-000990,2025-05-15,5,May 2025,PLM,Safety-Critical,Manufacturing,14.24,3,True,False,False,False,False,False,False,PN-61043,ASM-1180,Hydraulics Engineering,cab HVAC unit,Engineering Comment EC-00990: Maintenance log entry: repeated overheating observed on cab HVAC unit (part PN-61043) across three units in the field; escalated to Hydraulics Engineering as a safety-critical change request.
ECN-000415,2025-03-02,3,Mar 2025,Supplier Portal,Regulatory Compliance,Design Review,12.04,5,True,True,False,True,True,True,True,PN-33969,ASM-9374,Field Service,cab HVAC unit,Non-Conformance Report NCR-00415: Non-conformance report: PN-33969 on the cab HVAC unit does not meet the revised safety standard; Field Service has opened a regulatory compliance change request for assembly ASM-9374.
ECN-000151,2025-01-30,1,Jan 2025,Supplier Portal,Customer-Requested,Final Release,16.36,4,False,False,False,True,True,True,True,PN-67637,ASM-7334,Regulatory Affairs,fuel injection system,Field Service Report FSR-00151: Field service report: customer has asked for a configuration change to the fuel injection system to support a new attachment; Regulatory Affairs opens a customer-requested engineering change against part PN-67637. The change request has been logged in the PLM system for tracking.
ECN-000946,2025-05-01,5,May 2025,MMS,Safety-Critical,Manufacturing,10.9,3,True,False,False,True,True,True,True,PN-52844,ASM-7272,Quality Assurance,cab HVAC unit,"Engineering Comment EC-00946: Field service report flags a potential failure mode in the cab HVAC unit (assembly ASM-7272, part PN-52844) that could compromise operator safety under high-load conditions; Quality Assurance has requested an urgent design review. Impact assessment on related assemblies is still in progress."
ECN-000473,2025-03-11,3,Mar 2025,MMS,Performance-Related,Design Review,8.25,4,False,False,False,True,False,False,False,PN-79672,ASM-2442,Structural Engineering,fuel injection system,"Field Service Report FSR-00473: Engineering comment: fuel injection system (part PN-79672, assembly ASM-2442) is underperforming relative to spec by ~8%; Structural Engineering proposes a performance tuning change to improve efficiency. Supplier communication forwards a customer complaint about PN-79672 wear rate on the alternator; Powertrain Engineering is preparing a customer-driven revision to assembly ASM-2442. A follow-up review is scheduled for the next engineering change meeting."
ECN-000953,2025-05-07,5,May 2025,PLM,Safety-Critical,Final Release,14.88,4,True,False,False,True,True,True,True,PN-44578,ASM-5853,Supplier Quality,cab HVAC unit,Maintenance Log #00953: Maintenance log entry: repeated overheating observed on cab HVAC unit (part PN-44578) across three units in the field; escalated to Supplier Quality as a safety-critical change request. Supplier communication from Meridian Hydraulics Inc. indicates a material certification gap on PN-44578; Supplier Quality requests a compliance change to the steering valve block. The change request has been logged in the PLM system for tracking.
ECN-000988,2025-05-31,5,May 2025,Supplier Portal,Cost-Driven,Final Release,16.24,3,True,False,False,True,True,True,True,PN-77045,ASM-9956,Supplier Quality,alternator,Maintenance Log #00988: Supplier communication from Continental Driveline Systems proposes an alternate source for PN-77045 on the alternator at a 12% cost reduction; Supplier Quality is evaluating a cost-driven engineering change to assembly ASM-9956. Impact assessment on related assemblies is still in progress.
ECN-000779,2025-04-12,4,Apr 2025,ERP,Performance-Related,Final Release,7.98,8,False,False,False,True,True,True,True,PN-88407,ASM-1076,Structural Engineering,cooling fan clutch,"Non-Conformance Report NCR-00779: Engineering comment: cooling fan clutch (part PN-88407, assembly ASM-1076) is underperforming relative to spec by ~8%; Structural Engineering proposes a performance tuning change to improve efficiency."
ECN-000641,2025-04-30,4,Apr 2025,MMS,Regulatory Compliance,Quality Approval,24.12,5,True,False,False,True,True,True,True,PN-26027,ASM-6134,Supplier Quality,engine control module,Non-Conformance Report NCR-00641: Non-conformance report: PN-26027 on the engine control module does not meet the revised safety standard; Supplier Quality has opened a regulatory compliance change request for assembly ASM-6134.
ECN-001190,2025-06-03,6,Jun 2025,Supplier Portal,Cost-Driven,Manufacturing,8.71,5,True,False,False,True,True,True,True,PN-82150,ASM-5844,Hydraulics Engineering,cab HVAC unit,Engineering Comment EC-01190: Supplier communication from Meridian Hydraulics Inc. proposes an alternate source for PN-82150 on the cab HVAC unit at a 12% cost reduction; Hydraulics Engineering is evaluating a cost-driven engineering change to assembly ASM-5844. The change request has been logged in the PLM system for tracking.
ECN-001143,2025-06-16,6,Jun 2025,ERP,Cost-Driven,Manufacturing,16.43,1,True,False,False,True,True,True,True,PN-78594,ASM-7133,Electrical Systems,final drive assembly,Engineering Comment EC-01143: Engineering comment: value-engineering review of the final drive assembly identifies part PN-78594 as a candidate for redesign to reduce unit cost; Electrical Systems to submit change request. Additional supporting documentation has been attached to the ECN record.
ECN-000551,2025-03-04,3,Mar 2025,Supplier Portal,Safety-Critical,Design Review,9.79,5,False,False,False,True,True,True,True,PN-39602,ASM-1054,Hydraulics Engineering,alternator,Supplier Communication SC-00551: Non-conformance report: PN-39602 on the alternator exhibited a crack during fatigue testing. Hydraulics Engineering recommends immediate containment and a safety-critical engineering change to assembly ASM-1054.
ECN-000640,2025-04-09,4,Apr 2025,MMS,Customer-Requested,Final Release,22.62,2,True,True,False,True,True,True,True,PN-84838,ASM-9196,Supplier Quality,final drive assembly,Engineering Comment EC-00640: Customer feedback log: fleet operator requests an enhancement to the final drive assembly (part PN-84838) for improved serviceability; Supplier Quality is drafting a customer-requested change to assembly ASM-9196.
ECN-000936,2025-05-07,5,May 2025,CAD,Cost-Driven,Final Release,14.08,5,False,True,True,True,True,True,True,PN-30760,ASM-9548,Electrical Systems,exhaust aftertreatment system,"Non-Conformance Report NCR-00936: Procurement flags rising cost of PN-30760 used in the exhaust aftertreatment system; Electrical Systems requests a cost-driven change to qualify a second source for assembly ASM-9548. Engineering comment: exhaust aftertreatment system (part PN-30760, assembly ASM-9548) is underperforming relative to spec by ~8%; Powertrain Engineering proposes a performance tuning change to improve efficiency. A follow-up review is scheduled for the next engineering change meeting."
ECN-000929,2025-05-04,5,May 2025,ECN Database,Performance-Related,Manufacturing,9.52,5,True,True,False,True,True,True,True,PN-93397,ASM-7396,Regulatory Affairs,exhaust aftertreatment system,Engineering Comment EC-00929: Test bench data shows the exhaust aftertreatment system missing target cycle times; Regulatory Affairs is submitting a change request against part PN-93397 to restore rated performance. Supplier communication forwards a customer complaint about PN-93397 wear rate on the final drive assembly; Regulatory Affairs is preparing a customer-driven revision to assembly ASM-7396. Additional supporting documentation has been attached to the ECN record.
ECN-000489,2025-03-06,3,Mar 2025,ERP,Cost-Driven,Manufacturing,13.62,5,True,False,False,True,True,True,True,PN-15754,ASM-3799,Electrical Systems,track undercarriage,Non-Conformance Report NCR-00489: Engineering comment: value-engineering review of the track undercarriage identifies part PN-15754 as a candidate for redesign to reduce unit cost; Electrical Systems to submit change request.
ECN-000820,2025-05-01,5,May 2025,Supplier Portal,Safety-Critical,Manufacturing,13.7,4,True,False,False,True,True,True,True,PN-16889,ASM-3933,Supplier Quality,final drive assembly,Non-Conformance Report NCR-00820: Non-conformance report: PN-16889 on the final drive assembly exhibited a crack during fatigue testing. Supplier Quality recommends immediate containment and a safety-critical engineering change to assembly ASM-3933. Impact assessment on related assemblies is still in progress.
ECN-000711,2025-04-05,4,Apr 2025,ECN Database,Safety-Critical,Quality Approval,20.18,4,True,False,False,True,False,True,False,PN-89391,ASM-3175,Regulatory Affairs,fuel injection system,"Supplier Communication SC-00711: Field service report flags a potential failure mode in the fuel injection system (assembly ASM-3175, part PN-89391) that could compromise operator safety under high-load conditions; Regulatory Affairs has requested an urgent design review. The change request has been logged in the PLM system for tracking."
ECN-001081,2025-06-21,6,Jun 2025,MMS,Performance-Related,Design Review,18.93,3,True,False,False,False,True,True,False,PN-10735,ASM-6085,Electrical Systems,fuel injection system,Field Service Report FSR-01081: Field service report notes reduced output from the fuel injection system; Electrical Systems traces the root cause to part PN-10735 tolerance drift and requests a performance-related revision to assembly ASM-6085. Field service report: customer has asked for a configuration change to the transmission control unit to support a new attachment; Powertrain Engineering opens a customer-requested engineering change against part PN-10735. Impact assessment on related assemblies is still in progress.
ECN-000148,2025-01-03,1,Jan 2025,ECN Database,Cost-Driven,Manufacturing,44.56,2,True,True,True,True,True,True,True,PN-86271,ASM-6447,Supplier Quality,fuel injection system,Non-Conformance Report NCR-00148: Supplier communication from Meridian Hydraulics Inc. proposes an alternate source for PN-86271 on the fuel injection system at a 12% cost reduction; Supplier Quality is evaluating a cost-driven engineering change to assembly ASM-6447. Supplier communication forwards a customer complaint about PN-86271 wear rate on the final drive assembly; Structural Engineering is preparing a customer-driven revision to assembly ASM-6447.
ECN-000147,2025-01-12,1,Jan 2025,PLM,Performance-Related,Quality Approval,27.25,7,False,False,False,True,True,True,True,PN-71621,ASM-1713,Powertrain Engineering,transmission control unit,Maintenance Log #00147: Test bench data shows the transmission control unit missing target cycle times; Powertrain Engineering is submitting a change request against part PN-71621 to restore rated performance. Impact assessment on related assemblies is still in progress.
ECN-001175,2025-06-01,6,Jun 2025,PLM,Customer-Requested,Quality Approval,6.58,3,False,False,False,False,False,True,True,PN-21900,ASM-9305,Supplier Quality,track undercarriage,Supplier Communication SC-01175: Field service report: customer has asked for a configuration change to the track undercarriage to support a new attachment; Supplier Quality opens a customer-requested engineering change against part PN-21900.
ECN-000963,2025-05-06,5,May 2025,Supplier Portal,Safety-Critical,Final Release,17.17,4,True,False,False,True,False,True,True,PN-93479,ASM-5718,Supplier Quality,final drive assembly,Maintenance Log #00963: Maintenance log entry: repeated overheating observed on final drive assembly (part PN-93479) across three units in the field; escalated to Supplier Quality as a safety-critical change request.
ECN-000346,2025-02-05,2,Feb 2025,Supplier Portal,Regulatory Compliance,Quality Approval,20.09,4,True,False,False,True,True,True,True,PN-96732,ASM-5072,Hydraulics Engineering,alternator,Supplier Communication SC-00346: Non-conformance report: PN-96732 on the alternator does not meet the revised safety standard; Hydraulics Engineering has opened a regulatory compliance change request for assembly ASM-5072.
ECN-000403,2025-03-26,3,Mar 2025,PLM,Cost-Driven,Final Release,19.98,0,False,False,False,True,False,False,True,PN-68536,ASM-3650,Hydraulics Engineering,steering valve block,Maintenance Log #00403: Supplier communication from Continental Driveline Systems proposes an alternate source for PN-68536 on the steering valve block at a 12% cost reduction; Hydraulics Engineering is evaluating a cost-driven engineering change to assembly ASM-3650. Field service report: customer has asked for a configuration change to the transmission control unit to support a new attachment; Powertrain Engineering opens a customer-requested engineering change against part PN-68536. Impact assessment on related assemblies is still in progress.
ECN-000932,2025-05-25,5,May 2025,CAD,Safety-Critical,Manufacturing,7.59,5,True,False,False,True,True,True,True,PN-41420,ASM-4633,Manufacturing Engineering,steering valve block,Supplier Communication SC-00932: Non-conformance report: PN-41420 on the steering valve block exhibited a crack during fatigue testing. Manufacturing Engineering recommends immediate containment and a safety-critical engineering change to assembly ASM-4633.
ECN-000955,2025-05-17,5,May 2025,ERP,Customer-Requested,Final Release,11.55,5,True,True,False,True,True,True,True,PN-23849,ASM-3130,Quality Assurance,steering valve block,Engineering Comment EC-00955: Customer feedback log: fleet operator requests an enhancement to the steering valve block (part PN-23849) for improved serviceability; Quality Assurance is drafting a customer-requested change to assembly ASM-3130. The change request has been logged in the PLM system for tracking.
ECN-001125,2025-06-30,6,Jun 2025,Supplier Portal,Cost-Driven,Manufacturing,10.56,4,False,False,False,True,True,True,True,PN-13068,ASM-5651,Regulatory Affairs,fuel injection system,Supplier Communication SC-01125: Procurement flags rising cost of PN-13068 used in the fuel injection system; Regulatory Affairs requests a cost-driven change to qualify a second source for assembly ASM-5651.
ECN-000660,2025-04-28,4,Apr 2025,CAD,Safety-Critical,Design Review,7.68,3,True,False,False,True,True,True,True,PN-28585,ASM-5266,Electrical Systems,alternator,"Supplier Communication SC-00660: Field service report flags a potential failure mode in the alternator (assembly ASM-5266, part PN-28585) that could compromise operator safety under high-load conditions; Electrical Systems has requested an urgent design review."
ECN-000464,2025-03-25,3,Mar 2025,ERP,Safety-Critical,Manufacturing,16.16,4,False,False,False,True,True,True,True,PN-62322,ASM-5301,Powertrain Engineering,alternator,"Non-Conformance Report NCR-00464: Field service report flags a potential failure mode in the alternator (assembly ASM-5301, part PN-62322) that could compromise operator safety under high-load conditions; Powertrain Engineering has requested an urgent design review. Impact assessment on related assemblies is still in progress."
ECN-000187,2025-01-21,1,Jan 2025,Supplier Portal,Performance-Related,Manufacturing,14.2,5,True,True,False,False,False,True,True,PN-47649,ASM-6262,Structural Engineering,cab HVAC unit,Maintenance Log #00187: Field service report notes reduced output from the cab HVAC unit; Structural Engineering traces the root cause to part PN-47649 tolerance drift and requests a performance-related revision to assembly ASM-6262.
ECN-000609,2025-04-03,4,Apr 2025,ERP,Customer-Requested,Design Review,7.93,11,True,True,False,True,True,True,True,PN-26225,ASM-4365,Powertrain Engineering,cooling fan clutch,Maintenance Log #00609: Supplier communication forwards a customer complaint about PN-26225 wear rate on the cooling fan clutch; Powertrain Engineering is preparing a customer-driven revision to assembly ASM-4365. Cross-functional stakeholders have been notified for input.
ECN-000144,2025-01-03,1,Jan 2025,PLM,Cost-Driven,Design Review,17.25,3,True,True,True,True,True,True,True,PN-25970,ASM-1782,Supplier Quality,cooling fan clutch,Supplier Communication SC-00144: Supplier communication from Apex Sensor Technologies proposes an alternate source for PN-25970 on the cooling fan clutch at a 12% cost reduction; Supplier Quality is evaluating a cost-driven engineering change to assembly ASM-1782.
ECN-000752,2025-04-12,4,Apr 2025,MMS,Customer-Requested,Design Review,6.23,2,False,True,False,True,True,False,False,PN-20670,ASM-8711,Structural Engineering,transmission control unit,Engineering Comment EC-00752: Supplier communication forwards a customer complaint about PN-20670 wear rate on the transmission control unit; Structural Engineering is preparing a customer-driven revision to assembly ASM-8711. The change request has been logged in the PLM system for tracking.
ECN-000982,2025-05-16,5,May 2025,ECN Database,Performance-Related,Final Release,3.7,3,False,False,False,True,False,True,False,PN-95181,ASM-2753,Powertrain Engineering,engine control module,Engineering Comment EC-00982: Field service report notes reduced output from the engine control module; Powertrain Engineering traces the root cause to part PN-95181 tolerance drift and requests a performance-related revision to assembly ASM-2753.
ECN-000198,2025-01-24,1,Jan 2025,PLM,Customer-Requested,Final Release,9.67,3,True,False,True,True,True,True,True,PN-27294,ASM-9409,Powertrain Engineering,cab HVAC unit,Field Service Report FSR-00198: Field service report: customer has asked for a configuration change to the cab HVAC unit to support a new attachment; Powertrain Engineering opens a customer-requested engineering change against part PN-27294. The change request has been logged in the PLM system for tracking.
ECN-000884,2025-05-05,5,May 2025,ECN Database,Performance-Related,Design Review,13.88,3,True,False,False,True,True,True,True,PN-89233,ASM-3475,Hydraulics Engineering,fuel injection system,"Supplier Communication SC-00884: Engineering comment: fuel injection system (part PN-89233, assembly ASM-3475) is underperforming relative to spec by ~8%; Hydraulics Engineering proposes a performance tuning change to improve efficiency. Additional supporting documentation has been attached to the ECN record."
ECN-000280,2025-02-19,2,Feb 2025,PLM,Performance-Related,Final Release,12.7,3,True,False,True,True,True,True,True,PN-78125,ASM-7767,Powertrain Engineering,engine control module,Maintenance Log #00280: Test bench data shows the engine control module missing target cycle times; Powertrain Engineering is submitting a change request against part PN-78125 to restore rated performance. Impact assessment on related assemblies is still in progress.
ECN-000294,2025-02-11,2,Feb 2025,Supplier Portal,Customer-Requested,Quality Approval,19.18,4,True,False,False,True,True,True,True,PN-21830,ASM-1920,Structural Engineering,final drive assembly,Maintenance Log #00294: Customer feedback log: fleet operator requests an enhancement to the final drive assembly (part PN-21830) for improved serviceability; Structural Engineering is drafting a customer-requested change to assembly ASM-1920. The change request has been logged in the PLM system for tracking.
ECN-001089,2025-06-19,6,Jun 2025,CAD,Safety-Critical,Manufacturing,10.56,5,True,False,False,True,True,True,True,PN-27397,ASM-6087,Field Service,boom cylinder,"Non-Conformance Report NCR-01089: Field service report flags a potential failure mode in the boom cylinder (assembly ASM-6087, part PN-27397) that could compromise operator safety under high-load conditions; Field Service has requested an urgent design review. Cross-functional stakeholders have been notified for input."
ECN-000401,2025-03-16,3,Mar 2025,ERP,Cost-Driven,Quality Approval,19.34,10,False,False,False,False,False,True,True,PN-57925,ASM-5514,Regulatory Affairs,transmission control unit,Engineering Comment EC-00401: Procurement flags rising cost of PN-57925 used in the transmission control unit; Regulatory Affairs requests a cost-driven change to qualify a second source for assembly ASM-5514. A follow-up review is scheduled for the next engineering change meeting.
ECN-000123,2025-01-17,1,Jan 2025,ECN Database,Safety-Critical,Design Review,26.04,3,True,False,False,True,False,False,False,PN-61873,ASM-6083,Electrical Systems,track undercarriage,Maintenance Log #00123: Maintenance log entry: repeated overheating observed on track undercarriage (part PN-61873) across three units in the field; escalated to Electrical Systems as a safety-critical change request. Additional supporting documentation has been attached to the ECN record.
ECN-000203,2025-02-02,2,Feb 2025,ECN Database,Safety-Critical,Quality Approval,21.58,3,False,False,False,True,True,True,True,PN-30332,ASM-5516,Structural Engineering,boom cylinder,"Maintenance Log #00203: Field service report flags a potential failure mode in the boom cylinder (assembly ASM-5516, part PN-30332) that could compromise operator safety under high-load conditions; Structural Engineering has requested an urgent design review."
ECN-000836,2025-05-15,5,May 2025,PLM,Cost-Driven,Design Review,16.94,3,True,False,False,True,True,False,True,PN-82069,ASM-5177,Regulatory Affairs,exhaust aftertreatment system,Supplier Communication SC-00836: Engineering comment: value-engineering review of the exhaust aftertreatment system identifies part PN-82069 as a candidate for redesign to reduce unit cost; Regulatory Affairs to submit change request.
ECN-000247,2025-02-23,2,Feb 2025,MMS,Safety-Critical,Design Review,9.96,5,True,True,False,True,True,True,True,PN-83607,ASM-9281,Supplier Quality,final drive assembly,Supplier Communication SC-00247: Maintenance log entry: repeated overheating observed on final drive assembly (part PN-83607) across three units in the field; escalated to Supplier Quality as a safety-critical change request.
ECN-001140,2025-06-23,6,Jun 2025,ERP,Performance-Related,Design Review,12.8,3,True,True,False,True,True,True,True,PN-13400,ASM-4621,Electrical Systems,final drive assembly,Field Service Report FSR-01140: Field service report notes reduced output from the final drive assembly; Electrical Systems traces the root cause to part PN-13400 tolerance drift and requests a performance-related revision to assembly ASM-4621.
ECN-000385,2025-02-24,2,Feb 2025,ECN Database,Safety-Critical,Quality Approval,35.11,5,True,True,False,True,True,True,True,PN-30869,ASM-3935,Quality Assurance,transmission control unit,Non-Conformance Report NCR-00385: Maintenance log entry: repeated overheating observed on transmission control unit (part PN-30869) across three units in the field; escalated to Quality Assurance as a safety-critical change request.
ECN-000855,2025-05-05,5,May 2025,PLM,Cost-Driven,Quality Approval,3.15,4,True,False,False,True,True,True,True,PN-52583,ASM-7551,Structural Engineering,transmission control unit,Supplier Communication SC-00855: Procurement flags rising cost of PN-52583 used in the transmission control unit; Structural Engineering requests a cost-driven change to qualify a second source for assembly ASM-7551.
ECN-000220,2025-02-10,2,Feb 2025,ECN Database,Cost-Driven,Quality Approval,14.97,3,True,False,False,True,True,True,True,PN-58896,ASM-7652,Regulatory Affairs,cooling fan clutch,Non-Conformance Report NCR-00220: Engineering comment: value-engineering review of the cooling fan clutch identifies part PN-58896 as a candidate for redesign to reduce unit cost; Regulatory Affairs to submit change request.
ECN-000642,2025-04-16,4,Apr 2025,Supplier Portal,Cost-Driven,Design Review,24.22,8,True,False,False,True,True,True,True,PN-32957,ASM-4507,Quality Assurance,boom cylinder,Maintenance Log #00642: Engineering comment: value-engineering review of the boom cylinder identifies part PN-32957 as a candidate for redesign to reduce unit cost; Quality Assurance to submit change request. A follow-up review is scheduled for the next engineering change meeting.
ECN-000002,2025-01-14,1,Jan 2025,ERP,Regulatory Compliance,Final Release,13.62,4,False,False,False,True,False,True,False,PN-88907,ASM-1434,Supplier Quality,boom cylinder,Engineering Comment EC-00002: Supplier communication from Vantage Electronics indicates a material certification gap on PN-88907; Supplier Quality requests a compliance change to the boom cylinder.
ECN-000113,2025-01-05,1,Jan 2025,ECN Database,Performance-Related,Final Release,10.05,4,True,False,False,True,True,True,True,PN-56346,ASM-7929,Hydraulics Engineering,steering valve block,Non-Conformance Report NCR-00113: Test bench data shows the steering valve block missing target cycle times; Hydraulics Engineering is submitting a change request against part PN-56346 to restore rated performance. Supplier communication forwards a customer complaint about PN-56346 wear rate on the cooling fan clutch; Manufacturing Engineering is preparing a customer-driven revision to assembly ASM-7929.
ECN-000699,2025-04-13,4,Apr 2025,ECN Database,Cost-Driven,Quality Approval,20.61,6,False,False,False,True,False,False,True,PN-95033,ASM-7627,Structural Engineering,transmission control unit,Field Service Report FSR-00699: Supplier communication from Apex Sensor Technologies proposes an alternate source for PN-95033 on the transmission control unit at a 12% cost reduction; Structural Engineering is evaluating a cost-driven engineering change to assembly ASM-7627. A follow-up review is scheduled for the next engineering change meeting.
ECN-000952,2025-05-11,5,May 2025,ECN Database,Cost-Driven,Design Review,3.43,1,True,False,False,True,True,True,True,PN-78388,ASM-9644,Structural Engineering,steering valve block,Field Service Report FSR-00952: Supplier communication from Meridian Hydraulics Inc. proposes an alternate source for PN-78388 on the steering valve block at a 12% cost reduction; Structural Engineering is evaluating a cost-driven engineering change to assembly ASM-9644.
ECN-001079,2025-06-01,6,Jun 2025,CAD,Cost-Driven,Manufacturing,10.26,4,False,False,False,True,True,True,True,PN-42838,ASM-2970,Structural Engineering,transmission control unit,Non-Conformance Report NCR-01079: Procurement flags rising cost of PN-42838 used in the transmission control unit; Structural Engineering requests a cost-driven change to qualify a second source for assembly ASM-2970.
ECN-000442,2025-03-30,3,Mar 2025,ECN Database,Regulatory Compliance,Final Release,14.67,4,False,False,False,True,True,True,True,PN-21728,ASM-5075,Quality Assurance,cab HVAC unit,Field Service Report FSR-00442: Regulatory bulletin requires updated emissions documentation for the cab HVAC unit (part PN-21728); Quality Assurance is initiating a compliance-driven engineering change to assembly ASM-5075.
ECN-000664,2025-04-07,4,Apr 2025,Supplier Portal,Customer-Requested,Quality Approval,24.09,7,False,False,False,True,True,True,True,PN-33678,ASM-3757,Supplier Quality,engine control module,Engineering Comment EC-00664: Supplier communication forwards a customer complaint about PN-33678 wear rate on the engine control module; Supplier Quality is preparing a customer-driven revision to assembly ASM-3757. Impact assessment on related assemblies is still in progress.
ECN-001197,2025-06-16,6,Jun 2025,ERP,Cost-Driven,Final Release,9.77,4,False,False,True,True,True,True,True,PN-68114,ASM-3333,Quality Assurance,engine control module,Engineering Comment EC-01197: Procurement flags rising cost of PN-68114 used in the engine control module; Quality Assurance requests a cost-driven change to qualify a second source for assembly ASM-3333. Customer feedback log: fleet operator requests an enhancement to the steering valve block (part PN-68114) for improved serviceability; Hydraulics Engineering is drafting a customer-requested change to assembly ASM-3333. This item is currently pending review by the change control board.
ECN-000318,2025-02-09,2,Feb 2025,CAD,Safety-Critical,Design Review,27.19,5,True,True,False,True,True,True,True,PN-35265,ASM-4288,Powertrain Engineering,exhaust aftertreatment system,"Non-Conformance Report NCR-00318: Field service report flags a potential failure mode in the exhaust aftertreatment system (assembly ASM-4288, part PN-35265) that could compromise operator safety under high-load conditions; Powertrain Engineering has requested an urgent design review. Cross-functional stakeholders have been notified for input."
ECN-000649,2025-04-13,4,Apr 2025,ERP,Performance-Related,Manufacturing,14.99,7,True,False,False,True,True,True,True,PN-94066,ASM-4010,Powertrain Engineering,cab HVAC unit,Maintenance Log #00649: Test bench data shows the cab HVAC unit missing target cycle times; Powertrain Engineering is submitting a change request against part PN-94066 to restore rated performance.
ECN-000710,2025-04-19,4,Apr 2025,MMS,Performance-Related,Design Review,20.73,2,True,False,False,True,True,True,True,PN-81766,ASM-6712,Powertrain Engineering,cab HVAC unit,"Field Service Report FSR-00710: Engineering comment: cab HVAC unit (part PN-81766, assembly ASM-6712) is underperforming relative to spec by ~8%; Powertrain Engineering proposes a performance tuning change to improve efficiency. A follow-up review is scheduled for the next engineering change meeting."
ECN-000973,2025-05-10,5,May 2025,MMS,Customer-Requested,Design Review,12.42,5,False,True,True,True,True,True,True,PN-71121,ASM-3461,Structural Engineering,hydraulic pump,Non-Conformance Report NCR-00973: Supplier communication forwards a customer complaint about PN-71121 wear rate on the hydraulic pump; Structural Engineering is preparing a customer-driven revision to assembly ASM-3461.
ECN-000628,2025-04-15,4,Apr 2025,ECN Database,Regulatory Compliance,Manufacturing,12.01,2,False,False,False,True,True,True,True,PN-87664,ASM-2391,Supplier Quality,boom cylinder,"Maintenance Log #00628: Supplier communication from Apex Sensor Technologies indicates a material certification gap on PN-87664; Supplier Quality requests a compliance change to the boom cylinder. Field service report flags a potential failure mode in the fuel injection system (assembly ASM-2391, part PN-87664) that could compromise operator safety under high-load conditions; Quality Assurance has requested an urgent design review."
ECN-000633,2025-04-17,4,Apr 2025,CAD,Customer-Requested,Final Release,8.7,6,True,False,False,True,True,True,True,PN-84242,ASM-9700,Field Service,fuel injection system,Field Service Report FSR-00633: Field service report: customer has asked for a configuration change to the fuel injection system to support a new attachment; Field Service opens a customer-requested engineering change against part PN-84242. This item is currently pending review by the change control board.
ECN-001172,2025-06-13,6,Jun 2025,PLM,Cost-Driven,Quality Approval,8.12,4,True,False,True,True,True,True,True,PN-40537,ASM-4559,Regulatory Affairs,final drive assembly,Non-Conformance Report NCR-01172: Engineering comment: value-engineering review of the final drive assembly identifies part PN-40537 as a candidate for redesign to reduce unit cost; Regulatory Affairs to submit change request. Customer feedback log: fleet operator requests an enhancement to the track undercarriage (part PN-40537) for improved serviceability; Powertrain Engineering is drafting a customer-requested change to assembly ASM-4559.
ECN-001107,2025-06-06,6,Jun 2025,CAD,Performance-Related,Final Release,11.13,4,True,False,False,True,True,True,True,PN-70938,ASM-2353,Electrical Systems,steering valve block,Maintenance Log #01107: Field service report notes reduced output from the steering valve block; Electrical Systems traces the root cause to part PN-70938 tolerance drift and requests a performance-related revision to assembly ASM-2353. The change request has been logged in the PLM system for tracking.
ECN-000796,2025-04-13,4,Apr 2025,MMS,Safety-Critical,Final Release,20.5,4,True,False,False,True,True,True,True,PN-75627,ASM-7131,Powertrain Engineering,boom cylinder,Field Service Report FSR-00796: Non-conformance report: PN-75627 on the boom cylinder exhibited a crack during fatigue testing. Powertrain Engineering recommends immediate containment and a safety-critical engineering change to assembly ASM-7131. The change request has been logged in the PLM system for tracking.
ECN-000646,2025-04-29,4,Apr 2025,ECN Database,Cost-Driven,Design Review,8.93,6,True,True,False,True,True,True,True,PN-40862,ASM-5872,Field Service,cooling fan clutch,Field Service Report FSR-00646: Supplier communication from Meridian Hydraulics Inc. proposes an alternate source for PN-40862 on the cooling fan clutch at a 12% cost reduction; Field Service is evaluating a cost-driven engineering change to assembly ASM-5872. The change request has been logged in the PLM system for tracking.
ECN-001013,2025-06-08,6,Jun 2025,CAD,Cost-Driven,Design Review,8.44,2,False,False,True,True,True,True,True,PN-51793,ASM-9870,Electrical Systems,boom cylinder,Engineering Comment EC-01013: Procurement flags rising cost of PN-51793 used in the boom cylinder; Electrical Systems requests a cost-driven change to qualify a second source for assembly ASM-9870. Field service report: customer has asked for a configuration change to the alternator to support a new attachment; Structural Engineering opens a customer-requested engineering change against part PN-51793. Additional supporting documentation has been attached to the ECN record.
ECN-000557,2025-03-27,3,Mar 2025,Supplier Portal,Cost-Driven,Design Review,13.05,5,True,True,False,True,True,True,True,PN-32577,ASM-1818,Quality Assurance,steering valve block,Non-Conformance Report NCR-00557: Engineering comment: value-engineering review of the steering valve block identifies part PN-32577 as a candidate for redesign to reduce unit cost; Quality Assurance to submit change request. A follow-up review is scheduled for the next engineering change meeting.
ECN-000682,2025-04-28,4,Apr 2025,MMS,Cost-Driven,Design Review,8.68,6,True,False,False,True,True,True,False,PN-53758,ASM-1129,Regulatory Affairs,cooling fan clutch,Supplier Communication SC-00682: Supplier communication from Meridian Hydraulics Inc. proposes an alternate source for PN-53758 on the cooling fan clutch at a 12% cost reduction; Regulatory Affairs is evaluating a cost-driven engineering change to assembly ASM-1129.
ECN-000578,2025-03-23,3,Mar 2025,PLM,Customer-Requested,Design Review,11.97,1,False,False,False,True,True,True,True,PN-98428,ASM-6963,Powertrain Engineering,alternator,Engineering Comment EC-00578: Customer feedback log: fleet operator requests an enhancement to the alternator (part PN-98428) for improved serviceability; Powertrain Engineering is drafting a customer-requested change to assembly ASM-6963. Engineering comment: value-engineering review of the exhaust aftertreatment system identifies part PN-98428 as a candidate for redesign to reduce unit cost; Powertrain Engineering to submit change request. Impact assessment on related assemblies is still in progress.
ECN-000525,2025-03-23,3,Mar 2025,MMS,Cost-Driven,Quality Approval,23.82,5,True,False,True,True,False,False,False,PN-46989,ASM-1510,Manufacturing Engineering,transmission control unit,Field Service Report FSR-00525: Supplier communication from Meridian Hydraulics Inc. proposes an alternate source for PN-46989 on the transmission control unit at a 12% cost reduction; Manufacturing Engineering is evaluating a cost-driven engineering change to assembly ASM-1510.
ECN-001060,2025-06-24,6,Jun 2025,Supplier Portal,Customer-Requested,Final Release,8.36,3,True,False,False,True,True,True,True,PN-27195,ASM-5423,Regulatory Affairs,engine control module,Maintenance Log #01060: Customer feedback log: fleet operator requests an enhancement to the engine control module (part PN-27195) for improved serviceability; Regulatory Affairs is drafting a customer-requested change to assembly ASM-5423. Supplier communication from Vantage Electronics proposes an alternate source for PN-27195 on the hydraulic pump at a 12% cost reduction; Electrical Systems is evaluating a cost-driven engineering change to assembly ASM-5423.
ECN-000541,2025-03-25,3,Mar 2025,ERP,Customer-Requested,Design Review,6.89,4,True,False,True,True,True,True,True,PN-95766,ASM-7408,Hydraulics Engineering,cooling fan clutch,Engineering Comment EC-00541: Field service report: customer has asked for a configuration change to the cooling fan clutch to support a new attachment; Hydraulics Engineering opens a customer-requested engineering change against part PN-95766.
ECN-000749,2025-04-26,4,Apr 2025,Supplier Portal,Performance-Related,Manufacturing,21.75,4,True,False,True,True,True,True,True,PN-49986,ASM-8474,Manufacturing Engineering,engine control module,"Engineering Comment EC-00749: Engineering comment: engine control module (part PN-49986, assembly ASM-8474) is underperforming relative to spec by ~8%; Manufacturing Engineering proposes a performance tuning change to improve efficiency. Additional supporting documentation has been attached to the ECN record."
ECN-001110,2025-06-28,6,Jun 2025,ECN Database,Customer-Requested,Final Release,7.9,3,True,False,False,True,True,True,True,PN-57823,ASM-2829,Manufacturing Engineering,alternator,Supplier Communication SC-01110: Customer feedback log: fleet operator requests an enhancement to the alternator (part PN-57823) for improved serviceability; Manufacturing Engineering is drafting a customer-requested change to assembly ASM-2829.
ECN-000485,2025-03-24,3,Mar 2025,Supplier Portal,Performance-Related,Manufacturing,23.5,2,False,False,False,True,True,True,True,PN-17149,ASM-9470,Field Service,track undercarriage,"Maintenance Log #00485: Engineering comment: track undercarriage (part PN-17149, assembly ASM-9470) is underperforming relative to spec by ~8%; Field Service proposes a performance tuning change to improve efficiency."
ECN-000096,2025-01-31,1,Jan 2025,PLM,Cost-Driven,Quality Approval,38.15,6,False,True,False,False,False,False,False,PN-73156,ASM-5835,Quality Assurance,cooling fan clutch,Supplier Communication SC-00096: Procurement flags rising cost of PN-73156 used in the cooling fan clutch; Quality Assurance requests a cost-driven change to qualify a second source for assembly ASM-5835.
ECN-001021,2025-06-06,6,Jun 2025,CAD,Customer-Requested,Final Release,4.06,1,True,True,True,True,True,True,True,PN-93590,ASM-4569,Manufacturing Engineering,hydraulic pump,Supplier Communication SC-01021: Field service report: customer has asked for a configuration change to the hydraulic pump to support a new attachment; Manufacturing Engineering opens a customer-requested engineering change against part PN-93590. Field service report notes reduced output from the exhaust aftertreatment system; Electrical Systems traces the root cause to part PN-93590 tolerance drift and requests a performance-related revision to assembly ASM-4569.
ECN-000564,2025-03-02,3,Mar 2025,ECN Database,Regulatory Compliance,Manufacturing,19.54,5,False,True,False,True,True,True,True,PN-70845,ASM-4409,Electrical Systems,transmission control unit,"Maintenance Log #00564: Non-conformance report: PN-70845 on the transmission control unit does not meet the revised safety standard; Electrical Systems has opened a regulatory compliance change request for assembly ASM-4409. Field service report flags a potential failure mode in the steering valve block (assembly ASM-4409, part PN-70845) that could compromise operator safety under high-load conditions; Structural Engineering has requested an urgent design review. Impact assessment on related assemblies is still in progress."
ECN-000743,2025-04-26,4,Apr 2025,PLM,Safety-Critical,Manufacturing,14.83,6,True,False,False,True,True,True,True,PN-65320,ASM-6633,Electrical Systems,transmission control unit,"Non-Conformance Report NCR-00743: Field service report flags a potential failure mode in the transmission control unit (assembly ASM-6633, part PN-65320) that could compromise operator safety under high-load conditions; Electrical Systems has requested an urgent design review."
ECN-000864,2025-05-03,5,May 2025,Supplier Portal,Regulatory Compliance,Manufacturing,9.6,7,True,False,False,True,True,True,True,PN-60338,ASM-2429,Supplier Quality,cooling fan clutch,"Maintenance Log #00864: Regulatory bulletin requires updated emissions documentation for the cooling fan clutch (part PN-60338); Supplier Quality is initiating a compliance-driven engineering change to assembly ASM-2429. Field service report flags a potential failure mode in the exhaust aftertreatment system (assembly ASM-2429, part PN-60338) that could compromise operator safety under high-load conditions; Supplier Quality has requested an urgent design review."
ECN-000892,2025-05-01,5,May 2025,ERP,Cost-Driven,Manufacturing,12.86,1,True,False,False,True,True,True,True,PN-28753,ASM-7184,Quality Assurance,hydraulic pump,Non-Conformance Report NCR-00892: Procurement flags rising cost of PN-28753 used in the hydraulic pump; Quality Assurance requests a cost-driven change to qualify a second source for assembly ASM-7184. Field service report: customer has asked for a configuration change to the hydraulic pump to support a new attachment; Hydraulics Engineering opens a customer-requested engineering change against part PN-28753. A follow-up review is scheduled for the next engineering change meeting.
ECN-001039,2025-06-17,6,Jun 2025,CAD,Customer-Requested,Manufacturing,12.27,3,True,False,False,True,True,True,True,PN-28769,ASM-1687,Manufacturing Engineering,track undercarriage,Supplier Communication SC-01039: Supplier communication forwards a customer complaint about PN-28769 wear rate on the track undercarriage; Manufacturing Engineering is preparing a customer-driven revision to assembly ASM-1687.
ECN-000207,2025-02-11,2,Feb 2025,ECN Database,Cost-Driven,Final Release,15.79,5,True,False,False,True,True,True,True,PN-74962,ASM-1768,Regulatory Affairs,final drive assembly,Engineering Comment EC-00207: Engineering comment: value-engineering review of the final drive assembly identifies part PN-74962 as a candidate for redesign to reduce unit cost; Regulatory Affairs to submit change request.
ECN-000393,2025-02-07,2,Feb 2025,MMS,Cost-Driven,Design Review,5.64,5,True,False,True,True,True,True,True,PN-63143,ASM-1305,Quality Assurance,cooling fan clutch,Maintenance Log #00393: Procurement flags rising cost of PN-63143 used in the cooling fan clutch; Quality Assurance requests a cost-driven change to qualify a second source for assembly ASM-1305.
ECN-000795,2025-04-07,4,Apr 2025,ERP,Customer-Requested,Final Release,20.58,3,True,False,False,False,True,False,False,PN-47122,ASM-7146,Field Service,cab HVAC unit,Supplier Communication SC-00795: Supplier communication forwards a customer complaint about PN-47122 wear rate on the cab HVAC unit; Field Service is preparing a customer-driven revision to assembly ASM-7146. Additional supporting documentation has been attached to the ECN record.
ECN-000871,2025-05-18,5,May 2025,PLM,Regulatory Compliance,Manufacturing,8.6,6,True,False,False,True,True,True,True,PN-45446,ASM-1844,Field Service,final drive assembly,Non-Conformance Report NCR-00871: Supplier communication from Continental Driveline Systems indicates a material certification gap on PN-45446; Field Service requests a compliance change to the final drive assembly.
ECN-000398,2025-02-04,2,Feb 2025,MMS,Safety-Critical,Design Review,17.3,4,True,False,False,False,True,False,False,PN-66224,ASM-4759,Powertrain Engineering,fuel injection system,Engineering Comment EC-00398: Non-conformance report: PN-66224 on the fuel injection system exhibited a crack during fatigue testing. Powertrain Engineering recommends immediate containment and a safety-critical engineering change to assembly ASM-4759. A follow-up review is scheduled for the next engineering change meeting.
ECN-000767,2025-04-13,4,Apr 2025,ERP,Cost-Driven,Quality Approval,11.4,3,True,False,False,True,True,True,True,PN-60579,ASM-5650,Supplier Quality,final drive assembly,Supplier Communication SC-00767: Supplier communication from Meridian Hydraulics Inc. proposes an alternate source for PN-60579 on the final drive assembly at a 12% cost reduction; Supplier Quality is evaluating a cost-driven engineering change to assembly ASM-5650. Field service report notes reduced output from the hydraulic pump; Manufacturing Engineering traces the root cause to part PN-60579 tolerance drift and requests a performance-related revision to assembly ASM-5650. Cross-functional stakeholders have been notified for input.
ECN-001100,2025-06-14,6,Jun 2025,PLM,Customer-Requested,Manufacturing,17.95,5,False,False,False,True,True,True,True,PN-61903,ASM-3708,Manufacturing Engineering,final drive assembly,"Non-Conformance Report NCR-01100: Field service report: customer has asked for a configuration change to the final drive assembly to support a new attachment; Manufacturing Engineering opens a customer-requested engineering change against part PN-61903. Engineering comment: final drive assembly (part PN-61903, assembly ASM-3708) is underperforming relative to spec by ~8%; Field Service proposes a performance tuning change to improve efficiency. Additional supporting documentation has been attached to the ECN record."
ECN-001029,2025-06-30,6,Jun 2025,ERP,Cost-Driven,Quality Approval,13.37,3,True,False,False,True,True,True,True,PN-71909,ASM-9592,Powertrain Engineering,transmission control unit,Field Service Report FSR-01029: Procurement flags rising cost of PN-71909 used in the transmission control unit; Powertrain Engineering requests a cost-driven change to qualify a second source for assembly ASM-9592. A follow-up review is scheduled for the next engineering change meeting.
ECN-000643,2025-04-12,4,Apr 2025,MMS,Customer-Requested,Manufacturing,10.36,2,True,False,False,True,False,False,True,PN-81531,ASM-7943,Hydraulics Engineering,fuel injection system,Non-Conformance Report NCR-00643: Field service report: customer has asked for a configuration change to the fuel injection system to support a new attachment; Hydraulics Engineering opens a customer-requested engineering change against part PN-81531.
ECN-000613,2025-04-25,4,Apr 2025,CAD,Performance-Related,Manufacturing,15.12,4,False,False,True,True,True,True,False,PN-24790,ASM-6149,Supplier Quality,transmission control unit,"Supplier Communication SC-00613: Engineering comment: transmission control unit (part PN-24790, assembly ASM-6149) is underperforming relative to spec by ~8%; Supplier Quality proposes a performance tuning change to improve efficiency."
ECN-000961,2025-05-03,5,May 2025,Supplier Portal,Cost-Driven,Manufacturing,17.85,3,True,False,False,True,True,True,True,PN-38780,ASM-2887,Supplier Quality,steering valve block,Non-Conformance Report NCR-00961: Supplier communication from Meridian Hydraulics Inc. proposes an alternate source for PN-38780 on the steering valve block at a 12% cost reduction; Supplier Quality is evaluating a cost-driven engineering change to assembly ASM-2887.
ECN-000726,2025-04-18,4,Apr 2025,ECN Database,Safety-Critical,Quality Approval,11.61,3,True,False,False,True,True,True,True,PN-89794,ASM-8807,Quality Assurance,hydraulic pump,"Supplier Communication SC-00726: Field service report flags a potential failure mode in the hydraulic pump (assembly ASM-8807, part PN-89794) that could compromise operator safety under high-load conditions; Quality Assurance has requested an urgent design review."
ECN-000684,2025-04-29,4,Apr 2025,ECN Database,Customer-Requested,Quality Approval,13.38,3,True,False,False,True,True,True,True,PN-79246,ASM-1311,Supplier Quality,cab HVAC unit,Field Service Report FSR-00684: Field service report: customer has asked for a configuration change to the cab HVAC unit to support a new attachment; Supplier Quality opens a customer-requested engineering change against part PN-79246.
ECN-000099,2025-01-13,1,Jan 2025,MMS,Safety-Critical,Final Release,10.66,2,False,False,False,False,True,True,True,PN-49608,ASM-7689,Hydraulics Engineering,boom cylinder,"Non-Conformance Report NCR-00099: Field service report flags a potential failure mode in the boom cylinder (assembly ASM-7689, part PN-49608) that could compromise operator safety under high-load conditions; Hydraulics Engineering has requested an urgent design review. Non-conformance report: PN-49608 on the cab HVAC unit does not meet the revised safety standard; Hydraulics Engineering has opened a regulatory compliance change request for assembly ASM-7689. A follow-up review is scheduled for the next engineering change meeting."
ECN-000805,2025-05-26,5,May 2025,PLM,Regulatory Compliance,Quality Approval,14.24,2,False,False,False,True,True,True,True,PN-46275,ASM-2052,Regulatory Affairs,engine control module,Engineering Comment EC-00805: Non-conformance report: PN-46275 on the engine control module does not meet the revised safety standard; Regulatory Affairs has opened a regulatory compliance change request for assembly ASM-2052. Non-conformance report: PN-46275 on the cab HVAC unit exhibited a crack during fatigue testing. Hydraulics Engineering recommends immediate containment and a safety-critical engineering change to assembly ASM-2052. This item is currently pending review by the change control board.
ECN-000407,2025-03-10,3,Mar 2025,ECN Database,Customer-Requested,Design Review,9.46,3,True,False,False,True,True,True,True,PN-36255,ASM-9482,Regulatory Affairs,track undercarriage,Engineering Comment EC-00407: Customer feedback log: fleet operator requests an enhancement to the track undercarriage (part PN-36255) for improved serviceability; Regulatory Affairs is drafting a customer-requested change to assembly ASM-9482. This item is currently pending review by the change control board.
ECN-000503,2025-03-19,3,Mar 2025,Supplier Portal,Safety-Critical,Quality Approval,14.66,5,True,False,False,True,True,False,True,PN-29569,ASM-5595,Manufacturing Engineering,fuel injection system,"Non-Conformance Report NCR-00503: Field service report flags a potential failure mode in the fuel injection system (assembly ASM-5595, part PN-29569) that could compromise operator safety under high-load conditions; Manufacturing Engineering has requested an urgent design review. A follow-up review is scheduled for the next engineering change meeting."
ECN-001072,2025-06-15,6,Jun 2025,CAD,Safety-Critical,Design Review,20.12,8,True,False,False,True,True,True,True,PN-51640,ASM-7820,Structural Engineering,alternator,"Engineering Comment EC-01072: Field service report flags a potential failure mode in the alternator (assembly ASM-7820, part PN-51640) that could compromise operator safety under high-load conditions; Structural Engineering has requested an urgent design review. Regulatory bulletin requires updated emissions documentation for the cooling fan clutch (part PN-51640); Supplier Quality is initiating a compliance-driven engineering change to assembly ASM-7820."
ECN-001057,2025-06-11,6,Jun 2025,MMS,Cost-Driven,Final Release,10.0,5,True,True,False,True,True,True,True,PN-18318,ASM-1806,Manufacturing Engineering,fuel injection system,"Field Service Report FSR-01057: Procurement flags rising cost of PN-18318 used in the fuel injection system; Manufacturing Engineering requests a cost-driven change to qualify a second source for assembly ASM-1806. Engineering comment: transmission control unit (part PN-18318, assembly ASM-1806) is underperforming relative to spec by ~8%; Regulatory Affairs proposes a performance tuning change to improve efficiency. Additional supporting documentation has been attached to the ECN record."
ECN-000930,2025-05-21,5,May 2025,Supplier Portal,Regulatory Compliance,Design Review,17.3,5,True,False,False,True,True,False,False,PN-82470,ASM-3605,Regulatory Affairs,exhaust aftertreatment system,Maintenance Log #00930: Non-conformance report: PN-82470 on the exhaust aftertreatment system does not meet the revised safety standard; Regulatory Affairs has opened a regulatory compliance change request for assembly ASM-3605. The change request has been logged in the PLM system for tracking.
ECN-000780,2025-04-26,4,Apr 2025,ECN Database,Cost-Driven,Manufacturing,20.58,6,False,False,False,True,True,True,True,PN-65270,ASM-1457,Hydraulics Engineering,boom cylinder,Maintenance Log #00780: Supplier communication from Meridian Hydraulics Inc. proposes an alternate source for PN-65270 on the boom cylinder at a 12% cost reduction; Hydraulics Engineering is evaluating a cost-driven engineering change to assembly ASM-1457. Test bench data shows the steering valve block missing target cycle times; Hydraulics Engineering is submitting a change request against part PN-65270 to restore rated performance.
ECN-000201,2025-02-13,2,Feb 2025,Supplier Portal,Cost-Driven,Final Release,9.98,1,True,False,False,True,True,True,True,PN-20518,ASM-9835,Regulatory Affairs,cab HVAC unit,Engineering Comment EC-00201: Supplier communication from Northgate Castings proposes an alternate source for PN-20518 on the cab HVAC unit at a 12% cost reduction; Regulatory Affairs is evaluating a cost-driven engineering change to assembly ASM-9835. Additional supporting documentation has been attached to the ECN record.
ECN-000135,2025-01-26,1,Jan 2025,ERP,Cost-Driven,Manufacturing,37.14,0,True,False,True,False,False,True,True,PN-79013,ASM-1618,Electrical Systems,engine control module,Engineering Comment EC-00135: Procurement flags rising cost of PN-79013 used in the engine control module; Electrical Systems requests a cost-driven change to qualify a second source for assembly ASM-1618. Test bench data shows the track undercarriage missing target cycle times; Quality Assurance is submitting a change request against part PN-79013 to restore rated performance. Impact assessment on related assemblies is still in progress.
ECN-001052,2025-06-14,6,Jun 2025,ECN Database,Regulatory Compliance,Quality Approval,5.43,5,True,False,False,True,True,True,True,PN-62178,ASM-3098,Hydraulics Engineering,fuel injection system,Engineering Comment EC-01052: Non-conformance report: PN-62178 on the fuel injection system does not meet the revised safety standard; Hydraulics Engineering has opened a regulatory compliance change request for assembly ASM-3098.
ECN-000041,2025-01-20,1,Jan 2025,Supplier Portal,Regulatory Compliance,Final Release,14.43,4,True,True,False,True,True,True,True,PN-26683,ASM-4143,Field Service,alternator,Non-Conformance Report NCR-00041: Non-conformance report: PN-26683 on the alternator does not meet the revised safety standard; Field Service has opened a regulatory compliance change request for assembly ASM-4143. Impact assessment on related assemblies is still in progress.
ECN-001018,2025-06-26,6,Jun 2025,ECN Database,Performance-Related,Design Review,11.35,1,True,False,False,True,True,True,True,PN-84488,ASM-9501,Regulatory Affairs,cab HVAC unit,Field Service Report FSR-01018: Field service report notes reduced output from the cab HVAC unit; Regulatory Affairs traces the root cause to part PN-84488 tolerance drift and requests a performance-related revision to assembly ASM-9501. Field service report: customer has asked for a configuration change to the alternator to support a new attachment; Supplier Quality opens a customer-requested engineering change against part PN-84488.
ECN-000231,2025-02-11,2,Feb 2025,MMS,Customer-Requested,Design Review,8.22,0,False,True,False,True,True,True,True,PN-90828,ASM-4203,Structural Engineering,boom cylinder,Supplier Communication SC-00231: Field service report: customer has asked for a configuration change to the boom cylinder to support a new attachment; Structural Engineering opens a customer-requested engineering change against part PN-90828. Supplier communication from Vantage Electronics proposes an alternate source for PN-90828 on the track undercarriage at a 12% cost reduction; Manufacturing Engineering is evaluating a cost-driven engineering change to assembly ASM-4203. Cross-functional stakeholders have been notified for input.
ECN-000379,2025-02-23,2,Feb 2025,Supplier Portal,Cost-Driven,Manufacturing,16.75,3,False,False,False,True,True,True,True,PN-23113,ASM-5671,Quality Assurance,fuel injection system,Field Service Report FSR-00379: Procurement flags rising cost of PN-23113 used in the fuel injection system; Quality Assurance requests a cost-driven change to qualify a second source for assembly ASM-5671. Field service report notes reduced output from the cab HVAC unit; Structural Engineering traces the root cause to part PN-23113 tolerance drift and requests a performance-related revision to assembly ASM-5671.
ECN-000289,2025-02-14,2,Feb 2025,ERP,Cost-Driven,Design Review,23.36,4,True,True,False,True,True,True,True,PN-75390,ASM-7750,Supplier Quality,exhaust aftertreatment system,Non-Conformance Report NCR-00289: Procurement flags rising cost of PN-75390 used in the exhaust aftertreatment system; Supplier Quality requests a cost-driven change to qualify a second source for assembly ASM-7750. The change request has been logged in the PLM system for tracking.
ECN-000419,2025-03-18,3,Mar 2025,MMS,Cost-Driven,Manufacturing,10.8,1,True,False,False,True,True,True,True,PN-58799,ASM-6981,Supplier Quality,track undercarriage,Non-Conformance Report NCR-00419: Engineering comment: value-engineering review of the track undercarriage identifies part PN-58799 as a candidate for redesign to reduce unit cost; Supplier Quality to submit change request. Test bench data shows the final drive assembly missing target cycle times; Supplier Quality is submitting a change request against part PN-58799 to restore rated performance.
ECN-000392,2025-02-02,2,Feb 2025,ERP,Regulatory Compliance,Design Review,26.77,3,False,False,False,True,True,True,True,PN-26762,ASM-3639,Supplier Quality,hydraulic pump,Non-Conformance Report NCR-00392: Regulatory bulletin requires updated emissions documentation for the hydraulic pump (part PN-26762); Supplier Quality is initiating a compliance-driven engineering change to assembly ASM-3639. A follow-up review is scheduled for the next engineering change meeting.
ECN-000593,2025-03-07,3,Mar 2025,MMS,Regulatory Compliance,Manufacturing,11.57,7,True,False,False,True,True,True,True,PN-80570,ASM-8298,Powertrain Engineering,boom cylinder,Supplier Communication SC-00593: Supplier communication from Meridian Hydraulics Inc. indicates a material certification gap on PN-80570; Powertrain Engineering requests a compliance change to the boom cylinder. A follow-up review is scheduled for the next engineering change meeting.
ECN-001087,2025-06-04,6,Jun 2025,PLM,Cost-Driven,Manufacturing,5.68,2,False,False,False,True,True,True,True,PN-54754,ASM-8639,Manufacturing Engineering,transmission control unit,Maintenance Log #01087: Procurement flags rising cost of PN-54754 used in the transmission control unit; Manufacturing Engineering requests a cost-driven change to qualify a second source for assembly ASM-8639. The change request has been logged in the PLM system for tracking.
ECN-000648,2025-04-24,4,Apr 2025,CAD,Performance-Related,Quality Approval,6.01,9,False,False,False,True,True,True,True,PN-76366,ASM-2087,Quality Assurance,engine control module,Engineering Comment EC-00648: Field service report notes reduced output from the engine control module; Quality Assurance traces the root cause to part PN-76366 tolerance drift and requests a performance-related revision to assembly ASM-2087.
ECN-000521,2025-03-29,3,Mar 2025,Supplier Portal,Customer-Requested,Quality Approval,14.83,3,True,False,False,True,True,True,True,PN-59664,ASM-6364,Hydraulics Engineering,engine control module,Non-Conformance Report NCR-00521: Field service report: customer has asked for a configuration change to the engine control module to support a new attachment; Hydraulics Engineering opens a customer-requested engineering change against part PN-59664. Additional supporting documentation has been attached to the ECN record.
ECN-000065,2025-01-05,1,Jan 2025,CAD,Cost-Driven,Design Review,21.74,1,True,False,False,False,True,False,False,PN-35443,ASM-5853,Field Service,transmission control unit,Engineering Comment EC-00065: Supplier communication from Meridian Hydraulics Inc. proposes an alternate source for PN-35443 on the transmission control unit at a 12% cost reduction; Field Service is evaluating a cost-driven engineering change to assembly ASM-5853. Impact assessment on related assemblies is still in progress.
ECN-000015,2025-01-30,1,Jan 2025,Supplier Portal,Regulatory Compliance,Design Review,19.42,6,True,False,False,True,True,True,True,PN-82063,ASM-3705,Quality Assurance,final drive assembly,Non-Conformance Report NCR-00015: Non-conformance report: PN-82063 on the final drive assembly does not meet the revised safety standard; Quality Assurance has opened a regulatory compliance change request for assembly ASM-3705.
ECN-001065,2025-06-05,6,Jun 2025,MMS,Cost-Driven,Final Release,8.38,3,True,False,False,True,True,True,True,PN-83516,ASM-3773,Hydraulics Engineering,steering valve block,Maintenance Log #01065: Supplier communication from Meridian Hydraulics Inc. proposes an alternate source for PN-83516 on the steering valve block at a 12% cost reduction; Hydraulics Engineering is evaluating a cost-driven engineering change to assembly ASM-3773. Additional supporting documentation has been attached to the ECN record.
ECN-000493,2025-03-11,3,Mar 2025,PLM,Regulatory Compliance,Design Review,25.56,6,True,False,False,True,True,False,False,PN-16411,ASM-4028,Electrical Systems,cooling fan clutch,"Field Service Report FSR-00493: Regulatory bulletin requires updated emissions documentation for the cooling fan clutch (part PN-16411); Electrical Systems is initiating a compliance-driven engineering change to assembly ASM-4028. Field service report flags a potential failure mode in the final drive assembly (assembly ASM-4028, part PN-16411) that could compromise operator safety under high-load conditions; Powertrain Engineering has requested an urgent design review."
ECN-000380,2025-02-22,2,Feb 2025,ECN Database,Performance-Related,Design Review,12.3,3,True,False,False,False,False,False,False,PN-66139,ASM-3762,Manufacturing Engineering,final drive assembly,"Non-Conformance Report NCR-00380: Engineering comment: final drive assembly (part PN-66139, assembly ASM-3762) is underperforming relative to spec by ~8%; Manufacturing Engineering proposes a performance tuning change to improve efficiency. Procurement flags rising cost of PN-66139 used in the alternator; Regulatory Affairs requests a cost-driven change to qualify a second source for assembly ASM-3762."
ECN-000188,2025-01-06,1,Jan 2025,ECN Database,Safety-Critical,Design Review,9.23,7,False,False,False,True,True,True,True,PN-32946,ASM-7846,Electrical Systems,boom cylinder,"Supplier Communication SC-00188: Field service report flags a potential failure mode in the boom cylinder (assembly ASM-7846, part PN-32946) that could compromise operator safety under high-load conditions; Electrical Systems has requested an urgent design review. The change request has been logged in the PLM system for tracking."
ECN-000764,2025-04-21,4,Apr 2025,Supplier Portal,Customer-Requested,Final Release,7.04,5,True,False,False,True,True,True,True,PN-14221,ASM-3279,Powertrain Engineering,exhaust aftertreatment system,Engineering Comment EC-00764: Customer feedback log: fleet operator requests an enhancement to the exhaust aftertreatment system (part PN-14221) for improved serviceability; Powertrain Engineering is drafting a customer-requested change to assembly ASM-3279.
ECN-000217,2025-02-21,2,Feb 2025,ECN Database,Safety-Critical,Manufacturing,29.4,2,False,True,False,True,False,False,True,PN-18908,ASM-3474,Quality Assurance,track undercarriage,"Engineering Comment EC-00217: Field service report flags a potential failure mode in the track undercarriage (assembly ASM-3474, part PN-18908) that could compromise operator safety under high-load conditions; Quality Assurance has requested an urgent design review. This item is currently pending review by the change control board."
ECN-000792,2025-04-03,4,Apr 2025,CAD,Regulatory Compliance,Manufacturing,11.68,5,True,False,True,True,True,True,True,PN-47401,ASM-8344,Supplier Quality,final drive assembly,Supplier Communication SC-00792: Supplier communication from Apex Sensor Technologies indicates a material certification gap on PN-47401; Supplier Quality requests a compliance change to the final drive assembly.
ECN-001077,2025-06-12,6,Jun 2025,CAD,Cost-Driven,Design Review,4.77,3,False,True,False,True,True,True,True,PN-65758,ASM-8728,Electrical Systems,final drive assembly,"Supplier Communication SC-01077: Engineering comment: value-engineering review of the final drive assembly identifies part PN-65758 as a candidate for redesign to reduce unit cost; Electrical Systems to submit change request. Engineering comment: transmission control unit (part PN-65758, assembly ASM-8728) is underperforming relative to spec by ~8%; Regulatory Affairs proposes a performance tuning change to improve efficiency."
ECN-000879,2025-05-18,5,May 2025,ECN Database,Customer-Requested,Quality Approval,15.8,9,True,False,False,True,False,True,True,PN-11776,ASM-1716,Powertrain Engineering,track undercarriage,Maintenance Log #00879: Customer feedback log: fleet operator requests an enhancement to the track undercarriage (part PN-11776) for improved serviceability; Powertrain Engineering is drafting a customer-requested change to assembly ASM-1716. Field service report notes reduced output from the final drive assembly; Powertrain Engineering traces the root cause to part PN-11776 tolerance drift and requests a performance-related revision to assembly ASM-1716.
ECN-000338,2025-02-06,2,Feb 2025,PLM,Cost-Driven,Final Release,12.05,3,True,False,True,True,True,True,True,PN-24943,ASM-2741,Hydraulics Engineering,transmission control unit,Field Service Report FSR-00338: Engineering comment: value-engineering review of the transmission control unit identifies part PN-24943 as a candidate for redesign to reduce unit cost; Hydraulics Engineering to submit change request. Field service report notes reduced output from the transmission control unit; Supplier Quality traces the root cause to part PN-24943 tolerance drift and requests a performance-related revision to assembly ASM-2741.
ECN-000720,2025-04-25,4,Apr 2025,Supplier Portal,Customer-Requested,Final Release,18.66,1,True,False,False,True,True,True,True,PN-63356,ASM-2072,Structural Engineering,fuel injection system,"Non-Conformance Report NCR-00720: Field service report: customer has asked for a configuration change to the fuel injection system to support a new attachment; Structural Engineering opens a customer-requested engineering change against part PN-63356. Engineering comment: cooling fan clutch (part PN-63356, assembly ASM-2072) is underperforming relative to spec by ~8%; Electrical Systems proposes a performance tuning change to improve efficiency."
ECN-000296,2025-02-21,2,Feb 2025,CAD,Performance-Related,Quality Approval,27.48,3,False,False,False,True,True,True,True,PN-27884,ASM-3580,Field Service,fuel injection system,Supplier Communication SC-00296: Test bench data shows the fuel injection system missing target cycle times; Field Service is submitting a change request against part PN-27884 to restore rated performance.
ECN-001017,2025-06-28,6,Jun 2025,Supplier Portal,Cost-Driven,Design Review,6.0,4,True,False,True,True,True,True,True,PN-87458,ASM-4547,Manufacturing Engineering,hydraulic pump,Field Service Report FSR-01017: Supplier communication from Apex Sensor Technologies proposes an alternate source for PN-87458 on the hydraulic pump at a 12% cost reduction; Manufacturing Engineering is evaluating a cost-driven engineering change to assembly ASM-4547. Field service report: customer has asked for a configuration change to the alternator to support a new attachment; Powertrain Engineering opens a customer-requested engineering change against part PN-87458.
ECN-000456,2025-03-08,3,Mar 2025,Supplier Portal,Performance-Related,Manufacturing,20.8,6,True,True,False,True,True,True,True,PN-58722,ASM-7755,Electrical Systems,fuel injection system,Engineering Comment EC-00456: Test bench data shows the fuel injection system missing target cycle times; Electrical Systems is submitting a change request against part PN-58722 to restore rated performance.
ECN-000816,2025-05-25,5,May 2025,CAD,Cost-Driven,Final Release,9.62,2,True,False,False,True,True,True,True,PN-87340,ASM-9775,Field Service,hydraulic pump,Field Service Report FSR-00816: Supplier communication from Meridian Hydraulics Inc. proposes an alternate source for PN-87340 on the hydraulic pump at a 12% cost reduction; Field Service is evaluating a cost-driven engineering change to assembly ASM-9775.
ECN-000270,2025-02-04,2,Feb 2025,PLM,Performance-Related,Quality Approval,40.39,4,False,False,False,True,True,True,True,PN-69424,ASM-1901,Regulatory Affairs,engine control module,Non-Conformance Report NCR-00270: Field service report notes reduced output from the engine control module; Regulatory Affairs traces the root cause to part PN-69424 tolerance drift and requests a performance-related revision to assembly ASM-1901.
ECN-000996,2025-05-30,5,May 2025,ERP,Performance-Related,Quality Approval,9.21,5,True,False,False,True,True,True,True,PN-18437,ASM-2014,Regulatory Affairs,alternator,Maintenance Log #00996: Test bench data shows the alternator missing target cycle times; Regulatory Affairs is submitting a change request against part PN-18437 to restore rated performance. Procurement flags rising cost of PN-18437 used in the engine control module; Structural Engineering requests a cost-driven change to qualify a second source for assembly ASM-2014.
ECN-000202,2025-02-13,2,Feb 2025,ERP,Performance-Related,Final Release,22.21,3,True,True,False,True,True,True,True,PN-12979,ASM-5888,Supplier Quality,final drive assembly,Engineering Comment EC-00202: Field service report notes reduced output from the final drive assembly; Supplier Quality traces the root cause to part PN-12979 tolerance drift and requests a performance-related revision to assembly ASM-5888.
ECN-000162,2025-01-29,1,Jan 2025,Supplier Portal,Customer-Requested,Design Review,16.83,4,True,False,False,True,False,False,False,PN-51553,ASM-2215,Hydraulics Engineering,track undercarriage,Non-Conformance Report NCR-00162: Field service report: customer has asked for a configuration change to the track undercarriage to support a new attachment; Hydraulics Engineering opens a customer-requested engineering change against part PN-51553.
ECN-000730,2025-04-07,4,Apr 2025,PLM,Safety-Critical,Quality Approval,17.38,7,True,False,False,True,True,True,True,PN-57579,ASM-1602,Supplier Quality,boom cylinder,Engineering Comment EC-00730: Non-conformance report: PN-57579 on the boom cylinder exhibited a crack during fatigue testing. Supplier Quality recommends immediate containment and a safety-critical engineering change to assembly ASM-1602.
ECN-000402,2025-03-24,3,Mar 2025,ERP,Safety-Critical,Quality Approval,9.09,7,True,False,False,False,True,False,False,PN-73407,ASM-5157,Electrical Systems,fuel injection system,Supplier Communication SC-00402: Non-conformance report: PN-73407 on the fuel injection system exhibited a crack during fatigue testing. Electrical Systems recommends immediate containment and a safety-critical engineering change to assembly ASM-5157.
ECN-000703,2025-04-07,4,Apr 2025,CAD,Cost-Driven,Design Review,13.36,3,True,False,False,True,True,True,True,PN-40649,ASM-6739,Electrical Systems,steering valve block,Engineering Comment EC-00703: Engineering comment: value-engineering review of the steering valve block identifies part PN-40649 as a candidate for redesign to reduce unit cost; Electrical Systems to submit change request. Test bench data shows the track undercarriage missing target cycle times; Electrical Systems is submitting a change request against part PN-40649 to restore rated performance. A follow-up review is scheduled for the next engineering change meeting.
ECN-001130,2025-06-01,6,Jun 2025,CAD,Regulatory Compliance,Quality Approval,9.42,4,True,False,True,False,False,False,True,PN-63778,ASM-4094,Regulatory Affairs,steering valve block,"Supplier Communication SC-01130: Supplier communication from Northgate Castings indicates a material certification gap on PN-63778; Regulatory Affairs requests a compliance change to the steering valve block. Field service report flags a potential failure mode in the exhaust aftertreatment system (assembly ASM-4094, part PN-63778) that could compromise operator safety under high-load conditions; Electrical Systems has requested an urgent design review."
ECN-000566,2025-03-19,3,Mar 2025,Supplier Portal,Performance-Related,Final Release,4.06,6,True,False,False,False,False,True,False,PN-33053,ASM-3589,Powertrain Engineering,alternator,"Supplier Communication SC-00566: Engineering comment: alternator (part PN-33053, assembly ASM-3589) is underperforming relative to spec by ~8%; Powertrain Engineering proposes a performance tuning change to improve efficiency. Additional supporting documentation has been attached to the ECN record."
ECN-001022,2025-06-19,6,Jun 2025,CAD,Performance-Related,Manufacturing,10.6,4,True,True,False,True,False,False,False,PN-26675,ASM-4726,Field Service,cooling fan clutch,Supplier Communication SC-01022: Test bench data shows the cooling fan clutch missing target cycle times; Field Service is submitting a change request against part PN-26675 to restore rated performance. Supplier communication from Continental Driveline Systems proposes an alternate source for PN-26675 on the engine control module at a 12% cost reduction; Powertrain Engineering is evaluating a cost-driven engineering change to assembly ASM-4726.
ECN-001026,2025-06-04,6,Jun 2025,Supplier Portal,Regulatory Compliance,Quality Approval,7.79,3,False,False,False,True,True,True,True,PN-58274,ASM-1730,Powertrain Engineering,exhaust aftertreatment system,Maintenance Log #01026: Non-conformance report: PN-58274 on the exhaust aftertreatment system does not meet the revised safety standard; Powertrain Engineering has opened a regulatory compliance change request for assembly ASM-1730.
ECN-001105,2025-06-21,6,Jun 2025,ERP,Regulatory Compliance,Manufacturing,4.13,2,True,False,False,True,True,True,True,PN-75529,ASM-4079,Supplier Quality,engine control module,Supplier Communication SC-01105: Regulatory bulletin requires updated emissions documentation for the engine control module (part PN-75529); Supplier Quality is initiating a compliance-driven engineering change to assembly ASM-4079. Cross-functional stakeholders have been notified for input.
ECN-000206,2025-02-19,2,Feb 2025,ECN Database,Cost-Driven,Design Review,26.57,3,True,False,False,True,True,True,True,PN-88370,ASM-6253,Manufacturing Engineering,boom cylinder,Engineering Comment EC-00206: Supplier communication from Vantage Electronics proposes an alternate source for PN-88370 on the boom cylinder at a 12% cost reduction; Manufacturing Engineering is evaluating a cost-driven engineering change to assembly ASM-6253. Test bench data shows the transmission control unit missing target cycle times; Supplier Quality is submitting a change request against part PN-88370 to restore rated performance. This item is currently pending review by the change control board.
ECN-000035,2025-01-10,1,Jan 2025,ERP,Regulatory Compliance,Quality Approval,6.21,6,True,True,False,True,True,False,False,PN-15075,ASM-8711,Hydraulics Engineering,alternator,Field Service Report FSR-00035: Regulatory bulletin requires updated emissions documentation for the alternator (part PN-15075); Hydraulics Engineering is initiating a compliance-driven engineering change to assembly ASM-8711.
ECN-000776,2025-04-24,4,Apr 2025,MMS,Performance-Related,Final Release,9.55,7,True,False,False,True,True,True,True,PN-31150,ASM-3794,Structural Engineering,final drive assembly,"Engineering Comment EC-00776: Engineering comment: final drive assembly (part PN-31150, assembly ASM-3794) is underperforming relative to spec by ~8%; Structural Engineering proposes a performance tuning change to improve efficiency. This item is currently pending review by the change control board."
ECN-000509,2025-03-01,3,Mar 2025,Supplier Portal,Customer-Requested,Quality Approval,27.37,6,False,False,False,True,True,True,True,PN-36287,ASM-4154,Supplier Quality,cooling fan clutch,Maintenance Log #00509: Field service report: customer has asked for a configuration change to the cooling fan clutch to support a new attachment; Supplier Quality opens a customer-requested engineering change against part PN-36287. Engineering comment: value-engineering review of the steering valve block identifies part PN-36287 as a candidate for redesign to reduce unit cost; Hydraulics Engineering to submit change request. Cross-functional stakeholders have been notified for input.
ECN-001184,2025-06-06,6,Jun 2025,ECN Database,Customer-Requested,Design Review,11.63,7,True,False,False,True,True,True,True,PN-28690,ASM-4695,Electrical Systems,boom cylinder,Field Service Report FSR-01184: Supplier communication forwards a customer complaint about PN-28690 wear rate on the boom cylinder; Electrical Systems is preparing a customer-driven revision to assembly ASM-4695. Test bench data shows the track undercarriage missing target cycle times; Field Service is submitting a change request against part PN-28690 to restore rated performance. Additional supporting documentation has been attached to the ECN record.
ECN-000092,2025-01-01,1,Jan 2025,ECN Database,Cost-Driven,Final Release,6.33,3,True,True,False,True,True,True,True,PN-23979,ASM-4886,Regulatory Affairs,boom cylinder,Field Service Report FSR-00092: Engineering comment: value-engineering review of the boom cylinder identifies part PN-23979 as a candidate for redesign to reduce unit cost; Regulatory Affairs to submit change request.
ECN-000898,2025-05-20,5,May 2025,CAD,Safety-Critical,Final Release,12.33,5,True,False,True,True,True,True,True,PN-95550,ASM-7637,Structural Engineering,cab HVAC unit,Field Service Report FSR-00898: Non-conformance report: PN-95550 on the cab HVAC unit exhibited a crack during fatigue testing. Structural Engineering recommends immediate containment and a safety-critical engineering change to assembly ASM-7637. Supplier communication from Apex Sensor Technologies indicates a material certification gap on PN-95550; Supplier Quality requests a compliance change to the track undercarriage. This item is currently pending review by the change control board.
ECN-000565,2025-03-02,3,Mar 2025,PLM,Performance-Related,Design Review,5.34,4,False,False,False,True,True,True,True,PN-66973,ASM-5118,Field Service,fuel injection system,Supplier Communication SC-00565: Field service report notes reduced output from the fuel injection system; Field Service traces the root cause to part PN-66973 tolerance drift and requests a performance-related revision to assembly ASM-5118.
ECN-000777,2025-04-29,4,Apr 2025,ECN Database,Customer-Requested,Manufacturing,8.34,3,False,False,False,True,True,True,True,PN-98785,ASM-5476,Hydraulics Engineering,final drive assembly,Maintenance Log #00777: Customer feedback log: fleet operator requests an enhancement to the final drive assembly (part PN-98785) for improved serviceability; Hydraulics Engineering is drafting a customer-requested change to assembly ASM-5476. Impact assessment on related assemblies is still in progress.
ECN-000242,2025-02-01,2,Feb 2025,ECN Database,Cost-Driven,Manufacturing,20.22,7,False,False,False,True,True,True,True,PN-40389,ASM-7636,Regulatory Affairs,transmission control unit,Supplier Communication SC-00242: Procurement flags rising cost of PN-40389 used in the transmission control unit; Regulatory Affairs requests a cost-driven change to qualify a second source for assembly ASM-7636. Field service report: customer has asked for a configuration change to the hydraulic pump to support a new attachment; Supplier Quality opens a customer-requested engineering change against part PN-40389.
ECN-000014,2025-01-25,1,Jan 2025,Supplier Portal,Customer-Requested,Design Review,5.57,3,False,False,False,False,True,False,True,PN-17592,ASM-4946,Field Service,fuel injection system,Maintenance Log #00014: Supplier communication forwards a customer complaint about PN-17592 wear rate on the fuel injection system; Field Service is preparing a customer-driven revision to assembly ASM-4946. The change request has been logged in the PLM system for tracking.
ECN-000316,2025-02-24,2,Feb 2025,MMS,Performance-Related,Final Release,20.65,2,True,False,False,True,True,False,False,PN-94614,ASM-2462,Regulatory Affairs,cooling fan clutch,"Supplier Communication SC-00316: Engineering comment: cooling fan clutch (part PN-94614, assembly ASM-2462) is underperforming relative to spec by ~8%; Regulatory Affairs proposes a performance tuning change to improve efficiency."
ECN-000601,2025-04-02,4,Apr 2025,CAD,Performance-Related,Final Release,18.25,3,False,False,False,True,True,True,True,PN-31344,ASM-1958,Powertrain Engineering,alternator,"Field Service Report FSR-00601: Engineering comment: alternator (part PN-31344, assembly ASM-1958) is underperforming relative to spec by ~8%; Powertrain Engineering proposes a performance tuning change to improve efficiency. Engineering comment: value-engineering review of the final drive assembly identifies part PN-31344 as a candidate for redesign to reduce unit cost; Powertrain Engineering to submit change request. Impact assessment on related assemblies is still in progress."
ECN-000388,2025-02-17,2,Feb 2025,CAD,Regulatory Compliance,Quality Approval,13.32,7,False,False,False,False,True,False,False,PN-32786,ASM-7171,Electrical Systems,cooling fan clutch,Maintenance Log #00388: Supplier communication from Vantage Electronics indicates a material certification gap on PN-32786; Electrical Systems requests a compliance change to the cooling fan clutch.
ECN-000167,2025-01-06,1,Jan 2025,MMS,Customer-Requested,Design Review,9.75,4,True,False,False,True,True,True,True,PN-73300,ASM-5012,Field Service,transmission control unit,Maintenance Log #00167: Supplier communication forwards a customer complaint about PN-73300 wear rate on the transmission control unit; Field Service is preparing a customer-driven revision to assembly ASM-5012. Impact assessment on related assemblies is still in progress.
ECN-000841,2025-05-18,5,May 2025,CAD,Performance-Related,Design Review,12.36,2,True,False,False,False,False,True,False,PN-50180,ASM-9021,Quality Assurance,engine control module,"Field Service Report FSR-00841: Engineering comment: engine control module (part PN-50180, assembly ASM-9021) is underperforming relative to spec by ~8%; Quality Assurance proposes a performance tuning change to improve efficiency."
ECN-000021,2025-01-30,1,Jan 2025,ERP,Cost-Driven,Final Release,11.55,2,False,True,False,True,True,True,True,PN-22833,ASM-1828,Structural Engineering,engine control module,Maintenance Log #00021: Procurement flags rising cost of PN-22833 used in the engine control module; Structural Engineering requests a cost-driven change to qualify a second source for assembly ASM-1828.
ECN-000647,2025-04-23,4,Apr 2025,MMS,Cost-Driven,Final Release,5.43,3,True,False,False,True,False,False,False,PN-20498,ASM-9055,Powertrain Engineering,track undercarriage,Field Service Report FSR-00647: Engineering comment: value-engineering review of the track undercarriage identifies part PN-20498 as a candidate for redesign to reduce unit cost; Powertrain Engineering to submit change request.
ECN-001155,2025-06-22,6,Jun 2025,ERP,Safety-Critical,Design Review,11.95,6,False,False,False,True,True,True,True,PN-30498,ASM-4144,Quality Assurance,steering valve block,Engineering Comment EC-01155: Non-conformance report: PN-30498 on the steering valve block exhibited a crack during fatigue testing. Quality Assurance recommends immediate containment and a safety-critical engineering change to assembly ASM-4144.
ECN-000832,2025-05-14,5,May 2025,ECN Database,Cost-Driven,Final Release,5.14,3,True,False,False,True,True,True,True,PN-26884,ASM-4378,Hydraulics Engineering,fuel injection system,Non-Conformance Report NCR-00832: Procurement flags rising cost of PN-26884 used in the fuel injection system; Hydraulics Engineering requests a cost-driven change to qualify a second source for assembly ASM-4378. Customer feedback log: fleet operator requests an enhancement to the engine control module (part PN-26884) for improved serviceability; Hydraulics Engineering is drafting a customer-requested change to assembly ASM-4378. A follow-up review is scheduled for the next engineering change meeting.
ECN-000563,2025-03-20,3,Mar 2025,CAD,Regulatory Compliance,Manufacturing,10.67,6,False,True,False,True,True,True,True,PN-55593,ASM-7861,Hydraulics Engineering,cab HVAC unit,Maintenance Log #00563: Regulatory bulletin requires updated emissions documentation for the cab HVAC unit (part PN-55593); Hydraulics Engineering is initiating a compliance-driven engineering change to assembly ASM-7861. A follow-up review is scheduled for the next engineering change meeting.
ECN-001171,2025-06-07,6,Jun 2025,CAD,Customer-Requested,Design Review,14.35,7,True,False,False,True,True,True,True,PN-80788,ASM-6710,Powertrain Engineering,exhaust aftertreatment system,Non-Conformance Report NCR-01171: Customer feedback log: fleet operator requests an enhancement to the exhaust aftertreatment system (part PN-80788) for improved serviceability; Powertrain Engineering is drafting a customer-requested change to assembly ASM-6710. Additional supporting documentation has been attached to the ECN record.
ECN-000687,2025-04-07,4,Apr 2025,CAD,Customer-Requested,Final Release,11.81,3,False,False,False,True,True,True,True,PN-98225,ASM-6902,Regulatory Affairs,alternator,Engineering Comment EC-00687: Field service report: customer has asked for a configuration change to the alternator to support a new attachment; Regulatory Affairs opens a customer-requested engineering change against part PN-98225.
ECN-000958,2025-05-17,5,May 2025,CAD,Cost-Driven,Final Release,3.58,4,True,False,False,False,True,True,False,PN-25509,ASM-2377,Manufacturing Engineering,cab HVAC unit,Supplier Communication SC-00958: Engineering comment: value-engineering review of the cab HVAC unit identifies part PN-25509 as a candidate for redesign to reduce unit cost; Manufacturing Engineering to submit change request. A follow-up review is scheduled for the next engineering change meeting.
ECN-000190,2025-01-20,1,Jan 2025,ECN Database,Performance-Related,Final Release,12.07,4,True,False,False,True,True,True,True,PN-11846,ASM-6523,Field Service,cab HVAC unit,Non-Conformance Report NCR-00190: Field service report notes reduced output from the cab HVAC unit; Field Service traces the root cause to part PN-11846 tolerance drift and requests a performance-related revision to assembly ASM-6523.
ECN-000976,2025-05-10,5,May 2025,ERP,Performance-Related,Manufacturing,23.95,5,False,False,False,True,True,True,True,PN-14212,ASM-8752,Field Service,engine control module,Engineering Comment EC-00976: Field service report notes reduced output from the engine control module; Field Service traces the root cause to part PN-14212 tolerance drift and requests a performance-related revision to assembly ASM-8752. Field service report: customer has asked for a configuration change to the track undercarriage to support a new attachment; Hydraulics Engineering opens a customer-requested engineering change against part PN-14212.
ECN-000700,2025-04-09,4,Apr 2025,ERP,Performance-Related,Quality Approval,10.23,5,True,False,False,True,True,True,True,PN-80882,ASM-5651,Quality Assurance,alternator,"Engineering Comment EC-00700: Engineering comment: alternator (part PN-80882, assembly ASM-5651) is underperforming relative to spec by ~8%; Quality Assurance proposes a performance tuning change to improve efficiency. Supplier communication forwards a customer complaint about PN-80882 wear rate on the fuel injection system; Quality Assurance is preparing a customer-driven revision to assembly ASM-5651. A follow-up review is scheduled for the next engineering change meeting."
ECN-000511,2025-03-04,3,Mar 2025,MMS,Performance-Related,Manufacturing,24.37,8,True,False,False,True,True,True,True,PN-90381,ASM-6549,Hydraulics Engineering,final drive assembly,Maintenance Log #00511: Test bench data shows the final drive assembly missing target cycle times; Hydraulics Engineering is submitting a change request against part PN-90381 to restore rated performance. The change request has been logged in the PLM system for tracking.
ECN-001083,2025-06-03,6,Jun 2025,MMS,Cost-Driven,Manufacturing,13.03,3,True,False,False,True,True,True,True,PN-72055,ASM-9938,Structural Engineering,cab HVAC unit,Non-Conformance Report NCR-01083: Supplier communication from Continental Driveline Systems proposes an alternate source for PN-72055 on the cab HVAC unit at a 12% cost reduction; Structural Engineering is evaluating a cost-driven engineering change to assembly ASM-9938. Test bench data shows the alternator missing target cycle times; Quality Assurance is submitting a change request against part PN-72055 to restore rated performance.
ECN-000475,2025-03-03,3,Mar 2025,ECN Database,Regulatory Compliance,Final Release,8.03,8,False,False,False,True,True,True,True,PN-13862,ASM-5590,Field Service,steering valve block,Non-Conformance Report NCR-00475: Regulatory bulletin requires updated emissions documentation for the steering valve block (part PN-13862); Field Service is initiating a compliance-driven engineering change to assembly ASM-5590.
ECN-000857,2025-05-08,5,May 2025,CAD,Safety-Critical,Quality Approval,7.11,3,True,False,False,True,True,True,True,PN-20828,ASM-8027,Field Service,cooling fan clutch,"Non-Conformance Report NCR-00857: Field service report flags a potential failure mode in the cooling fan clutch (assembly ASM-8027, part PN-20828) that could compromise operator safety under high-load conditions; Field Service has requested an urgent design review."
ECN-000748,2025-04-13,4,Apr 2025,ECN Database,Cost-Driven,Manufacturing,14.46,4,True,True,False,True,True,True,True,PN-12817,ASM-3884,Quality Assurance,boom cylinder,Non-Conformance Report NCR-00748: Engineering comment: value-engineering review of the boom cylinder identifies part PN-12817 as a candidate for redesign to reduce unit cost; Quality Assurance to submit change request. Impact assessment on related assemblies is still in progress.
ECN-000253,2025-02-05,2,Feb 2025,ECN Database,Performance-Related,Manufacturing,18.71,2,True,True,False,True,True,True,True,PN-63948,ASM-1971,Hydraulics Engineering,transmission control unit,Non-Conformance Report NCR-00253: Field service report notes reduced output from the transmission control unit; Hydraulics Engineering traces the root cause to part PN-63948 tolerance drift and requests a performance-related revision to assembly ASM-1971. Additional supporting documentation has been attached to the ECN record.
ECN-000022,2025-01-09,1,Jan 2025,MMS,Performance-Related,Manufacturing,7.1,3,False,False,False,True,True,True,True,PN-73092,ASM-4502,Regulatory Affairs,final drive assembly,Supplier Communication SC-00022: Field service report notes reduced output from the final drive assembly; Regulatory Affairs traces the root cause to part PN-73092 tolerance drift and requests a performance-related revision to assembly ASM-4502. This item is currently pending review by the change control board.
ECN-000460,2025-03-20,3,Mar 2025,ECN Database,Cost-Driven,Manufacturing,15.95,10,True,False,False,True,True,True,True,PN-62402,ASM-4562,Hydraulics Engineering,cooling fan clutch,Maintenance Log #00460: Procurement flags rising cost of PN-62402 used in the cooling fan clutch; Hydraulics Engineering requests a cost-driven change to qualify a second source for assembly ASM-4562. Field service report: customer has asked for a configuration change to the final drive assembly to support a new attachment; Structural Engineering opens a customer-requested engineering change against part PN-62402.
ECN-000277,2025-02-15,2,Feb 2025,CAD,Safety-Critical,Design Review,7.19,2,True,True,False,False,False,True,False,PN-58354,ASM-4287,Structural Engineering,transmission control unit,Non-Conformance Report NCR-00277: Non-conformance report: PN-58354 on the transmission control unit exhibited a crack during fatigue testing. Structural Engineering recommends immediate containment and a safety-critical engineering change to assembly ASM-4287. A follow-up review is scheduled for the next engineering change meeting.
ECN-000956,2025-05-21,5,May 2025,PLM,Customer-Requested,Final Release,8.89,3,True,False,False,True,True,True,True,PN-46416,ASM-7931,Supplier Quality,track undercarriage,Engineering Comment EC-00956: Customer feedback log: fleet operator requests an enhancement to the track undercarriage (part PN-46416) for improved serviceability; Supplier Quality is drafting a customer-requested change to assembly ASM-7931.
ECN-000386,2025-02-13,2,Feb 2025,MMS,Safety-Critical,Design Review,14.45,2,False,False,False,True,True,True,True,PN-38681,ASM-8989,Manufacturing Engineering,cab HVAC unit,"Field Service Report FSR-00386: Field service report flags a potential failure mode in the cab HVAC unit (assembly ASM-8989, part PN-38681) that could compromise operator safety under high-load conditions; Manufacturing Engineering has requested an urgent design review. Regulatory bulletin requires updated emissions documentation for the hydraulic pump (part PN-38681); Supplier Quality is initiating a compliance-driven engineering change to assembly ASM-8989."
ECN-000806,2025-05-30,5,May 2025,MMS,Safety-Critical,Final Release,22.98,3,True,False,False,True,True,True,True,PN-10951,ASM-7154,Supplier Quality,engine control module,Field Service Report FSR-00806: Maintenance log entry: repeated overheating observed on engine control module (part PN-10951) across three units in the field; escalated to Supplier Quality as a safety-critical change request.
ECN-000344,2025-02-02,2,Feb 2025,PLM,Cost-Driven,Quality Approval,37.92,6,False,True,True,True,True,True,True,PN-13777,ASM-3140,Manufacturing Engineering,track undercarriage,Supplier Communication SC-00344: Engineering comment: value-engineering review of the track undercarriage identifies part PN-13777 as a candidate for redesign to reduce unit cost; Manufacturing Engineering to submit change request. The change request has been logged in the PLM system for tracking.
ECN-000770,2025-04-21,4,Apr 2025,MMS,Customer-Requested,Design Review,9.3,3,False,False,False,True,True,True,True,PN-53108,ASM-9043,Supplier Quality,track undercarriage,Field Service Report FSR-00770: Field service report: customer has asked for a configuration change to the track undercarriage to support a new attachment; Supplier Quality opens a customer-requested engineering change against part PN-53108. This item is currently pending review by the change control board.
ECN-000131,2025-01-28,1,Jan 2025,ERP,Performance-Related,Manufacturing,10.25,3,True,False,False,True,True,True,True,PN-53213,ASM-2548,Manufacturing Engineering,steering valve block,Engineering Comment EC-00131: Test bench data shows the steering valve block missing target cycle times; Manufacturing Engineering is submitting a change request against part PN-53213 to restore rated performance. Impact assessment on related assemblies is still in progress.
ECN-000872,2025-05-24,5,May 2025,ERP,Safety-Critical,Final Release,13.89,1,True,False,False,True,True,True,True,PN-58380,ASM-6317,Manufacturing Engineering,hydraulic pump,"Field Service Report FSR-00872: Field service report flags a potential failure mode in the hydraulic pump (assembly ASM-6317, part PN-58380) that could compromise operator safety under high-load conditions; Manufacturing Engineering has requested an urgent design review."
ECN-001124,2025-06-06,6,Jun 2025,Supplier Portal,Cost-Driven,Manufacturing,16.89,3,True,False,False,True,True,True,True,PN-48249,ASM-6166,Manufacturing Engineering,transmission control unit,Engineering Comment EC-01124: Engineering comment: value-engineering review of the transmission control unit identifies part PN-48249 as a candidate for redesign to reduce unit cost; Manufacturing Engineering to submit change request. A follow-up review is scheduled for the next engineering change meeting.
ECN-000088,2025-01-17,1,Jan 2025,MMS,Regulatory Compliance,Manufacturing,13.7,1,False,False,False,True,False,True,True,PN-16028,ASM-6314,Field Service,alternator,Non-Conformance Report NCR-00088: Regulatory bulletin requires updated emissions documentation for the alternator (part PN-16028); Field Service is initiating a compliance-driven engineering change to assembly ASM-6314. Additional supporting documentation has been attached to the ECN record.
ECN-000331,2025-02-01,2,Feb 2025,PLM,Cost-Driven,Final Release,6.92,6,True,False,False,True,True,True,True,PN-30766,ASM-9021,Quality Assurance,boom cylinder,Supplier Communication SC-00331: Supplier communication from Vantage Electronics proposes an alternate source for PN-30766 on the boom cylinder at a 12% cost reduction; Quality Assurance is evaluating a cost-driven engineering change to assembly ASM-9021. Supplier communication forwards a customer complaint about PN-30766 wear rate on the track undercarriage; Regulatory Affairs is preparing a customer-driven revision to assembly ASM-9021.
ECN-000467,2025-03-05,3,Mar 2025,MMS,Customer-Requested,Manufacturing,16.7,5,False,False,False,True,True,True,True,PN-32184,ASM-6729,Powertrain Engineering,exhaust aftertreatment system,Engineering Comment EC-00467: Supplier communication forwards a customer complaint about PN-32184 wear rate on the exhaust aftertreatment system; Powertrain Engineering is preparing a customer-driven revision to assembly ASM-6729.
ECN-000122,2025-01-14,1,Jan 2025,Supplier Portal,Cost-Driven,Design Review,25.13,4,True,True,False,True,True,True,True,PN-32527,ASM-8538,Powertrain Engineering,track undercarriage,Non-Conformance Report NCR-00122: Procurement flags rising cost of PN-32527 used in the track undercarriage; Powertrain Engineering requests a cost-driven change to qualify a second source for assembly ASM-8538. This item is currently pending review by the change control board.
ECN-001045,2025-06-22,6,Jun 2025,PLM,Safety-Critical,Manufacturing,6.44,4,True,False,False,True,True,True,True,PN-30542,ASM-9307,Hydraulics Engineering,alternator,Engineering Comment EC-01045: Non-conformance report: PN-30542 on the alternator exhibited a crack during fatigue testing. Hydraulics Engineering recommends immediate containment and a safety-critical engineering change to assembly ASM-9307.
ECN-001096,2025-06-19,6,Jun 2025,ECN Database,Cost-Driven,Quality Approval,5.51,1,True,False,False,True,True,True,True,PN-81667,ASM-4050,Quality Assurance,cooling fan clutch,Engineering Comment EC-01096: Supplier communication from Northgate Castings proposes an alternate source for PN-81667 on the cooling fan clutch at a 12% cost reduction; Quality Assurance is evaluating a cost-driven engineering change to assembly ASM-4050.
ECN-001131,2025-06-28,6,Jun 2025,ERP,Regulatory Compliance,Design Review,4.63,5,True,False,False,True,True,True,True,PN-84620,ASM-8731,Supplier Quality,exhaust aftertreatment system,"Non-Conformance Report NCR-01131: Supplier communication from Continental Driveline Systems indicates a material certification gap on PN-84620; Supplier Quality requests a compliance change to the exhaust aftertreatment system. Field service report flags a potential failure mode in the alternator (assembly ASM-8731, part PN-84620) that could compromise operator safety under high-load conditions; Regulatory Affairs has requested an urgent design review."
ECN-000861,2025-05-02,5,May 2025,PLM,Cost-Driven,Quality Approval,6.38,3,True,True,False,True,True,True,True,PN-57654,ASM-5596,Hydraulics Engineering,cooling fan clutch,Non-Conformance Report NCR-00861: Engineering comment: value-engineering review of the cooling fan clutch identifies part PN-57654 as a candidate for redesign to reduce unit cost; Hydraulics Engineering to submit change request. This item is currently pending review by the change control board.
ECN-001127,2025-06-17,6,Jun 2025,Supplier Portal,Customer-Requested,Manufacturing,5.69,2,True,False,False,True,True,True,True,PN-88544,ASM-5569,Supplier Quality,fuel injection system,Field Service Report FSR-01127: Field service report: customer has asked for a configuration change to the fuel injection system to support a new attachment; Supplier Quality opens a customer-requested engineering change against part PN-88544.
